year,value
2017,185796.4816698329
2018,189321.04704052518
2019,192162.95495400002
2020,230318.2835657257
2021,218137.32717244074
2022,251895.02559730486
