year,value
2017,8578.33462929764
2018,11332.978141001484
2019,13583.218175
2020,8761.52685393901
2021,10117.779033882765
2022,10650.62170194204
