year,value
2017,117516.92686741671
2018,122978.51118723732
2019,129823.387653
2020,136864.86461274492
2021,141883.0206178799
2022,156307.9564340129
