year,value
2017,40900.276367165265
2018,40398.09934421819
2019,40815.58
2020,48134.19746681395
2021,49008.27553169915
2022,48856.0993227269
