year,value
2017,114214.3211714129
2018,119081.40010232071
2019,125929.943097
2020,133079.5970868716
2021,137916.93271066452
2022,152194.86852946808
