year,value
2017,91107.08513418805
2018,83054.8044165147
2019,89535.822423
2020,112249.72414682234
2021,92822.86301333497
2022,100871.56396162046
