year,value
2017,33287.93147714184
2018,33898.70159857337
2019,27468.005523
2020,51393.40086475302
2021,38369.83260376145
2022,47551.77233705901
