year,value
2017,194956.40014410732
2018,190788.9452320169
2019,190910.53
2020,216848.0847248457
2021,215496.84979666836
2022,264472.8433181615
