year,iso_code,country,creditor_iso_code,creditor,debt_type,prices,units,value
2023,AFG,Afghanistan,ITA,Italy,Bilateral,constant,USD million,56.7869
2024,AFG,Afghanistan,ITA,Italy,Bilateral,constant,USD million,
2025,AFG,Afghanistan,ITA,Italy,Bilateral,constant,USD million,
2023,AFG,Afghanistan,SAU,Saudi Arabia,Bilateral,constant,USD million,18.5725
2024,AFG,Afghanistan,SAU,Saudi Arabia,Bilateral,constant,USD million,
2025,AFG,Afghanistan,SAU,Saudi Arabia,Bilateral,constant,USD million,
2015,ALB,Albania,AUT,Austria,Bilateral,constant,USD million,1.144
2022,ALB,Albania,FRA,France,Bilateral,constant,USD million,59.2989
2023,ALB,Albania,FRA,France,Bilateral,constant,USD million,23.6824
2024,ALB,Albania,FRA,France,Bilateral,constant,USD million,17.5473
2025,ALB,Albania,FRA,France,Bilateral,constant,USD million,9.0398
2015,ALB,Albania,DEU,"Germany, Fed. Rep. of",Bilateral,constant,USD million,41.0923
2016,ALB,Albania,DEU,"Germany, Fed. Rep. of",Bilateral,constant,USD million,35.0679
2017,ALB,Albania,DEU,"Germany, Fed. Rep. of",Bilateral,constant,USD million,11.125
2018,ALB,Albania,DEU,"Germany, Fed. Rep. of",Bilateral,constant,USD million,10.0044
2019,ALB,Albania,DEU,"Germany, Fed. Rep. of",Bilateral,constant,USD million,17.1942
2020,ALB,Albania,DEU,"Germany, Fed. Rep. of",Bilateral,constant,USD million,23.6
2021,ALB,Albania,DEU,"Germany, Fed. Rep. of",Bilateral,constant,USD million,118.2755
2022,ALB,Albania,DEU,"Germany, Fed. Rep. of",Bilateral,constant,USD million,19.3346
2023,ALB,Albania,DEU,"Germany, Fed. Rep. of",Bilateral,constant,USD million,96.385
2024,ALB,Albania,DEU,"Germany, Fed. Rep. of",Bilateral,constant,USD million,73.0763
2025,ALB,Albania,DEU,"Germany, Fed. Rep. of",Bilateral,constant,USD million,36.6975
2015,ALB,Albania,ITA,Italy,Bilateral,constant,USD million,1.4214
2018,ALB,Albania,ITA,Italy,Bilateral,constant,USD million,0.0614
2022,ALB,Albania,ITA,Italy,Bilateral,constant,USD million,0.1961
2023,ALB,Albania,ITA,Italy,Bilateral,constant,USD million,10.8236
2024,ALB,Albania,ITA,Italy,Bilateral,constant,USD million,5.2663
2025,ALB,Albania,ITA,Italy,Bilateral,constant,USD million,2.6304
2023,ALB,Albania,JPN,Japan,Bilateral,constant,USD million,6.9781
2024,ALB,Albania,JPN,Japan,Bilateral,constant,USD million,2.6969
2025,ALB,Albania,JPN,Japan,Bilateral,constant,USD million,1.3014
2015,ALB,Albania,KWT,Kuwait,Bilateral,constant,USD million,1.0371
2016,ALB,Albania,KWT,Kuwait,Bilateral,constant,USD million,0.4761
2018,ALB,Albania,KWT,Kuwait,Bilateral,constant,USD million,6.0461
2019,ALB,Albania,KWT,Kuwait,Bilateral,constant,USD million,8.9661
2020,ALB,Albania,KWT,Kuwait,Bilateral,constant,USD million,15.6631
2021,ALB,Albania,KWT,Kuwait,Bilateral,constant,USD million,10.6886
2022,ALB,Albania,KWT,Kuwait,Bilateral,constant,USD million,7.2545
2023,ALB,Albania,KWT,Kuwait,Bilateral,constant,USD million,0.4709
2024,ALB,Albania,KWT,Kuwait,Bilateral,constant,USD million,0.2831
2015,ALB,Albania,SAU,Saudi Arabia,Bilateral,constant,USD million,1.1405
2016,ALB,Albania,SAU,Saudi Arabia,Bilateral,constant,USD million,3.4552
2017,ALB,Albania,SAU,Saudi Arabia,Bilateral,constant,USD million,10.6722
2018,ALB,Albania,SAU,Saudi Arabia,Bilateral,constant,USD million,5.6435
2019,ALB,Albania,SAU,Saudi Arabia,Bilateral,constant,USD million,2.6804
2020,ALB,Albania,SAU,Saudi Arabia,Bilateral,constant,USD million,0.2325
2021,ALB,Albania,SAU,Saudi Arabia,Bilateral,constant,USD million,0.0273
2022,ALB,Albania,SAU,Saudi Arabia,Bilateral,constant,USD million,0.1293
2023,ALB,Albania,SAU,Saudi Arabia,Bilateral,constant,USD million,10.7537
2024,ALB,Albania,SAU,Saudi Arabia,Bilateral,constant,USD million,16.9283
2025,ALB,Albania,SAU,Saudi Arabia,Bilateral,constant,USD million,10.2463
2015,ALB,Albania,ARE,United Arab Emirates,Bilateral,constant,USD million,9.7141
2016,ALB,Albania,ARE,United Arab Emirates,Bilateral,constant,USD million,15.4401
2017,ALB,Albania,ARE,United Arab Emirates,Bilateral,constant,USD million,13.2848
2018,ALB,Albania,ARE,United Arab Emirates,Bilateral,constant,USD million,8.1286
2019,ALB,Albania,ARE,United Arab Emirates,Bilateral,constant,USD million,8.7596
2020,ALB,Albania,ARE,United Arab Emirates,Bilateral,constant,USD million,0.8967
2021,ALB,Albania,ARE,United Arab Emirates,Bilateral,constant,USD million,0.9739
2023,ALB,Albania,ARE,United Arab Emirates,Bilateral,constant,USD million,0.0347
2024,ALB,Albania,ARE,United Arab Emirates,Bilateral,constant,USD million,0.0209
2023,DZA,Algeria,FRA,France,Bilateral,constant,USD million,0.513
2024,DZA,Algeria,FRA,France,Bilateral,constant,USD million,0.2235
2025,DZA,Algeria,FRA,France,Bilateral,constant,USD million,0.0907
2023,DZA,Algeria,ITA,Italy,Bilateral,constant,USD million,4.4501
2024,DZA,Algeria,ITA,Italy,Bilateral,constant,USD million,2.5087
2025,DZA,Algeria,ITA,Italy,Bilateral,constant,USD million,1.2723
2023,DZA,Algeria,JPN,Japan,Bilateral,constant,USD million,1.9733
2024,DZA,Algeria,JPN,Japan,Bilateral,constant,USD million,0.8274
2025,DZA,Algeria,JPN,Japan,Bilateral,constant,USD million,0.2398
2023,DZA,Algeria,SAU,Saudi Arabia,Bilateral,constant,USD million,0.0052
2024,DZA,Algeria,SAU,Saudi Arabia,Bilateral,constant,USD million,0.0033
2015,DZA,Algeria,ESP,Spain,Bilateral,constant,USD million,0.003
2017,DZA,Algeria,ESP,Spain,Bilateral,constant,USD million,0.5691
2015,AGO,Angola,BRA,Brazil,Bilateral,constant,USD million,44.362
2017,AGO,Angola,BRA,Brazil,Bilateral,constant,USD million,13.2592
2018,AGO,Angola,BRA,Brazil,Bilateral,constant,USD million,17.6209
2016,AGO,Angola,CAN,Canada,Bilateral,constant,USD million,206.8144
2017,AGO,Angola,CAN,Canada,Bilateral,constant,USD million,112.3558
2019,AGO,Angola,CAN,Canada,Bilateral,constant,USD million,108.4317
2015,AGO,Angola,CHN,China,Bilateral,constant,USD million,399.99
2016,AGO,Angola,CHN,China,Bilateral,constant,USD million,824.7948
2017,AGO,Angola,CHN,China,Bilateral,constant,USD million,340.8077
2018,AGO,Angola,CHN,China,Bilateral,constant,USD million,2406.2493
2019,AGO,Angola,CHN,China,Bilateral,constant,USD million,354.5974
2020,AGO,Angola,CHN,China,Bilateral,constant,USD million,374.0609
2022,AGO,Angola,CHN,China,Bilateral,constant,USD million,134.5559
2023,AGO,Angola,CHN,China,Bilateral,constant,USD million,3510.1729
2024,AGO,Angola,CHN,China,Bilateral,constant,USD million,1499.0185
2025,AGO,Angola,CHN,China,Bilateral,constant,USD million,618.2146
2019,AGO,Angola,FRA,France,Bilateral,constant,USD million,0.9462
2020,AGO,Angola,FRA,France,Bilateral,constant,USD million,0.4856
2022,AGO,Angola,FRA,France,Bilateral,constant,USD million,58.0025
2023,AGO,Angola,FRA,France,Bilateral,constant,USD million,207.6368
2024,AGO,Angola,FRA,France,Bilateral,constant,USD million,122.7103
2025,AGO,Angola,FRA,France,Bilateral,constant,USD million,57.7863
2016,AGO,Angola,IND,India,Bilateral,constant,USD million,18.0324
2017,AGO,Angola,IND,India,Bilateral,constant,USD million,1.4548
2023,AGO,Angola,ITA,Italy,Bilateral,constant,USD million,1.2912
2024,AGO,Angola,ITA,Italy,Bilateral,constant,USD million,0.3201
2015,AGO,Angola,JPN,Japan,Bilateral,constant,USD million,152.2147
2016,AGO,Angola,JPN,Japan,Bilateral,constant,USD million,13.474
2017,AGO,Angola,JPN,Japan,Bilateral,constant,USD million,20.44
2018,AGO,Angola,JPN,Japan,Bilateral,constant,USD million,9.9538
2019,AGO,Angola,KOR,"Korea, Republic of",Bilateral,constant,USD million,11.7413
2020,AGO,Angola,KOR,"Korea, Republic of",Bilateral,constant,USD million,149.2796
2023,AGO,Angola,KOR,"Korea, Republic of",Bilateral,constant,USD million,8.0965
2024,AGO,Angola,KOR,"Korea, Republic of",Bilateral,constant,USD million,5.7825
2025,AGO,Angola,KOR,"Korea, Republic of",Bilateral,constant,USD million,4.235
2018,AGO,Angola,ZAF,South Africa,Bilateral,constant,USD million,84.3859
2020,AGO,Angola,ZAF,South Africa,Bilateral,constant,USD million,124.5779
2021,AGO,Angola,ZAF,South Africa,Bilateral,constant,USD million,136.9081
2022,AGO,Angola,ZAF,South Africa,Bilateral,constant,USD million,9.522
2023,AGO,Angola,ZAF,South Africa,Bilateral,constant,USD million,15.3226
2024,AGO,Angola,ZAF,South Africa,Bilateral,constant,USD million,6.3302
2025,AGO,Angola,ZAF,South Africa,Bilateral,constant,USD million,3.7351
2015,ARG,Argentina,BRA,Brazil,Bilateral,constant,USD million,326.8478
2016,ARG,Argentina,BRA,Brazil,Bilateral,constant,USD million,111.6127
2019,ARG,Argentina,BRA,Brazil,Bilateral,constant,USD million,119.1077
2015,ARG,Argentina,CHN,China,Bilateral,constant,USD million,1107.767
2016,ARG,Argentina,CHN,China,Bilateral,constant,USD million,181.1185
2017,ARG,Argentina,CHN,China,Bilateral,constant,USD million,1070.5909
2018,ARG,Argentina,CHN,China,Bilateral,constant,USD million,471.4083
2019,ARG,Argentina,CHN,China,Bilateral,constant,USD million,494.2632
2020,ARG,Argentina,CHN,China,Bilateral,constant,USD million,95.9685
2021,ARG,Argentina,CHN,China,Bilateral,constant,USD million,136.8315
2022,ARG,Argentina,CHN,China,Bilateral,constant,USD million,439.6153
2023,ARG,Argentina,CHN,China,Bilateral,constant,USD million,1878.0957
2024,ARG,Argentina,CHN,China,Bilateral,constant,USD million,844.6723
2025,ARG,Argentina,CHN,China,Bilateral,constant,USD million,371.9994
2018,ARG,Argentina,FRA,France,Bilateral,constant,USD million,6.0056
2021,ARG,Argentina,FRA,France,Bilateral,constant,USD million,4.4862
2022,ARG,Argentina,FRA,France,Bilateral,constant,USD million,7.366
2023,ARG,Argentina,FRA,France,Bilateral,constant,USD million,22.6706
2024,ARG,Argentina,FRA,France,Bilateral,constant,USD million,12.6201
2025,ARG,Argentina,FRA,France,Bilateral,constant,USD million,6.1986
2023,ARG,Argentina,ITA,Italy,Bilateral,constant,USD million,15.5627
2024,ARG,Argentina,ITA,Italy,Bilateral,constant,USD million,11.001
2025,ARG,Argentina,ITA,Italy,Bilateral,constant,USD million,7.5985
2018,ARG,Argentina,JPN,Japan,Bilateral,constant,USD million,8.8349
2019,ARG,Argentina,JPN,Japan,Bilateral,constant,USD million,62.0006
2015,ARG,Argentina,KWT,Kuwait,Bilateral,constant,USD million,3.015
2016,ARG,Argentina,KWT,Kuwait,Bilateral,constant,USD million,5.5161
2017,ARG,Argentina,KWT,Kuwait,Bilateral,constant,USD million,6.8256
2018,ARG,Argentina,KWT,Kuwait,Bilateral,constant,USD million,15.5335
2019,ARG,Argentina,KWT,Kuwait,Bilateral,constant,USD million,24.0972
2020,ARG,Argentina,KWT,Kuwait,Bilateral,constant,USD million,11.4335
2021,ARG,Argentina,KWT,Kuwait,Bilateral,constant,USD million,8.4675
2022,ARG,Argentina,KWT,Kuwait,Bilateral,constant,USD million,31.4801
2023,ARG,Argentina,KWT,Kuwait,Bilateral,constant,USD million,29.6185
2024,ARG,Argentina,KWT,Kuwait,Bilateral,constant,USD million,16.0142
2025,ARG,Argentina,KWT,Kuwait,Bilateral,constant,USD million,7.0167
2017,ARG,Argentina,ARE,United Arab Emirates,Bilateral,constant,USD million,0.3179
2018,ARG,Argentina,ARE,United Arab Emirates,Bilateral,constant,USD million,0.0808
2019,ARG,Argentina,ARE,United Arab Emirates,Bilateral,constant,USD million,1.5452
2020,ARG,Argentina,ARE,United Arab Emirates,Bilateral,constant,USD million,41.5412
2021,ARG,Argentina,ARE,United Arab Emirates,Bilateral,constant,USD million,31.1268
2022,ARG,Argentina,ARE,United Arab Emirates,Bilateral,constant,USD million,27.5658
2023,ARG,Argentina,ARE,United Arab Emirates,Bilateral,constant,USD million,7.7779
2024,ARG,Argentina,ARE,United Arab Emirates,Bilateral,constant,USD million,4.4544
2025,ARG,Argentina,ARE,United Arab Emirates,Bilateral,constant,USD million,0.9846
2015,ARG,Argentina,USA,United States,Bilateral,constant,USD million,0.742
2015,ARM,Armenia,CHN,China,Bilateral,constant,USD million,21.2422
2016,ARM,Armenia,CHN,China,Bilateral,constant,USD million,3.501
2016,ARM,Armenia,FRA,France,Bilateral,constant,USD million,11.0959
2017,ARM,Armenia,FRA,France,Bilateral,constant,USD million,27.8547
2018,ARM,Armenia,FRA,France,Bilateral,constant,USD million,10.2084
2019,ARM,Armenia,FRA,France,Bilateral,constant,USD million,3.1755
2020,ARM,Armenia,FRA,France,Bilateral,constant,USD million,9.7195
2021,ARM,Armenia,FRA,France,Bilateral,constant,USD million,7.5497
2022,ARM,Armenia,FRA,France,Bilateral,constant,USD million,82.2591
2023,ARM,Armenia,FRA,France,Bilateral,constant,USD million,2.7323
2024,ARM,Armenia,FRA,France,Bilateral,constant,USD million,0.6909
2015,ARM,Armenia,DEU,"Germany, Fed. Rep. of",Bilateral,constant,USD million,14.4823
2016,ARM,Armenia,DEU,"Germany, Fed. Rep. of",Bilateral,constant,USD million,32.4999
2017,ARM,Armenia,DEU,"Germany, Fed. Rep. of",Bilateral,constant,USD million,82.0344
2018,ARM,Armenia,DEU,"Germany, Fed. Rep. of",Bilateral,constant,USD million,82.0599
2019,ARM,Armenia,DEU,"Germany, Fed. Rep. of",Bilateral,constant,USD million,69.0624
2020,ARM,Armenia,DEU,"Germany, Fed. Rep. of",Bilateral,constant,USD million,23.8484
2021,ARM,Armenia,DEU,"Germany, Fed. Rep. of",Bilateral,constant,USD million,143.3619
2022,ARM,Armenia,DEU,"Germany, Fed. Rep. of",Bilateral,constant,USD million,85.4365
2023,ARM,Armenia,DEU,"Germany, Fed. Rep. of",Bilateral,constant,USD million,70.5323
2024,ARM,Armenia,DEU,"Germany, Fed. Rep. of",Bilateral,constant,USD million,60.1292
2025,ARM,Armenia,DEU,"Germany, Fed. Rep. of",Bilateral,constant,USD million,31.4841
2015,ARM,Armenia,RUS,Russian Federation,Bilateral,constant,USD million,7.766
2016,ARM,Armenia,RUS,Russian Federation,Bilateral,constant,USD million,48.778
2017,ARM,Armenia,RUS,Russian Federation,Bilateral,constant,USD million,193.5188
2018,ARM,Armenia,RUS,Russian Federation,Bilateral,constant,USD million,78.0902
2019,ARM,Armenia,RUS,Russian Federation,Bilateral,constant,USD million,96.9068
2021,ARM,Armenia,RUS,Russian Federation,Bilateral,constant,USD million,31.1732
2015,ARM,Armenia,ARE,United Arab Emirates,Bilateral,constant,USD million,1.3263
2016,ARM,Armenia,ARE,United Arab Emirates,Bilateral,constant,USD million,0.8851
2019,AZE,Azerbaijan,FRA,France,Bilateral,constant,USD million,20.7028
2020,AZE,Azerbaijan,FRA,France,Bilateral,constant,USD million,95.5552
2021,AZE,Azerbaijan,FRA,France,Bilateral,constant,USD million,32.6023
2022,AZE,Azerbaijan,FRA,France,Bilateral,constant,USD million,13.2748
2023,AZE,Azerbaijan,FRA,France,Bilateral,constant,USD million,17.5862
2024,AZE,Azerbaijan,FRA,France,Bilateral,constant,USD million,8.6519
2025,AZE,Azerbaijan,FRA,France,Bilateral,constant,USD million,1.6022
2015,AZE,Azerbaijan,DEU,"Germany, Fed. Rep. of",Bilateral,constant,USD million,3.2533
2016,AZE,Azerbaijan,DEU,"Germany, Fed. Rep. of",Bilateral,constant,USD million,12.9956
2017,AZE,Azerbaijan,DEU,"Germany, Fed. Rep. of",Bilateral,constant,USD million,20.8767
2018,AZE,Azerbaijan,DEU,"Germany, Fed. Rep. of",Bilateral,constant,USD million,35.9142
2019,AZE,Azerbaijan,DEU,"Germany, Fed. Rep. of",Bilateral,constant,USD million,44.6214
2020,AZE,Azerbaijan,DEU,"Germany, Fed. Rep. of",Bilateral,constant,USD million,19.367
2023,AZE,Azerbaijan,DEU,"Germany, Fed. Rep. of",Bilateral,constant,USD million,0.2535
2024,AZE,Azerbaijan,DEU,"Germany, Fed. Rep. of",Bilateral,constant,USD million,0.1668
2023,AZE,Azerbaijan,JPN,Japan,Bilateral,constant,USD million,0.1183
2024,AZE,Azerbaijan,JPN,Japan,Bilateral,constant,USD million,0.0778
2023,AZE,Azerbaijan,KOR,"Korea, Republic of",Bilateral,constant,USD million,0.0095
2024,AZE,Azerbaijan,KOR,"Korea, Republic of",Bilateral,constant,USD million,0.0063
2019,AZE,Azerbaijan,RUS,Russian Federation,Bilateral,constant,USD million,288.7625
2015,AZE,Azerbaijan,SAU,Saudi Arabia,Bilateral,constant,USD million,5.7376
2016,AZE,Azerbaijan,SAU,Saudi Arabia,Bilateral,constant,USD million,6.631
2017,AZE,Azerbaijan,SAU,Saudi Arabia,Bilateral,constant,USD million,14.7881
2018,AZE,Azerbaijan,SAU,Saudi Arabia,Bilateral,constant,USD million,12.2497
2019,AZE,Azerbaijan,SAU,Saudi Arabia,Bilateral,constant,USD million,27.9673
2016,BGD,Bangladesh,BLR,Belarus,Bilateral,constant,USD million,41.8806
2017,BGD,Bangladesh,BLR,Belarus,Bilateral,constant,USD million,5.1062
2015,BGD,Bangladesh,CHN,China,Bilateral,constant,USD million,58.1368
2016,BGD,Bangladesh,CHN,China,Bilateral,constant,USD million,95.1812
2017,BGD,Bangladesh,CHN,China,Bilateral,constant,USD million,343.1522
2018,BGD,Bangladesh,CHN,China,Bilateral,constant,USD million,1650.8626
2019,BGD,Bangladesh,CHN,China,Bilateral,constant,USD million,531.9208
2020,BGD,Bangladesh,CHN,China,Bilateral,constant,USD million,795.8221
2021,BGD,Bangladesh,CHN,China,Bilateral,constant,USD million,594.2415
2022,BGD,Bangladesh,CHN,China,Bilateral,constant,USD million,864.1805
2023,BGD,Bangladesh,CHN,China,Bilateral,constant,USD million,1362.513
2024,BGD,Bangladesh,CHN,China,Bilateral,constant,USD million,1167.7703
2025,BGD,Bangladesh,CHN,China,Bilateral,constant,USD million,591.9134
2016,BGD,Bangladesh,FRA,France,Bilateral,constant,USD million,11.7905
2017,BGD,Bangladesh,FRA,France,Bilateral,constant,USD million,20.181
2018,BGD,Bangladesh,FRA,France,Bilateral,constant,USD million,41.1496
2019,BGD,Bangladesh,FRA,France,Bilateral,constant,USD million,50.9592
2020,BGD,Bangladesh,FRA,France,Bilateral,constant,USD million,4.151
2021,BGD,Bangladesh,FRA,France,Bilateral,constant,USD million,76.5181
2022,BGD,Bangladesh,FRA,France,Bilateral,constant,USD million,28.3962
2023,BGD,Bangladesh,FRA,France,Bilateral,constant,USD million,187.9057
2024,BGD,Bangladesh,FRA,France,Bilateral,constant,USD million,168.6417
2025,BGD,Bangladesh,FRA,France,Bilateral,constant,USD million,90.865
2018,BGD,Bangladesh,DEU,"Germany, Fed. Rep. of",Bilateral,constant,USD million,6.9661
2019,BGD,Bangladesh,DEU,"Germany, Fed. Rep. of",Bilateral,constant,USD million,15.235
2020,BGD,Bangladesh,DEU,"Germany, Fed. Rep. of",Bilateral,constant,USD million,28.5058
2021,BGD,Bangladesh,DEU,"Germany, Fed. Rep. of",Bilateral,constant,USD million,15.4857
2022,BGD,Bangladesh,DEU,"Germany, Fed. Rep. of",Bilateral,constant,USD million,24.6395
2023,BGD,Bangladesh,DEU,"Germany, Fed. Rep. of",Bilateral,constant,USD million,165.0425
2024,BGD,Bangladesh,DEU,"Germany, Fed. Rep. of",Bilateral,constant,USD million,158.6036
2025,BGD,Bangladesh,DEU,"Germany, Fed. Rep. of",Bilateral,constant,USD million,88.5119
2023,BGD,Bangladesh,IND,India,Bilateral,constant,USD million,1317.7467
2024,BGD,Bangladesh,IND,India,Bilateral,constant,USD million,1092.3081
2025,BGD,Bangladesh,IND,India,Bilateral,constant,USD million,785.9167
2015,BGD,Bangladesh,JPN,Japan,Bilateral,constant,USD million,13.4675
2016,BGD,Bangladesh,JPN,Japan,Bilateral,constant,USD million,4.2756
2017,BGD,Bangladesh,JPN,Japan,Bilateral,constant,USD million,2.2918
2018,BGD,Bangladesh,JPN,Japan,Bilateral,constant,USD million,45.4632
2023,BGD,Bangladesh,JPN,Japan,Bilateral,constant,USD million,1851.688
2024,BGD,Bangladesh,JPN,Japan,Bilateral,constant,USD million,1799.4131
2025,BGD,Bangladesh,JPN,Japan,Bilateral,constant,USD million,1091.6425
2023,BGD,Bangladesh,KOR,"Korea, Republic of",Bilateral,constant,USD million,62.5846
2024,BGD,Bangladesh,KOR,"Korea, Republic of",Bilateral,constant,USD million,53.0706
2025,BGD,Bangladesh,KOR,"Korea, Republic of",Bilateral,constant,USD million,33.9153
2015,BGD,Bangladesh,KWT,Kuwait,Bilateral,constant,USD million,5.8472
2016,BGD,Bangladesh,KWT,Kuwait,Bilateral,constant,USD million,25.2506
2017,BGD,Bangladesh,KWT,Kuwait,Bilateral,constant,USD million,6.144
2018,BGD,Bangladesh,KWT,Kuwait,Bilateral,constant,USD million,16.9664
2019,BGD,Bangladesh,KWT,Kuwait,Bilateral,constant,USD million,16.4909
2020,BGD,Bangladesh,KWT,Kuwait,Bilateral,constant,USD million,0.48
2021,BGD,Bangladesh,KWT,Kuwait,Bilateral,constant,USD million,14.3154
2022,BGD,Bangladesh,KWT,Kuwait,Bilateral,constant,USD million,4.7706
2023,BGD,Bangladesh,KWT,Kuwait,Bilateral,constant,USD million,27.3793
2024,BGD,Bangladesh,KWT,Kuwait,Bilateral,constant,USD million,27.46
2025,BGD,Bangladesh,KWT,Kuwait,Bilateral,constant,USD million,15.0842
2016,BGD,Bangladesh,RUS,Russian Federation,Bilateral,constant,USD million,80.7186
2017,BGD,Bangladesh,RUS,Russian Federation,Bilateral,constant,USD million,515.4142
2018,BGD,Bangladesh,RUS,Russian Federation,Bilateral,constant,USD million,868.3619
2019,BGD,Bangladesh,RUS,Russian Federation,Bilateral,constant,USD million,596.0719
2020,BGD,Bangladesh,RUS,Russian Federation,Bilateral,constant,USD million,858.0038
2021,BGD,Bangladesh,RUS,Russian Federation,Bilateral,constant,USD million,935.1984
2022,BGD,Bangladesh,RUS,Russian Federation,Bilateral,constant,USD million,1189.414
2023,BGD,Bangladesh,RUS,Russian Federation,Bilateral,constant,USD million,2799.0099
2024,BGD,Bangladesh,RUS,Russian Federation,Bilateral,constant,USD million,1278.5943
2025,BGD,Bangladesh,RUS,Russian Federation,Bilateral,constant,USD million,481.4854
2015,BGD,Bangladesh,SAU,Saudi Arabia,Bilateral,constant,USD million,0.0091
2016,BGD,Bangladesh,SAU,Saudi Arabia,Bilateral,constant,USD million,58.5637
2017,BGD,Bangladesh,SAU,Saudi Arabia,Bilateral,constant,USD million,25.6494
2018,BGD,Bangladesh,SAU,Saudi Arabia,Bilateral,constant,USD million,14.8372
2019,BGD,Bangladesh,SAU,Saudi Arabia,Bilateral,constant,USD million,18.0462
2020,BGD,Bangladesh,SAU,Saudi Arabia,Bilateral,constant,USD million,8.9152
2021,BGD,Bangladesh,SAU,Saudi Arabia,Bilateral,constant,USD million,7.8072
2022,BGD,Bangladesh,SAU,Saudi Arabia,Bilateral,constant,USD million,8.3956
2023,BGD,Bangladesh,SAU,Saudi Arabia,Bilateral,constant,USD million,30.7109
2024,BGD,Bangladesh,SAU,Saudi Arabia,Bilateral,constant,USD million,24.4268
2025,BGD,Bangladesh,SAU,Saudi Arabia,Bilateral,constant,USD million,12.8016
2016,BGD,Bangladesh,ARE,United Arab Emirates,Bilateral,constant,USD million,21.9913
2017,BGD,Bangladesh,ARE,United Arab Emirates,Bilateral,constant,USD million,1.9911
2018,BGD,Bangladesh,ARE,United Arab Emirates,Bilateral,constant,USD million,3.656
2019,BGD,Bangladesh,ARE,United Arab Emirates,Bilateral,constant,USD million,1.5472
2023,BGD,Bangladesh,ARE,United Arab Emirates,Bilateral,constant,USD million,0.0202
2024,BGD,Bangladesh,ARE,United Arab Emirates,Bilateral,constant,USD million,0.0142
2015,BLR,Belarus,CHN,China,Bilateral,constant,USD million,666.888
2016,BLR,Belarus,CHN,China,Bilateral,constant,USD million,645.97
2017,BLR,Belarus,CHN,China,Bilateral,constant,USD million,634.5821
2018,BLR,Belarus,CHN,China,Bilateral,constant,USD million,799.962
2019,BLR,Belarus,CHN,China,Bilateral,constant,USD million,873.4317
2020,BLR,Belarus,CHN,China,Bilateral,constant,USD million,443.8023
2021,BLR,Belarus,CHN,China,Bilateral,constant,USD million,158.4505
2022,BLR,Belarus,CHN,China,Bilateral,constant,USD million,314.2138
2023,BLR,Belarus,CHN,China,Bilateral,constant,USD million,426.1607
2024,BLR,Belarus,CHN,China,Bilateral,constant,USD million,221.5876
2025,BLR,Belarus,CHN,China,Bilateral,constant,USD million,97.1769
2022,BLR,Belarus,KWT,Kuwait,Bilateral,constant,USD million,3.8411
2023,BLR,Belarus,KWT,Kuwait,Bilateral,constant,USD million,7.2945
2024,BLR,Belarus,KWT,Kuwait,Bilateral,constant,USD million,4.7389
2025,BLR,Belarus,KWT,Kuwait,Bilateral,constant,USD million,2.4062
2015,BLR,Belarus,RUS,Russian Federation,Bilateral,constant,USD million,1571.927
2016,BLR,Belarus,RUS,Russian Federation,Bilateral,constant,USD million,635.2392
2017,BLR,Belarus,RUS,Russian Federation,Bilateral,constant,USD million,1347.1315
2018,BLR,Belarus,RUS,Russian Federation,Bilateral,constant,USD million,850.5107
2019,BLR,Belarus,RUS,Russian Federation,Bilateral,constant,USD million,667.7473
2020,BLR,Belarus,RUS,Russian Federation,Bilateral,constant,USD million,1016.5207
2021,BLR,Belarus,RUS,Russian Federation,Bilateral,constant,USD million,793.3969
2022,BLR,Belarus,RUS,Russian Federation,Bilateral,constant,USD million,1016.8238
2023,BLR,Belarus,RUS,Russian Federation,Bilateral,constant,USD million,871.8364
2024,BLR,Belarus,RUS,Russian Federation,Bilateral,constant,USD million,620.5701
2025,BLR,Belarus,RUS,Russian Federation,Bilateral,constant,USD million,431.3882
2019,BLR,Belarus,ARE,United Arab Emirates,Bilateral,constant,USD million,6.4009
2022,BLR,Belarus,ARE,United Arab Emirates,Bilateral,constant,USD million,7.461
2023,BLR,Belarus,ARE,United Arab Emirates,Bilateral,constant,USD million,4.0093
2024,BLR,Belarus,ARE,United Arab Emirates,Bilateral,constant,USD million,1.8346
2025,BLR,Belarus,ARE,United Arab Emirates,Bilateral,constant,USD million,0.9919
2015,BLZ,Belize,KWT,Kuwait,Bilateral,constant,USD million,0.4421
2016,BLZ,Belize,KWT,Kuwait,Bilateral,constant,USD million,0.7813
2017,BLZ,Belize,KWT,Kuwait,Bilateral,constant,USD million,5.133
2018,BLZ,Belize,KWT,Kuwait,Bilateral,constant,USD million,1.4219
2019,BLZ,Belize,KWT,Kuwait,Bilateral,constant,USD million,3.6402
2020,BLZ,Belize,KWT,Kuwait,Bilateral,constant,USD million,1.8453
2021,BLZ,Belize,KWT,Kuwait,Bilateral,constant,USD million,0.0884
2022,BLZ,Belize,KWT,Kuwait,Bilateral,constant,USD million,1.1693
2023,BLZ,Belize,KWT,Kuwait,Bilateral,constant,USD million,7.01
2024,BLZ,Belize,KWT,Kuwait,Bilateral,constant,USD million,4.1547
2025,BLZ,Belize,KWT,Kuwait,Bilateral,constant,USD million,2.1775
2015,BLZ,Belize,,Multiple Lenders,Bilateral,constant,USD million,10.5
2016,BLZ,Belize,,Multiple Lenders,Bilateral,constant,USD million,9.7944
2017,BLZ,Belize,,Multiple Lenders,Bilateral,constant,USD million,9.9184
2018,BLZ,Belize,,Multiple Lenders,Bilateral,constant,USD million,20.5803
2019,BLZ,Belize,,Multiple Lenders,Bilateral,constant,USD million,17.1128
2020,BLZ,Belize,,Multiple Lenders,Bilateral,constant,USD million,34.6208
2021,BLZ,Belize,,Multiple Lenders,Bilateral,constant,USD million,2.3796
2022,BLZ,Belize,,Multiple Lenders,Bilateral,constant,USD million,3.8764
2023,BLZ,Belize,,Multiple Lenders,Bilateral,constant,USD million,28.2902
2024,BLZ,Belize,,Multiple Lenders,Bilateral,constant,USD million,31.2577
2025,BLZ,Belize,,Multiple Lenders,Bilateral,constant,USD million,16.1982
2019,BEN,Benin,BRA,Brazil,Bilateral,constant,USD million,4.4182
2021,BEN,Benin,BRA,Brazil,Bilateral,constant,USD million,46.036
2022,BEN,Benin,BRA,Brazil,Bilateral,constant,USD million,29.4395
2023,BEN,Benin,BRA,Brazil,Bilateral,constant,USD million,55.0568
2024,BEN,Benin,BRA,Brazil,Bilateral,constant,USD million,22.956
2025,BEN,Benin,BRA,Brazil,Bilateral,constant,USD million,9.6867
2016,BEN,Benin,CHN,China,Bilateral,constant,USD million,22.3097
2017,BEN,Benin,CHN,China,Bilateral,constant,USD million,29.5208
2018,BEN,Benin,CHN,China,Bilateral,constant,USD million,45.8294
2019,BEN,Benin,CHN,China,Bilateral,constant,USD million,3.3335
2021,BEN,Benin,CHN,China,Bilateral,constant,USD million,18.6765
2022,BEN,Benin,CHN,China,Bilateral,constant,USD million,0.2579
2023,BEN,Benin,CHN,China,Bilateral,constant,USD million,84.4903
2024,BEN,Benin,CHN,China,Bilateral,constant,USD million,130.2461
2025,BEN,Benin,CHN,China,Bilateral,constant,USD million,72.9054
2023,BEN,Benin,DNK,Denmark,Bilateral,constant,USD million,39.5295
2024,BEN,Benin,DNK,Denmark,Bilateral,constant,USD million,43.7064
2025,BEN,Benin,DNK,Denmark,Bilateral,constant,USD million,23.9071
2017,BEN,Benin,FRA,France,Bilateral,constant,USD million,5.8638
2018,BEN,Benin,FRA,France,Bilateral,constant,USD million,2.3583
2019,BEN,Benin,FRA,France,Bilateral,constant,USD million,4.0896
2020,BEN,Benin,FRA,France,Bilateral,constant,USD million,12.0032
2021,BEN,Benin,FRA,France,Bilateral,constant,USD million,5.5587
2022,BEN,Benin,FRA,France,Bilateral,constant,USD million,18.9478
2023,BEN,Benin,FRA,France,Bilateral,constant,USD million,121.4072
2024,BEN,Benin,FRA,France,Bilateral,constant,USD million,73.831
2025,BEN,Benin,FRA,France,Bilateral,constant,USD million,40.0317
2015,BEN,Benin,IND,India,Bilateral,constant,USD million,0.14
2017,BEN,Benin,IND,India,Bilateral,constant,USD million,0.5417
2018,BEN,Benin,IND,India,Bilateral,constant,USD million,0.2225
2019,BEN,Benin,IND,India,Bilateral,constant,USD million,0.0099
2021,BEN,Benin,IND,India,Bilateral,constant,USD million,35.2289
2022,BEN,Benin,IND,India,Bilateral,constant,USD million,1.2893
2023,BEN,Benin,IND,India,Bilateral,constant,USD million,7.2254
2024,BEN,Benin,IND,India,Bilateral,constant,USD million,14.3911
2025,BEN,Benin,IND,India,Bilateral,constant,USD million,7.9163
2015,BEN,Benin,KWT,Kuwait,Bilateral,constant,USD million,6.6384
2016,BEN,Benin,KWT,Kuwait,Bilateral,constant,USD million,4.4267
2017,BEN,Benin,KWT,Kuwait,Bilateral,constant,USD million,2.7544
2018,BEN,Benin,KWT,Kuwait,Bilateral,constant,USD million,0.1141
2019,BEN,Benin,KWT,Kuwait,Bilateral,constant,USD million,0.0746
2021,BEN,Benin,KWT,Kuwait,Bilateral,constant,USD million,0.7035
2022,BEN,Benin,KWT,Kuwait,Bilateral,constant,USD million,4.9607
2023,BEN,Benin,KWT,Kuwait,Bilateral,constant,USD million,12.7498
2024,BEN,Benin,KWT,Kuwait,Bilateral,constant,USD million,15.9422
2025,BEN,Benin,KWT,Kuwait,Bilateral,constant,USD million,10.4898
2022,BEN,Benin,NOR,Norway,Bilateral,constant,USD million,1.8819
2023,BEN,Benin,NOR,Norway,Bilateral,constant,USD million,5.2918
2024,BEN,Benin,NOR,Norway,Bilateral,constant,USD million,2.7738
2025,BEN,Benin,NOR,Norway,Bilateral,constant,USD million,1.1379
2023,BEN,Benin,SAU,Saudi Arabia,Bilateral,constant,USD million,61.3113
2024,BEN,Benin,SAU,Saudi Arabia,Bilateral,constant,USD million,81.4288
2025,BEN,Benin,SAU,Saudi Arabia,Bilateral,constant,USD million,51.8071
2015,BEN,Benin,ARE,United Arab Emirates,Bilateral,constant,USD million,1.7299
2016,BEN,Benin,ARE,United Arab Emirates,Bilateral,constant,USD million,1.0324
2017,BEN,Benin,ARE,United Arab Emirates,Bilateral,constant,USD million,0.0227
2018,BEN,Benin,ARE,United Arab Emirates,Bilateral,constant,USD million,0.2671
2021,BEN,Benin,ARE,United Arab Emirates,Bilateral,constant,USD million,0.0119
2023,BEN,Benin,ARE,United Arab Emirates,Bilateral,constant,USD million,1.2174
2024,BEN,Benin,ARE,United Arab Emirates,Bilateral,constant,USD million,0.7692
2025,BEN,Benin,ARE,United Arab Emirates,Bilateral,constant,USD million,0.5049
2020,BEN,Benin,GBR,United Kingdom,Bilateral,constant,USD million,39.7911
2021,BEN,Benin,GBR,United Kingdom,Bilateral,constant,USD million,4.2379
2022,BEN,Benin,GBR,United Kingdom,Bilateral,constant,USD million,13.0701
2023,BEN,Benin,GBR,United Kingdom,Bilateral,constant,USD million,30.2473
2024,BEN,Benin,GBR,United Kingdom,Bilateral,constant,USD million,12.8819
2025,BEN,Benin,GBR,United Kingdom,Bilateral,constant,USD million,5.8539
2015,BTN,Bhutan,IND,India,Bilateral,constant,USD million,270.6354
2016,BTN,Bhutan,IND,India,Bilateral,constant,USD million,363.0626
2017,BTN,Bhutan,IND,India,Bilateral,constant,USD million,157.5981
2018,BTN,Bhutan,IND,India,Bilateral,constant,USD million,106.1956
2019,BTN,Bhutan,IND,India,Bilateral,constant,USD million,95.2391
2020,BTN,Bhutan,IND,India,Bilateral,constant,USD million,267.492
2021,BTN,Bhutan,IND,India,Bilateral,constant,USD million,47.4711
2022,BTN,Bhutan,IND,India,Bilateral,constant,USD million,50.435
2023,BTN,Bhutan,IND,India,Bilateral,constant,USD million,252.308
2024,BTN,Bhutan,IND,India,Bilateral,constant,USD million,87.2335
2025,BTN,Bhutan,IND,India,Bilateral,constant,USD million,28.542
2023,BTN,Bhutan,JPN,Japan,Bilateral,constant,USD million,1.2155
2024,BTN,Bhutan,JPN,Japan,Bilateral,constant,USD million,0.5901
2025,BTN,Bhutan,JPN,Japan,Bilateral,constant,USD million,0.2835
2015,BOL,Bolivia,CHN,China,Bilateral,constant,USD million,10.4538
2016,BOL,Bolivia,CHN,China,Bilateral,constant,USD million,99.832
2017,BOL,Bolivia,CHN,China,Bilateral,constant,USD million,154.3328
2018,BOL,Bolivia,CHN,China,Bilateral,constant,USD million,217.7051
2019,BOL,Bolivia,CHN,China,Bilateral,constant,USD million,185.957
2020,BOL,Bolivia,CHN,China,Bilateral,constant,USD million,46.3233
2021,BOL,Bolivia,CHN,China,Bilateral,constant,USD million,250.6404
2022,BOL,Bolivia,CHN,China,Bilateral,constant,USD million,233.5774
2023,BOL,Bolivia,CHN,China,Bilateral,constant,USD million,156.0491
2024,BOL,Bolivia,CHN,China,Bilateral,constant,USD million,62.7103
2025,BOL,Bolivia,CHN,China,Bilateral,constant,USD million,25.4353
2017,BOL,Bolivia,FRA,France,Bilateral,constant,USD million,107.9809
2018,BOL,Bolivia,FRA,France,Bilateral,constant,USD million,2.1912
2019,BOL,Bolivia,FRA,France,Bilateral,constant,USD million,122.3439
2021,BOL,Bolivia,FRA,France,Bilateral,constant,USD million,121.3075
2023,BOL,Bolivia,FRA,France,Bilateral,constant,USD million,26.5375
2024,BOL,Bolivia,FRA,France,Bilateral,constant,USD million,25.7383
2025,BOL,Bolivia,FRA,France,Bilateral,constant,USD million,15.5762
2023,BOL,Bolivia,DEU,"Germany, Fed. Rep. of",Bilateral,constant,USD million,20.1173
2024,BOL,Bolivia,DEU,"Germany, Fed. Rep. of",Bilateral,constant,USD million,15.9498
2025,BOL,Bolivia,DEU,"Germany, Fed. Rep. of",Bilateral,constant,USD million,9.3511
2021,BOL,Bolivia,IND,India,Bilateral,constant,USD million,91.5359
2023,BOL,Bolivia,ITA,Italy,Bilateral,constant,USD million,4.0318
2024,BOL,Bolivia,ITA,Italy,Bilateral,constant,USD million,5.9929
2025,BOL,Bolivia,ITA,Italy,Bilateral,constant,USD million,3.8959
2023,BOL,Bolivia,JPN,Japan,Bilateral,constant,USD million,86.2112
2024,BOL,Bolivia,JPN,Japan,Bilateral,constant,USD million,123.8875
2025,BOL,Bolivia,JPN,Japan,Bilateral,constant,USD million,80.5032
2023,BOL,Bolivia,KOR,"Korea, Republic of",Bilateral,constant,USD million,10.5059
2024,BOL,Bolivia,KOR,"Korea, Republic of",Bilateral,constant,USD million,14.2693
2025,BOL,Bolivia,KOR,"Korea, Republic of",Bilateral,constant,USD million,10.268
2015,BIH,Bosnia and Herzegovina,AUT,Austria,Bilateral,constant,USD million,4.748
2016,BIH,Bosnia and Herzegovina,AUT,Austria,Bilateral,constant,USD million,1.586
2017,BIH,Bosnia and Herzegovina,AUT,Austria,Bilateral,constant,USD million,0.8253
2023,BIH,Bosnia and Herzegovina,AUT,Austria,Bilateral,constant,USD million,0.3507
2024,BIH,Bosnia and Herzegovina,AUT,Austria,Bilateral,constant,USD million,0.1146
2025,BIH,Bosnia and Herzegovina,AUT,Austria,Bilateral,constant,USD million,0.1114
2015,BIH,Bosnia and Herzegovina,DEU,"Germany, Fed. Rep. of",Bilateral,constant,USD million,2.6086
2016,BIH,Bosnia and Herzegovina,DEU,"Germany, Fed. Rep. of",Bilateral,constant,USD million,16.704
2017,BIH,Bosnia and Herzegovina,DEU,"Germany, Fed. Rep. of",Bilateral,constant,USD million,51.4647
2018,BIH,Bosnia and Herzegovina,DEU,"Germany, Fed. Rep. of",Bilateral,constant,USD million,12.1582
2019,BIH,Bosnia and Herzegovina,DEU,"Germany, Fed. Rep. of",Bilateral,constant,USD million,18.0963
2020,BIH,Bosnia and Herzegovina,DEU,"Germany, Fed. Rep. of",Bilateral,constant,USD million,39.7693
2021,BIH,Bosnia and Herzegovina,DEU,"Germany, Fed. Rep. of",Bilateral,constant,USD million,26.7399
2023,BIH,Bosnia and Herzegovina,DEU,"Germany, Fed. Rep. of",Bilateral,constant,USD million,51.0828
2024,BIH,Bosnia and Herzegovina,DEU,"Germany, Fed. Rep. of",Bilateral,constant,USD million,55.684
2025,BIH,Bosnia and Herzegovina,DEU,"Germany, Fed. Rep. of",Bilateral,constant,USD million,30.2398
2015,BIH,Bosnia and Herzegovina,HUN,Hungary,Bilateral,constant,USD million,0.9608
2016,BIH,Bosnia and Herzegovina,HUN,Hungary,Bilateral,constant,USD million,0.519
2018,BIH,Bosnia and Herzegovina,HUN,Hungary,Bilateral,constant,USD million,0.1846
2023,BIH,Bosnia and Herzegovina,HUN,Hungary,Bilateral,constant,USD million,0.0228
2023,BIH,Bosnia and Herzegovina,JPN,Japan,Bilateral,constant,USD million,12.7301
2024,BIH,Bosnia and Herzegovina,JPN,Japan,Bilateral,constant,USD million,6.8357
2025,BIH,Bosnia and Herzegovina,JPN,Japan,Bilateral,constant,USD million,3.0439
2023,BIH,Bosnia and Herzegovina,KOR,"Korea, Republic of",Bilateral,constant,USD million,0.0051
2015,BIH,Bosnia and Herzegovina,KWT,Kuwait,Bilateral,constant,USD million,3.7929
2016,BIH,Bosnia and Herzegovina,KWT,Kuwait,Bilateral,constant,USD million,5.0693
2017,BIH,Bosnia and Herzegovina,KWT,Kuwait,Bilateral,constant,USD million,7.9483
2018,BIH,Bosnia and Herzegovina,KWT,Kuwait,Bilateral,constant,USD million,9.0816
2019,BIH,Bosnia and Herzegovina,KWT,Kuwait,Bilateral,constant,USD million,1.664
2020,BIH,Bosnia and Herzegovina,KWT,Kuwait,Bilateral,constant,USD million,0.4592
2023,BIH,Bosnia and Herzegovina,KWT,Kuwait,Bilateral,constant,USD million,5.7765
2024,BIH,Bosnia and Herzegovina,KWT,Kuwait,Bilateral,constant,USD million,10.1514
2025,BIH,Bosnia and Herzegovina,KWT,Kuwait,Bilateral,constant,USD million,6.3536
2023,BIH,Bosnia and Herzegovina,PRT,Portugal,Bilateral,constant,USD million,0.0039
2024,BIH,Bosnia and Herzegovina,PRT,Portugal,Bilateral,constant,USD million,0.0025
2015,BIH,Bosnia and Herzegovina,SAU,Saudi Arabia,Bilateral,constant,USD million,2.8059
2016,BIH,Bosnia and Herzegovina,SAU,Saudi Arabia,Bilateral,constant,USD million,6.0573
2017,BIH,Bosnia and Herzegovina,SAU,Saudi Arabia,Bilateral,constant,USD million,2.0736
2018,BIH,Bosnia and Herzegovina,SAU,Saudi Arabia,Bilateral,constant,USD million,2.9631
2019,BIH,Bosnia and Herzegovina,SAU,Saudi Arabia,Bilateral,constant,USD million,3.7561
2020,BIH,Bosnia and Herzegovina,SAU,Saudi Arabia,Bilateral,constant,USD million,10.4623
2021,BIH,Bosnia and Herzegovina,SAU,Saudi Arabia,Bilateral,constant,USD million,4.6926
2022,BIH,Bosnia and Herzegovina,SAU,Saudi Arabia,Bilateral,constant,USD million,7.6496
2023,BIH,Bosnia and Herzegovina,SAU,Saudi Arabia,Bilateral,constant,USD million,9.5604
2024,BIH,Bosnia and Herzegovina,SAU,Saudi Arabia,Bilateral,constant,USD million,5.4669
2025,BIH,Bosnia and Herzegovina,SAU,Saudi Arabia,Bilateral,constant,USD million,2.9661
2023,BIH,Bosnia and Herzegovina,ESP,Spain,Bilateral,constant,USD million,1.234
2024,BIH,Bosnia and Herzegovina,ESP,Spain,Bilateral,constant,USD million,0.7895
2025,BIH,Bosnia and Herzegovina,ESP,Spain,Bilateral,constant,USD million,0.4019
2023,BWA,Botswana,JPN,Japan,Bilateral,constant,USD million,16.7756
2024,BWA,Botswana,JPN,Japan,Bilateral,constant,USD million,10.5798
2025,BWA,Botswana,JPN,Japan,Bilateral,constant,USD million,5.5839
2022,BRA,Brazil,CAN,Canada,Bilateral,constant,USD million,64.1529
2017,BRA,Brazil,CHN,China,Bilateral,constant,USD million,6839.229
2018,BRA,Brazil,CHN,China,Bilateral,constant,USD million,1875.1281
2015,BRA,Brazil,FRA,France,Bilateral,constant,USD million,279.308
2016,BRA,Brazil,FRA,France,Bilateral,constant,USD million,135.0083
2017,BRA,Brazil,FRA,France,Bilateral,constant,USD million,137.6331
2018,BRA,Brazil,FRA,France,Bilateral,constant,USD million,28.0297
2019,BRA,Brazil,FRA,France,Bilateral,constant,USD million,23.0803
2020,BRA,Brazil,FRA,France,Bilateral,constant,USD million,33.0681
2021,BRA,Brazil,FRA,France,Bilateral,constant,USD million,325.6784
2022,BRA,Brazil,FRA,France,Bilateral,constant,USD million,71.6898
2023,BRA,Brazil,FRA,France,Bilateral,constant,USD million,58.8551
2024,BRA,Brazil,FRA,France,Bilateral,constant,USD million,30.8898
2025,BRA,Brazil,FRA,France,Bilateral,constant,USD million,12.1223
2015,BRA,Brazil,DEU,"Germany, Fed. Rep. of",Bilateral,constant,USD million,207.1181
2016,BRA,Brazil,DEU,"Germany, Fed. Rep. of",Bilateral,constant,USD million,150.6458
2017,BRA,Brazil,DEU,"Germany, Fed. Rep. of",Bilateral,constant,USD million,4.774
2018,BRA,Brazil,DEU,"Germany, Fed. Rep. of",Bilateral,constant,USD million,76.4191
2019,BRA,Brazil,DEU,"Germany, Fed. Rep. of",Bilateral,constant,USD million,102.0377
2020,BRA,Brazil,DEU,"Germany, Fed. Rep. of",Bilateral,constant,USD million,2.4973
2021,BRA,Brazil,DEU,"Germany, Fed. Rep. of",Bilateral,constant,USD million,21.2209
2022,BRA,Brazil,DEU,"Germany, Fed. Rep. of",Bilateral,constant,USD million,8.63
2023,BRA,Brazil,DEU,"Germany, Fed. Rep. of",Bilateral,constant,USD million,61.506
2024,BRA,Brazil,DEU,"Germany, Fed. Rep. of",Bilateral,constant,USD million,30.2996
2025,BRA,Brazil,DEU,"Germany, Fed. Rep. of",Bilateral,constant,USD million,10.7771
2015,BRA,Brazil,JPN,Japan,Bilateral,constant,USD million,367.7542
2016,BRA,Brazil,JPN,Japan,Bilateral,constant,USD million,47.0732
2017,BRA,Brazil,JPN,Japan,Bilateral,constant,USD million,96.2229
2018,BRA,Brazil,JPN,Japan,Bilateral,constant,USD million,5.3117
2019,BRA,Brazil,JPN,Japan,Bilateral,constant,USD million,12.346
2022,BRA,Brazil,JPN,Japan,Bilateral,constant,USD million,1.0708
2023,BRA,Brazil,JPN,Japan,Bilateral,constant,USD million,58.2072
2024,BRA,Brazil,JPN,Japan,Bilateral,constant,USD million,22.716
2025,BRA,Brazil,JPN,Japan,Bilateral,constant,USD million,12.4639
2015,BRA,Brazil,ESP,Spain,Bilateral,constant,USD million,228.04
2019,BRA,Brazil,SWE,Sweden,Bilateral,constant,USD million,1359.2725
2020,BRA,Brazil,SWE,Sweden,Bilateral,constant,USD million,385.0946
2021,BRA,Brazil,SWE,Sweden,Bilateral,constant,USD million,263.8658
2022,BRA,Brazil,SWE,Sweden,Bilateral,constant,USD million,125.0188
2023,BRA,Brazil,SWE,Sweden,Bilateral,constant,USD million,1079.4428
2024,BRA,Brazil,SWE,Sweden,Bilateral,constant,USD million,579.4397
2025,BRA,Brazil,SWE,Sweden,Bilateral,constant,USD million,204.1504
2015,BGR,Bulgaria,DEU,"Germany, Fed. Rep. of",Bilateral,constant,USD million,0.0533
2017,BGR,Bulgaria,DEU,"Germany, Fed. Rep. of",Bilateral,constant,USD million,102.399
2023,BFA,Burkina Faso,BEL,Belgium,Bilateral,constant,USD million,0.7055
2024,BFA,Burkina Faso,BEL,Belgium,Bilateral,constant,USD million,0.3357
2025,BFA,Burkina Faso,BEL,Belgium,Bilateral,constant,USD million,0.138
2015,BFA,Burkina Faso,CHN,China,Bilateral,constant,USD million,45.145
2020,BFA,Burkina Faso,CHN,China,Bilateral,constant,USD million,29.1999
2022,BFA,Burkina Faso,CHN,China,Bilateral,constant,USD million,32.3247
2023,BFA,Burkina Faso,CHN,China,Bilateral,constant,USD million,15.0116
2024,BFA,Burkina Faso,CHN,China,Bilateral,constant,USD million,9.4894
2025,BFA,Burkina Faso,CHN,China,Bilateral,constant,USD million,5.7075
2015,BFA,Burkina Faso,FRA,France,Bilateral,constant,USD million,14.1538
2016,BFA,Burkina Faso,FRA,France,Bilateral,constant,USD million,7.7875
2017,BFA,Burkina Faso,FRA,France,Bilateral,constant,USD million,0.2967
2018,BFA,Burkina Faso,FRA,France,Bilateral,constant,USD million,30.4053
2019,BFA,Burkina Faso,FRA,France,Bilateral,constant,USD million,18.2808
2020,BFA,Burkina Faso,FRA,France,Bilateral,constant,USD million,8.6251
2021,BFA,Burkina Faso,FRA,France,Bilateral,constant,USD million,9.3581
2022,BFA,Burkina Faso,FRA,France,Bilateral,constant,USD million,13.8839
2023,BFA,Burkina Faso,FRA,France,Bilateral,constant,USD million,89.7321
2024,BFA,Burkina Faso,FRA,France,Bilateral,constant,USD million,73.5645
2025,BFA,Burkina Faso,FRA,France,Bilateral,constant,USD million,40.0632
2015,BFA,Burkina Faso,IND,India,Bilateral,constant,USD million,0.646
2019,BFA,Burkina Faso,IND,India,Bilateral,constant,USD million,0.0504
2023,BFA,Burkina Faso,IND,India,Bilateral,constant,USD million,0.2947
2024,BFA,Burkina Faso,IND,India,Bilateral,constant,USD million,0.1923
2023,BFA,Burkina Faso,JPN,Japan,Bilateral,constant,USD million,11.3784
2024,BFA,Burkina Faso,JPN,Japan,Bilateral,constant,USD million,7.5455
2025,BFA,Burkina Faso,JPN,Japan,Bilateral,constant,USD million,4.9369
2015,BFA,Burkina Faso,KWT,Kuwait,Bilateral,constant,USD million,1.8283
2016,BFA,Burkina Faso,KWT,Kuwait,Bilateral,constant,USD million,0.8572
2019,BFA,Burkina Faso,KWT,Kuwait,Bilateral,constant,USD million,2.8919
2020,BFA,Burkina Faso,KWT,Kuwait,Bilateral,constant,USD million,0.0561
2021,BFA,Burkina Faso,KWT,Kuwait,Bilateral,constant,USD million,0.8286
2022,BFA,Burkina Faso,KWT,Kuwait,Bilateral,constant,USD million,0.2496
2023,BFA,Burkina Faso,KWT,Kuwait,Bilateral,constant,USD million,8.9107
2024,BFA,Burkina Faso,KWT,Kuwait,Bilateral,constant,USD million,11.8572
2025,BFA,Burkina Faso,KWT,Kuwait,Bilateral,constant,USD million,7.8813
2023,BFA,Burkina Faso,SAU,Saudi Arabia,Bilateral,constant,USD million,14.0206
2024,BFA,Burkina Faso,SAU,Saudi Arabia,Bilateral,constant,USD million,21.3709
2025,BFA,Burkina Faso,SAU,Saudi Arabia,Bilateral,constant,USD million,14.0061
2020,BFA,Burkina Faso,ARE,United Arab Emirates,Bilateral,constant,USD million,5.0611
2023,BDI,Burundi,CHN,China,Bilateral,constant,USD million,1.6443
2024,BDI,Burundi,CHN,China,Bilateral,constant,USD million,1.5619
2025,BDI,Burundi,CHN,China,Bilateral,constant,USD million,1.3509
2023,BDI,Burundi,IND,India,Bilateral,constant,USD million,23.2358
2024,BDI,Burundi,IND,India,Bilateral,constant,USD million,32.1688
2025,BDI,Burundi,IND,India,Bilateral,constant,USD million,48.2026
2023,BDI,Burundi,KWT,Kuwait,Bilateral,constant,USD million,1.9666
2024,BDI,Burundi,KWT,Kuwait,Bilateral,constant,USD million,3.4653
2025,BDI,Burundi,KWT,Kuwait,Bilateral,constant,USD million,5.045
2023,BDI,Burundi,SAU,Saudi Arabia,Bilateral,constant,USD million,9.6574
2024,BDI,Burundi,SAU,Saudi Arabia,Bilateral,constant,USD million,10.9085
2025,BDI,Burundi,SAU,Saudi Arabia,Bilateral,constant,USD million,15.2861
2023,CPV,Cabo Verde,AUT,Austria,Bilateral,constant,USD million,0.3612
2024,CPV,Cabo Verde,AUT,Austria,Bilateral,constant,USD million,0.1184
2025,CPV,Cabo Verde,AUT,Austria,Bilateral,constant,USD million,0.1163
2017,CPV,Cabo Verde,CHN,China,Bilateral,constant,USD million,10.6026
2018,CPV,Cabo Verde,CHN,China,Bilateral,constant,USD million,1.549
2015,CPV,Cabo Verde,FRA,France,Bilateral,constant,USD million,7.7882
2016,CPV,Cabo Verde,FRA,France,Bilateral,constant,USD million,0.4671
2017,CPV,Cabo Verde,FRA,France,Bilateral,constant,USD million,29.5154
2018,CPV,Cabo Verde,FRA,France,Bilateral,constant,USD million,3.8414
2019,CPV,Cabo Verde,FRA,France,Bilateral,constant,USD million,3.4345
2020,CPV,Cabo Verde,FRA,France,Bilateral,constant,USD million,3.2043
2023,CPV,Cabo Verde,FRA,France,Bilateral,constant,USD million,3.1936
2024,CPV,Cabo Verde,FRA,France,Bilateral,constant,USD million,1.2078
2025,CPV,Cabo Verde,FRA,France,Bilateral,constant,USD million,0.4747
2023,CPV,Cabo Verde,JPN,Japan,Bilateral,constant,USD million,17.1699
2024,CPV,Cabo Verde,JPN,Japan,Bilateral,constant,USD million,10.0062
2025,CPV,Cabo Verde,JPN,Japan,Bilateral,constant,USD million,4.5694
2015,CPV,Cabo Verde,KWT,Kuwait,Bilateral,constant,USD million,0.1795
2016,CPV,Cabo Verde,KWT,Kuwait,Bilateral,constant,USD million,1.0322
2017,CPV,Cabo Verde,KWT,Kuwait,Bilateral,constant,USD million,2.1798
2018,CPV,Cabo Verde,KWT,Kuwait,Bilateral,constant,USD million,0.3572
2023,CPV,Cabo Verde,KWT,Kuwait,Bilateral,constant,USD million,2.0036
2024,CPV,Cabo Verde,KWT,Kuwait,Bilateral,constant,USD million,1.2748
2025,CPV,Cabo Verde,KWT,Kuwait,Bilateral,constant,USD million,0.6832
2018,CPV,Cabo Verde,PRT,Portugal,Bilateral,constant,USD million,0.6878
2022,CPV,Cabo Verde,PRT,Portugal,Bilateral,constant,USD million,1.6685
2023,CPV,Cabo Verde,PRT,Portugal,Bilateral,constant,USD million,1.6453
2024,CPV,Cabo Verde,PRT,Portugal,Bilateral,constant,USD million,0.861
2025,CPV,Cabo Verde,PRT,Portugal,Bilateral,constant,USD million,0.1425
2023,CPV,Cabo Verde,SAU,Saudi Arabia,Bilateral,constant,USD million,0.3628
2024,CPV,Cabo Verde,SAU,Saudi Arabia,Bilateral,constant,USD million,0.2378
2017,CPV,Cabo Verde,ESP,Spain,Bilateral,constant,USD million,1.2341
2018,CPV,Cabo Verde,ESP,Spain,Bilateral,constant,USD million,0.4104
2023,CPV,Cabo Verde,ESP,Spain,Bilateral,constant,USD million,0.1746
2024,CPV,Cabo Verde,ESP,Spain,Bilateral,constant,USD million,0.1145
2015,KHM,Cambodia,CHN,China,Bilateral,constant,USD million,323.7192
2016,KHM,Cambodia,CHN,China,Bilateral,constant,USD million,267.4965
2017,KHM,Cambodia,CHN,China,Bilateral,constant,USD million,283.7135
2018,KHM,Cambodia,CHN,China,Bilateral,constant,USD million,286.6246
2019,KHM,Cambodia,CHN,China,Bilateral,constant,USD million,207.7487
2020,KHM,Cambodia,CHN,China,Bilateral,constant,USD million,270.2169
2021,KHM,Cambodia,CHN,China,Bilateral,constant,USD million,227.871
2022,KHM,Cambodia,CHN,China,Bilateral,constant,USD million,250.5459
2023,KHM,Cambodia,CHN,China,Bilateral,constant,USD million,251.9454
2024,KHM,Cambodia,CHN,China,Bilateral,constant,USD million,200.2283
2025,KHM,Cambodia,CHN,China,Bilateral,constant,USD million,105.889
2019,KHM,Cambodia,FRA,France,Bilateral,constant,USD million,133.1025
2022,KHM,Cambodia,FRA,France,Bilateral,constant,USD million,15.4655
2023,KHM,Cambodia,FRA,France,Bilateral,constant,USD million,31.9451
2024,KHM,Cambodia,FRA,France,Bilateral,constant,USD million,19.0067
2025,KHM,Cambodia,FRA,France,Bilateral,constant,USD million,8.9871
2023,KHM,Cambodia,DEU,"Germany, Fed. Rep. of",Bilateral,constant,USD million,10.7156
2024,KHM,Cambodia,DEU,"Germany, Fed. Rep. of",Bilateral,constant,USD million,16.0934
2025,KHM,Cambodia,DEU,"Germany, Fed. Rep. of",Bilateral,constant,USD million,10.6293
2015,KHM,Cambodia,IND,India,Bilateral,constant,USD million,6.843
2016,KHM,Cambodia,IND,India,Bilateral,constant,USD million,2.787
2017,KHM,Cambodia,IND,India,Bilateral,constant,USD million,2.8026
2018,KHM,Cambodia,IND,India,Bilateral,constant,USD million,0.1944
2022,KHM,Cambodia,IND,India,Bilateral,constant,USD million,0.1453
2023,KHM,Cambodia,IND,India,Bilateral,constant,USD million,6.1754
2024,KHM,Cambodia,IND,India,Bilateral,constant,USD million,12.2665
2025,KHM,Cambodia,IND,India,Bilateral,constant,USD million,6.7091
2015,KHM,Cambodia,JPN,Japan,Bilateral,constant,USD million,1.1815
2017,KHM,Cambodia,JPN,Japan,Bilateral,constant,USD million,20.8941
2018,KHM,Cambodia,JPN,Japan,Bilateral,constant,USD million,15.1968
2019,KHM,Cambodia,JPN,Japan,Bilateral,constant,USD million,19.1738
2020,KHM,Cambodia,JPN,Japan,Bilateral,constant,USD million,11.1251
2022,KHM,Cambodia,JPN,Japan,Bilateral,constant,USD million,4.764
2023,KHM,Cambodia,JPN,Japan,Bilateral,constant,USD million,213.0573
2024,KHM,Cambodia,JPN,Japan,Bilateral,constant,USD million,210.1163
2025,KHM,Cambodia,JPN,Japan,Bilateral,constant,USD million,134.9479
2023,KHM,Cambodia,KOR,"Korea, Republic of",Bilateral,constant,USD million,138.8263
2024,KHM,Cambodia,KOR,"Korea, Republic of",Bilateral,constant,USD million,154.2673
2025,KHM,Cambodia,KOR,"Korea, Republic of",Bilateral,constant,USD million,115.0049
2023,KHM,Cambodia,THA,Thailand,Bilateral,constant,USD million,7.0693
2024,KHM,Cambodia,THA,Thailand,Bilateral,constant,USD million,7.8374
2025,KHM,Cambodia,THA,Thailand,Bilateral,constant,USD million,5.6895
2015,KHM,Cambodia,VNM,Viet Nam,Bilateral,constant,USD million,8.65
2016,KHM,Cambodia,VNM,Viet Nam,Bilateral,constant,USD million,3.8296
2017,KHM,Cambodia,VNM,Viet Nam,Bilateral,constant,USD million,3.1937
2018,KHM,Cambodia,VNM,Viet Nam,Bilateral,constant,USD million,0.7231
2022,CMR,Cameroon,BEL,Belgium,Bilateral,constant,USD million,0.001
2015,CMR,Cameroon,CHN,China,Bilateral,constant,USD million,348.0291
2016,CMR,Cameroon,CHN,China,Bilateral,constant,USD million,291.9301
2017,CMR,Cameroon,CHN,China,Bilateral,constant,USD million,609.1845
2018,CMR,Cameroon,CHN,China,Bilateral,constant,USD million,223.1787
2019,CMR,Cameroon,CHN,China,Bilateral,constant,USD million,549.4183
2020,CMR,Cameroon,CHN,China,Bilateral,constant,USD million,242.2985
2021,CMR,Cameroon,CHN,China,Bilateral,constant,USD million,73.5367
2022,CMR,Cameroon,CHN,China,Bilateral,constant,USD million,423.4109
2023,CMR,Cameroon,CHN,China,Bilateral,constant,USD million,335.1865
2024,CMR,Cameroon,CHN,China,Bilateral,constant,USD million,214.4629
2025,CMR,Cameroon,CHN,China,Bilateral,constant,USD million,109.9977
2015,CMR,Cameroon,FRA,France,Bilateral,constant,USD million,132.5082
2016,CMR,Cameroon,FRA,France,Bilateral,constant,USD million,413.8941
2017,CMR,Cameroon,FRA,France,Bilateral,constant,USD million,127.929
2018,CMR,Cameroon,FRA,France,Bilateral,constant,USD million,28.4272
2019,CMR,Cameroon,FRA,France,Bilateral,constant,USD million,3.4618
2020,CMR,Cameroon,FRA,France,Bilateral,constant,USD million,8.1199
2021,CMR,Cameroon,FRA,France,Bilateral,constant,USD million,22.6171
2022,CMR,Cameroon,FRA,France,Bilateral,constant,USD million,4.4579
2023,CMR,Cameroon,FRA,France,Bilateral,constant,USD million,44.1631
2024,CMR,Cameroon,FRA,France,Bilateral,constant,USD million,25.1685
2025,CMR,Cameroon,FRA,France,Bilateral,constant,USD million,13.4396
2023,CMR,Cameroon,DEU,"Germany, Fed. Rep. of",Bilateral,constant,USD million,1.1225
2024,CMR,Cameroon,DEU,"Germany, Fed. Rep. of",Bilateral,constant,USD million,0.6851
2025,CMR,Cameroon,DEU,"Germany, Fed. Rep. of",Bilateral,constant,USD million,0.3772
2016,CMR,Cameroon,IND,India,Bilateral,constant,USD million,0.1872
2017,CMR,Cameroon,IND,India,Bilateral,constant,USD million,18.0584
2018,CMR,Cameroon,IND,India,Bilateral,constant,USD million,0.232
2019,CMR,Cameroon,IND,India,Bilateral,constant,USD million,7.8999
2020,CMR,Cameroon,IND,India,Bilateral,constant,USD million,32.7064
2021,CMR,Cameroon,IND,India,Bilateral,constant,USD million,13.4908
2022,CMR,Cameroon,IND,India,Bilateral,constant,USD million,7.4028
2023,CMR,Cameroon,IND,India,Bilateral,constant,USD million,40.4405
2024,CMR,Cameroon,IND,India,Bilateral,constant,USD million,61.5991
2025,CMR,Cameroon,IND,India,Bilateral,constant,USD million,33.4726
2018,CMR,Cameroon,JPN,Japan,Bilateral,constant,USD million,5.7312
2019,CMR,Cameroon,JPN,Japan,Bilateral,constant,USD million,6.5108
2020,CMR,Cameroon,JPN,Japan,Bilateral,constant,USD million,6.8694
2021,CMR,Cameroon,JPN,Japan,Bilateral,constant,USD million,8.4045
2023,CMR,Cameroon,JPN,Japan,Bilateral,constant,USD million,67.4139
2024,CMR,Cameroon,JPN,Japan,Bilateral,constant,USD million,8.1952
2025,CMR,Cameroon,JPN,Japan,Bilateral,constant,USD million,4.6384
2023,CMR,Cameroon,KOR,"Korea, Republic of",Bilateral,constant,USD million,1.7385
2024,CMR,Cameroon,KOR,"Korea, Republic of",Bilateral,constant,USD million,1.1116
2015,CMR,Cameroon,KWT,Kuwait,Bilateral,constant,USD million,0.1363
2017,CMR,Cameroon,KWT,Kuwait,Bilateral,constant,USD million,2.6932
2018,CMR,Cameroon,KWT,Kuwait,Bilateral,constant,USD million,0.6424
2019,CMR,Cameroon,KWT,Kuwait,Bilateral,constant,USD million,0.5229
2020,CMR,Cameroon,KWT,Kuwait,Bilateral,constant,USD million,2.2802
2021,CMR,Cameroon,KWT,Kuwait,Bilateral,constant,USD million,3.2992
2022,CMR,Cameroon,KWT,Kuwait,Bilateral,constant,USD million,0.4677
2023,CMR,Cameroon,KWT,Kuwait,Bilateral,constant,USD million,8.1133
2024,CMR,Cameroon,KWT,Kuwait,Bilateral,constant,USD million,9.388
2025,CMR,Cameroon,KWT,Kuwait,Bilateral,constant,USD million,5.7956
2017,CMR,Cameroon,NOR,Norway,Bilateral,constant,USD million,23.3652
2018,CMR,Cameroon,NOR,Norway,Bilateral,constant,USD million,21.6475
2019,CMR,Cameroon,NOR,Norway,Bilateral,constant,USD million,9.428
2023,CMR,Cameroon,SAU,Saudi Arabia,Bilateral,constant,USD million,6.3858
2024,CMR,Cameroon,SAU,Saudi Arabia,Bilateral,constant,USD million,9.6919
2025,CMR,Cameroon,SAU,Saudi Arabia,Bilateral,constant,USD million,6.6977
2017,CMR,Cameroon,TUR,Turkiye,Bilateral,constant,USD million,17.2279
2018,CMR,Cameroon,TUR,Turkiye,Bilateral,constant,USD million,76.2883
2019,CMR,Cameroon,TUR,Turkiye,Bilateral,constant,USD million,76.8182
2020,CMR,Cameroon,TUR,Turkiye,Bilateral,constant,USD million,5.0077
2023,CMR,Cameroon,ARE,United Arab Emirates,Bilateral,constant,USD million,2.5323
2024,CMR,Cameroon,ARE,United Arab Emirates,Bilateral,constant,USD million,4.3718
2025,CMR,Cameroon,ARE,United Arab Emirates,Bilateral,constant,USD million,2.691
2015,CMR,Cameroon,USA,United States,Bilateral,constant,USD million,35.4767
2016,CMR,Cameroon,USA,United States,Bilateral,constant,USD million,64.7505
2017,CMR,Cameroon,USA,United States,Bilateral,constant,USD million,22.8815
2018,CMR,Cameroon,USA,United States,Bilateral,constant,USD million,24.6637
2019,CMR,Cameroon,USA,United States,Bilateral,constant,USD million,4.3992
2020,CMR,Cameroon,USA,United States,Bilateral,constant,USD million,0.8318
2021,CMR,Cameroon,USA,United States,Bilateral,constant,USD million,0.1612
2023,CMR,Cameroon,USA,United States,Bilateral,constant,USD million,8.0439
2024,CMR,Cameroon,USA,United States,Bilateral,constant,USD million,3.6544
2025,CMR,Cameroon,USA,United States,Bilateral,constant,USD million,0.7824
2023,CAF,Central African Republic,CHN,China,Bilateral,constant,USD million,2.0059
2024,CAF,Central African Republic,CHN,China,Bilateral,constant,USD million,2.7815
2025,CAF,Central African Republic,CHN,China,Bilateral,constant,USD million,2.0642
2019,CAF,Central African Republic,IND,India,Bilateral,constant,USD million,0.7869
2020,CAF,Central African Republic,IND,India,Bilateral,constant,USD million,5.339
2023,CAF,Central African Republic,IND,India,Bilateral,constant,USD million,6.1798
2024,CAF,Central African Republic,IND,India,Bilateral,constant,USD million,11.9774
2025,CAF,Central African Republic,IND,India,Bilateral,constant,USD million,6.4531
2023,CAF,Central African Republic,SAU,Saudi Arabia,Bilateral,constant,USD million,9.4961
2024,CAF,Central African Republic,SAU,Saudi Arabia,Bilateral,constant,USD million,5.9853
2025,CAF,Central African Republic,SAU,Saudi Arabia,Bilateral,constant,USD million,2.8742
2016,TCD,Chad,CMR,Cameroon,Bilateral,constant,USD million,51.3311
2015,TCD,Chad,CHN,China,Bilateral,constant,USD million,4.177
2016,TCD,Chad,CHN,China,Bilateral,constant,USD million,19.4129
2020,TCD,Chad,CHN,China,Bilateral,constant,USD million,77.3678
2021,TCD,Chad,CHN,China,Bilateral,constant,USD million,27.3348
2023,TCD,Chad,CHN,China,Bilateral,constant,USD million,52.9915
2024,TCD,Chad,CHN,China,Bilateral,constant,USD million,22.6137
2025,TCD,Chad,CHN,China,Bilateral,constant,USD million,8.7719
2023,TCD,Chad,GNQ,Equatorial Guinea,Bilateral,constant,USD million,4.4803
2024,TCD,Chad,GNQ,Equatorial Guinea,Bilateral,constant,USD million,8.9374
2025,TCD,Chad,GNQ,Equatorial Guinea,Bilateral,constant,USD million,4.9442
2015,TCD,Chad,IND,India,Bilateral,constant,USD million,5.669
2016,TCD,Chad,IND,India,Bilateral,constant,USD million,4.296
2021,TCD,Chad,IND,India,Bilateral,constant,USD million,0.8319
2023,TCD,Chad,IND,India,Bilateral,constant,USD million,7.0668
2024,TCD,Chad,IND,India,Bilateral,constant,USD million,6.8829
2025,TCD,Chad,IND,India,Bilateral,constant,USD million,4.4157
2016,TCD,Chad,KWT,Kuwait,Bilateral,constant,USD million,2.7256
2019,TCD,Chad,KWT,Kuwait,Bilateral,constant,USD million,0.9156
2023,TCD,Chad,KWT,Kuwait,Bilateral,constant,USD million,12.422
2024,TCD,Chad,KWT,Kuwait,Bilateral,constant,USD million,13.4366
2025,TCD,Chad,KWT,Kuwait,Bilateral,constant,USD million,8.7357
2023,TCD,Chad,SAU,Saudi Arabia,Bilateral,constant,USD million,27.0208
2024,TCD,Chad,SAU,Saudi Arabia,Bilateral,constant,USD million,23.4476
2025,TCD,Chad,SAU,Saudi Arabia,Bilateral,constant,USD million,16.0663
2015,CHN,China,FRA,France,Bilateral,constant,USD million,52.3808
2016,CHN,China,FRA,France,Bilateral,constant,USD million,47.6606
2017,CHN,China,FRA,France,Bilateral,constant,USD million,109.8013
2018,CHN,China,FRA,France,Bilateral,constant,USD million,123.7421
2019,CHN,China,FRA,France,Bilateral,constant,USD million,123.4492
2015,CHN,China,JPN,Japan,Bilateral,constant,USD million,0.0001
2016,CHN,China,JPN,Japan,Bilateral,constant,USD million,0.0
2017,CHN,China,JPN,Japan,Bilateral,constant,USD million,0.0
2015,CHN,China,KWT,Kuwait,Bilateral,constant,USD million,14.7852
2016,CHN,China,KWT,Kuwait,Bilateral,constant,USD million,8.7768
2017,CHN,China,KWT,Kuwait,Bilateral,constant,USD million,35.3445
2018,CHN,China,KWT,Kuwait,Bilateral,constant,USD million,1.7578
2019,CHN,China,KWT,Kuwait,Bilateral,constant,USD million,30.4057
2018,CHN,China,,Multiple Lenders,Bilateral,constant,USD million,453.4622
2019,CHN,China,,Multiple Lenders,Bilateral,constant,USD million,105.4082
2020,CHN,China,,Multiple Lenders,Bilateral,constant,USD million,607.6731
2021,CHN,China,,Multiple Lenders,Bilateral,constant,USD million,623.2717
2022,CHN,China,,Multiple Lenders,Bilateral,constant,USD million,49.6062
2016,COL,Colombia,BRA,Brazil,Bilateral,constant,USD million,8.4909
2017,COL,Colombia,BRA,Brazil,Bilateral,constant,USD million,17.3147
2018,COL,Colombia,BRA,Brazil,Bilateral,constant,USD million,13.9667
2019,COL,Colombia,BRA,Brazil,Bilateral,constant,USD million,7.4727
2020,COL,Colombia,BRA,Brazil,Bilateral,constant,USD million,0.192
2021,COL,Colombia,BRA,Brazil,Bilateral,constant,USD million,23.1074
2022,COL,Colombia,BRA,Brazil,Bilateral,constant,USD million,35.1224
2023,COL,Colombia,BRA,Brazil,Bilateral,constant,USD million,5.1053
2024,COL,Colombia,BRA,Brazil,Bilateral,constant,USD million,1.1305
2016,COL,Colombia,CAN,Canada,Bilateral,constant,USD million,317.9336
2018,COL,Colombia,CAN,Canada,Bilateral,constant,USD million,268.4879
2015,COL,Colombia,FRA,France,Bilateral,constant,USD million,421.4755
2017,COL,Colombia,FRA,France,Bilateral,constant,USD million,250.7331
2018,COL,Colombia,FRA,France,Bilateral,constant,USD million,434.6535
2021,COL,Colombia,FRA,France,Bilateral,constant,USD million,319.2424
2022,COL,Colombia,FRA,France,Bilateral,constant,USD million,272.2226
2023,COL,Colombia,FRA,France,Bilateral,constant,USD million,154.8411
2024,COL,Colombia,FRA,France,Bilateral,constant,USD million,77.9364
2025,COL,Colombia,FRA,France,Bilateral,constant,USD million,40.6021
2015,COL,Colombia,DEU,"Germany, Fed. Rep. of",Bilateral,constant,USD million,1.0015
2016,COL,Colombia,DEU,"Germany, Fed. Rep. of",Bilateral,constant,USD million,146.9963
2017,COL,Colombia,DEU,"Germany, Fed. Rep. of",Bilateral,constant,USD million,83.0261
2018,COL,Colombia,DEU,"Germany, Fed. Rep. of",Bilateral,constant,USD million,418.9742
2019,COL,Colombia,DEU,"Germany, Fed. Rep. of",Bilateral,constant,USD million,0.193
2020,COL,Colombia,DEU,"Germany, Fed. Rep. of",Bilateral,constant,USD million,599.9089
2021,COL,Colombia,DEU,"Germany, Fed. Rep. of",Bilateral,constant,USD million,247.8706
2022,COL,Colombia,DEU,"Germany, Fed. Rep. of",Bilateral,constant,USD million,219.9937
2023,COL,Colombia,DEU,"Germany, Fed. Rep. of",Bilateral,constant,USD million,20.3212
2024,COL,Colombia,DEU,"Germany, Fed. Rep. of",Bilateral,constant,USD million,9.5541
2025,COL,Colombia,DEU,"Germany, Fed. Rep. of",Bilateral,constant,USD million,4.0312
2023,COL,Colombia,KOR,"Korea, Republic of",Bilateral,constant,USD million,0.7101
2024,COL,Colombia,KOR,"Korea, Republic of",Bilateral,constant,USD million,0.4193
2023,COM,Comoros,IND,India,Bilateral,constant,USD million,3.6851
2024,COM,Comoros,IND,India,Bilateral,constant,USD million,2.4671
2025,COM,Comoros,IND,India,Bilateral,constant,USD million,1.7317
2019,COD,"Congo, Dem. Rep.",BDI,Burundi,Bilateral,constant,USD million,4.0148
2015,COD,"Congo, Dem. Rep.",CHN,China,Bilateral,constant,USD million,79.457
2018,COD,"Congo, Dem. Rep.",CHN,China,Bilateral,constant,USD million,56.8194
2019,COD,"Congo, Dem. Rep.",CHN,China,Bilateral,constant,USD million,31.4174
2020,COD,"Congo, Dem. Rep.",CHN,China,Bilateral,constant,USD million,23.4102
2021,COD,"Congo, Dem. Rep.",CHN,China,Bilateral,constant,USD million,4.7517
2022,COD,"Congo, Dem. Rep.",CHN,China,Bilateral,constant,USD million,38.1714
2023,COD,"Congo, Dem. Rep.",CHN,China,Bilateral,constant,USD million,1346.9251
2024,COD,"Congo, Dem. Rep.",CHN,China,Bilateral,constant,USD million,651.7966
2025,COD,"Congo, Dem. Rep.",CHN,China,Bilateral,constant,USD million,290.9039
2016,COD,"Congo, Dem. Rep.",FRA,France,Bilateral,constant,USD million,0.4662
2019,COD,"Congo, Dem. Rep.",FRA,France,Bilateral,constant,USD million,65.3564
2015,COD,"Congo, Dem. Rep.",IND,India,Bilateral,constant,USD million,1.883
2016,COD,"Congo, Dem. Rep.",IND,India,Bilateral,constant,USD million,7.0705
2017,COD,"Congo, Dem. Rep.",IND,India,Bilateral,constant,USD million,2.5393
2018,COD,"Congo, Dem. Rep.",IND,India,Bilateral,constant,USD million,0.217
2019,COD,"Congo, Dem. Rep.",IND,India,Bilateral,constant,USD million,0.375
2020,COD,"Congo, Dem. Rep.",IND,India,Bilateral,constant,USD million,11.6386
2021,COD,"Congo, Dem. Rep.",IND,India,Bilateral,constant,USD million,4.856
2022,COD,"Congo, Dem. Rep.",IND,India,Bilateral,constant,USD million,8.149
2023,COD,"Congo, Dem. Rep.",IND,India,Bilateral,constant,USD million,48.3709
2024,COD,"Congo, Dem. Rep.",IND,India,Bilateral,constant,USD million,53.9251
2025,COD,"Congo, Dem. Rep.",IND,India,Bilateral,constant,USD million,26.0647
2023,COD,"Congo, Dem. Rep.",KOR,"Korea, Republic of",Bilateral,constant,USD million,0.2697
2024,COD,"Congo, Dem. Rep.",KOR,"Korea, Republic of",Bilateral,constant,USD million,0.1738
2020,COD,"Congo, Dem. Rep.",KWT,Kuwait,Bilateral,constant,USD million,48.3506
2023,COD,"Congo, Dem. Rep.",KWT,Kuwait,Bilateral,constant,USD million,2.1269
2024,COD,"Congo, Dem. Rep.",KWT,Kuwait,Bilateral,constant,USD million,1.3708
2016,COG,"Congo, Rep.",BEL,Belgium,Bilateral,constant,USD million,60.598
2017,COG,"Congo, Rep.",BEL,Belgium,Bilateral,constant,USD million,48.5698
2018,COG,"Congo, Rep.",BEL,Belgium,Bilateral,constant,USD million,10.4169
2019,COG,"Congo, Rep.",BEL,Belgium,Bilateral,constant,USD million,19.114
2015,COG,"Congo, Rep.",CHN,China,Bilateral,constant,USD million,90.7812
2016,COG,"Congo, Rep.",CHN,China,Bilateral,constant,USD million,67.0216
2017,COG,"Congo, Rep.",CHN,China,Bilateral,constant,USD million,242.0419
2019,COG,"Congo, Rep.",CHN,China,Bilateral,constant,USD million,126.7605
2021,COG,"Congo, Rep.",CHN,China,Bilateral,constant,USD million,23.9161
2022,COG,"Congo, Rep.",CHN,China,Bilateral,constant,USD million,9.3722
2023,COG,"Congo, Rep.",CHN,China,Bilateral,constant,USD million,15.1137
2024,COG,"Congo, Rep.",CHN,China,Bilateral,constant,USD million,3.6595
2016,COG,"Congo, Rep.",FRA,France,Bilateral,constant,USD million,0.2105
2017,COG,"Congo, Rep.",FRA,France,Bilateral,constant,USD million,6.2658
2018,COG,"Congo, Rep.",FRA,France,Bilateral,constant,USD million,15.1507
2019,COG,"Congo, Rep.",FRA,France,Bilateral,constant,USD million,42.5983
2020,COG,"Congo, Rep.",FRA,France,Bilateral,constant,USD million,27.6518
2022,COG,"Congo, Rep.",FRA,France,Bilateral,constant,USD million,50.1882
2023,COG,"Congo, Rep.",FRA,France,Bilateral,constant,USD million,58.2916
2024,COG,"Congo, Rep.",FRA,France,Bilateral,constant,USD million,29.5148
2025,COG,"Congo, Rep.",FRA,France,Bilateral,constant,USD million,12.3224
2015,COG,"Congo, Rep.",IND,India,Bilateral,constant,USD million,4.548
2016,COG,"Congo, Rep.",IND,India,Bilateral,constant,USD million,6.5108
2017,COG,"Congo, Rep.",IND,India,Bilateral,constant,USD million,22.0822
2018,COG,"Congo, Rep.",IND,India,Bilateral,constant,USD million,4.3233
2019,COG,"Congo, Rep.",IND,India,Bilateral,constant,USD million,6.4944
2020,COG,"Congo, Rep.",IND,India,Bilateral,constant,USD million,0.4136
2021,COG,"Congo, Rep.",IND,India,Bilateral,constant,USD million,8.8138
2022,COG,"Congo, Rep.",IND,India,Bilateral,constant,USD million,4.2293
2023,COG,"Congo, Rep.",IND,India,Bilateral,constant,USD million,43.1859
2024,COG,"Congo, Rep.",IND,India,Bilateral,constant,USD million,18.8207
2025,COG,"Congo, Rep.",IND,India,Bilateral,constant,USD million,7.1061
2015,COG,"Congo, Rep.",,Multiple Lenders,Bilateral,constant,USD million,19.355
2016,COG,"Congo, Rep.",,Multiple Lenders,Bilateral,constant,USD million,12.0054
2017,COG,"Congo, Rep.",,Multiple Lenders,Bilateral,constant,USD million,4.1876
2018,COG,"Congo, Rep.",,Multiple Lenders,Bilateral,constant,USD million,1.309
2016,COG,"Congo, Rep.",TUR,Turkiye,Bilateral,constant,USD million,201.7425
2015,CRI,Costa Rica,BRA,Brazil,Bilateral,constant,USD million,9.186
2021,CRI,Costa Rica,FRA,France,Bilateral,constant,USD million,15.3622
2022,CRI,Costa Rica,FRA,France,Bilateral,constant,USD million,5.0228
2015,CRI,Costa Rica,DEU,"Germany, Fed. Rep. of",Bilateral,constant,USD million,15.4757
2016,CRI,Costa Rica,DEU,"Germany, Fed. Rep. of",Bilateral,constant,USD million,26.1256
2018,CRI,Costa Rica,DEU,"Germany, Fed. Rep. of",Bilateral,constant,USD million,0.2046
2023,CRI,Costa Rica,JPN,Japan,Bilateral,constant,USD million,63.1499
2024,CRI,Costa Rica,JPN,Japan,Bilateral,constant,USD million,39.7154
2025,CRI,Costa Rica,JPN,Japan,Bilateral,constant,USD million,23.2446
2015,CIV,Cote d'Ivoire,CHN,China,Bilateral,constant,USD million,254.0143
2016,CIV,Cote d'Ivoire,CHN,China,Bilateral,constant,USD million,327.7383
2017,CIV,Cote d'Ivoire,CHN,China,Bilateral,constant,USD million,391.3721
2018,CIV,Cote d'Ivoire,CHN,China,Bilateral,constant,USD million,295.7632
2019,CIV,Cote d'Ivoire,CHN,China,Bilateral,constant,USD million,494.7756
2020,CIV,Cote d'Ivoire,CHN,China,Bilateral,constant,USD million,470.5249
2021,CIV,Cote d'Ivoire,CHN,China,Bilateral,constant,USD million,223.8753
2022,CIV,Cote d'Ivoire,CHN,China,Bilateral,constant,USD million,468.3474
2023,CIV,Cote d'Ivoire,CHN,China,Bilateral,constant,USD million,440.991
2024,CIV,Cote d'Ivoire,CHN,China,Bilateral,constant,USD million,245.2997
2025,CIV,Cote d'Ivoire,CHN,China,Bilateral,constant,USD million,108.138
2015,CIV,Cote d'Ivoire,FRA,France,Bilateral,constant,USD million,1162.4498
2018,CIV,Cote d'Ivoire,FRA,France,Bilateral,constant,USD million,39.0635
2019,CIV,Cote d'Ivoire,FRA,France,Bilateral,constant,USD million,87.534
2020,CIV,Cote d'Ivoire,FRA,France,Bilateral,constant,USD million,16.1198
2021,CIV,Cote d'Ivoire,FRA,France,Bilateral,constant,USD million,1182.9743
2022,CIV,Cote d'Ivoire,FRA,France,Bilateral,constant,USD million,213.5952
2023,CIV,Cote d'Ivoire,FRA,France,Bilateral,constant,USD million,366.4094
2024,CIV,Cote d'Ivoire,FRA,France,Bilateral,constant,USD million,265.0366
2025,CIV,Cote d'Ivoire,FRA,France,Bilateral,constant,USD million,144.7767
2015,CIV,Cote d'Ivoire,DEU,"Germany, Fed. Rep. of",Bilateral,constant,USD million,0.4438
2017,CIV,Cote d'Ivoire,DEU,"Germany, Fed. Rep. of",Bilateral,constant,USD million,0.455
2020,CIV,Cote d'Ivoire,DEU,"Germany, Fed. Rep. of",Bilateral,constant,USD million,42.7712
2023,CIV,Cote d'Ivoire,DEU,"Germany, Fed. Rep. of",Bilateral,constant,USD million,45.0702
2024,CIV,Cote d'Ivoire,DEU,"Germany, Fed. Rep. of",Bilateral,constant,USD million,64.763
2025,CIV,Cote d'Ivoire,DEU,"Germany, Fed. Rep. of",Bilateral,constant,USD million,42.4626
2015,CIV,Cote d'Ivoire,IND,India,Bilateral,constant,USD million,5.747
2016,CIV,Cote d'Ivoire,IND,India,Bilateral,constant,USD million,17.646
2017,CIV,Cote d'Ivoire,IND,India,Bilateral,constant,USD million,153.8131
2018,CIV,Cote d'Ivoire,IND,India,Bilateral,constant,USD million,21.2599
2019,CIV,Cote d'Ivoire,IND,India,Bilateral,constant,USD million,11.0089
2020,CIV,Cote d'Ivoire,IND,India,Bilateral,constant,USD million,2.3555
2021,CIV,Cote d'Ivoire,IND,India,Bilateral,constant,USD million,0.5398
2023,CIV,Cote d'Ivoire,IND,India,Bilateral,constant,USD million,92.3074
2024,CIV,Cote d'Ivoire,IND,India,Bilateral,constant,USD million,48.8136
2025,CIV,Cote d'Ivoire,IND,India,Bilateral,constant,USD million,24.1731
2023,CIV,Cote d'Ivoire,JPN,Japan,Bilateral,constant,USD million,119.9994
2024,CIV,Cote d'Ivoire,JPN,Japan,Bilateral,constant,USD million,137.4085
2025,CIV,Cote d'Ivoire,JPN,Japan,Bilateral,constant,USD million,88.6986
2023,CIV,Cote d'Ivoire,KOR,"Korea, Republic of",Bilateral,constant,USD million,19.5913
2024,CIV,Cote d'Ivoire,KOR,"Korea, Republic of",Bilateral,constant,USD million,15.1365
2025,CIV,Cote d'Ivoire,KOR,"Korea, Republic of",Bilateral,constant,USD million,10.0901
2015,CIV,Cote d'Ivoire,KWT,Kuwait,Bilateral,constant,USD million,0.1097
2016,CIV,Cote d'Ivoire,KWT,Kuwait,Bilateral,constant,USD million,2.9979
2017,CIV,Cote d'Ivoire,KWT,Kuwait,Bilateral,constant,USD million,2.4269
2018,CIV,Cote d'Ivoire,KWT,Kuwait,Bilateral,constant,USD million,8.1608
2019,CIV,Cote d'Ivoire,KWT,Kuwait,Bilateral,constant,USD million,8.0985
2020,CIV,Cote d'Ivoire,KWT,Kuwait,Bilateral,constant,USD million,4.9867
2021,CIV,Cote d'Ivoire,KWT,Kuwait,Bilateral,constant,USD million,2.9451
2023,CIV,Cote d'Ivoire,KWT,Kuwait,Bilateral,constant,USD million,20.5928
2024,CIV,Cote d'Ivoire,KWT,Kuwait,Bilateral,constant,USD million,28.747
2025,CIV,Cote d'Ivoire,KWT,Kuwait,Bilateral,constant,USD million,18.781
2016,CIV,Cote d'Ivoire,SAU,Saudi Arabia,Bilateral,constant,USD million,3.6721
2017,CIV,Cote d'Ivoire,SAU,Saudi Arabia,Bilateral,constant,USD million,1.8839
2018,CIV,Cote d'Ivoire,SAU,Saudi Arabia,Bilateral,constant,USD million,6.7346
2019,CIV,Cote d'Ivoire,SAU,Saudi Arabia,Bilateral,constant,USD million,1.7057
2020,CIV,Cote d'Ivoire,SAU,Saudi Arabia,Bilateral,constant,USD million,0.5732
2022,CIV,Cote d'Ivoire,SAU,Saudi Arabia,Bilateral,constant,USD million,7.7985
2023,CIV,Cote d'Ivoire,SAU,Saudi Arabia,Bilateral,constant,USD million,17.868
2024,CIV,Cote d'Ivoire,SAU,Saudi Arabia,Bilateral,constant,USD million,18.6176
2025,CIV,Cote d'Ivoire,SAU,Saudi Arabia,Bilateral,constant,USD million,10.807
2023,CIV,Cote d'Ivoire,ZAF,South Africa,Bilateral,constant,USD million,9.7032
2024,CIV,Cote d'Ivoire,ZAF,South Africa,Bilateral,constant,USD million,19.2106
2025,CIV,Cote d'Ivoire,ZAF,South Africa,Bilateral,constant,USD million,10.4492
2022,CIV,Cote d'Ivoire,ESP,Spain,Bilateral,constant,USD million,2.0246
2023,CIV,Cote d'Ivoire,ESP,Spain,Bilateral,constant,USD million,3.7002
2024,CIV,Cote d'Ivoire,ESP,Spain,Bilateral,constant,USD million,1.5431
2025,CIV,Cote d'Ivoire,ESP,Spain,Bilateral,constant,USD million,0.63
2015,DJI,Djibouti,CHN,China,Bilateral,constant,USD million,345.9704
2016,DJI,Djibouti,CHN,China,Bilateral,constant,USD million,375.8033
2017,DJI,Djibouti,CHN,China,Bilateral,constant,USD million,267.8381
2018,DJI,Djibouti,CHN,China,Bilateral,constant,USD million,30.3145
2019,DJI,Djibouti,CHN,China,Bilateral,constant,USD million,13.5432
2020,DJI,Djibouti,CHN,China,Bilateral,constant,USD million,138.7145
2023,DJI,Djibouti,CHN,China,Bilateral,constant,USD million,16.725
2024,DJI,Djibouti,CHN,China,Bilateral,constant,USD million,10.991
2016,DJI,Djibouti,IND,India,Bilateral,constant,USD million,3.752
2017,DJI,Djibouti,IND,India,Bilateral,constant,USD million,5.0714
2018,DJI,Djibouti,IND,India,Bilateral,constant,USD million,3.1735
2019,DJI,Djibouti,IND,India,Bilateral,constant,USD million,0.4098
2020,DJI,Djibouti,IND,India,Bilateral,constant,USD million,0.0424
2023,DJI,Djibouti,IND,India,Bilateral,constant,USD million,2.1313
2024,DJI,Djibouti,IND,India,Bilateral,constant,USD million,0.7686
2025,DJI,Djibouti,IND,India,Bilateral,constant,USD million,0.3596
2015,DJI,Djibouti,KWT,Kuwait,Bilateral,constant,USD million,10.408
2016,DJI,Djibouti,KWT,Kuwait,Bilateral,constant,USD million,30.4484
2017,DJI,Djibouti,KWT,Kuwait,Bilateral,constant,USD million,3.1659
2023,DJI,Djibouti,KWT,Kuwait,Bilateral,constant,USD million,9.1865
2024,DJI,Djibouti,KWT,Kuwait,Bilateral,constant,USD million,15.9487
2025,DJI,Djibouti,KWT,Kuwait,Bilateral,constant,USD million,10.5133
2015,DJI,Djibouti,SAU,Saudi Arabia,Bilateral,constant,USD million,1.7853
2016,DJI,Djibouti,SAU,Saudi Arabia,Bilateral,constant,USD million,2.4439
2017,DJI,Djibouti,SAU,Saudi Arabia,Bilateral,constant,USD million,10.2765
2018,DJI,Djibouti,SAU,Saudi Arabia,Bilateral,constant,USD million,9.6656
2019,DJI,Djibouti,SAU,Saudi Arabia,Bilateral,constant,USD million,1.8213
2020,DJI,Djibouti,SAU,Saudi Arabia,Bilateral,constant,USD million,0.5836
2023,DJI,Djibouti,SAU,Saudi Arabia,Bilateral,constant,USD million,42.6497
2024,DJI,Djibouti,SAU,Saudi Arabia,Bilateral,constant,USD million,36.6171
2025,DJI,Djibouti,SAU,Saudi Arabia,Bilateral,constant,USD million,23.7058
2018,DJI,Djibouti,TUR,Turkiye,Bilateral,constant,USD million,9.8859
2015,DMA,Dominica,CHN,China,Bilateral,constant,USD million,6.2694
2015,DMA,Dominica,FRA,France,Bilateral,constant,USD million,2.118
2023,DMA,Dominica,VEN,"Venezuela, Republic Bolivarian",Bilateral,constant,USD million,1.698
2024,DMA,Dominica,VEN,"Venezuela, Republic Bolivarian",Bilateral,constant,USD million,1.0685
2025,DMA,Dominica,VEN,"Venezuela, Republic Bolivarian",Bilateral,constant,USD million,0.5708
2015,DOM,Dominican Republic,BRA,Brazil,Bilateral,constant,USD million,119.757
2016,DOM,Dominican Republic,BRA,Brazil,Bilateral,constant,USD million,2.739
2017,DOM,Dominican Republic,BRA,Brazil,Bilateral,constant,USD million,11.6147
2015,DOM,Dominican Republic,FRA,France,Bilateral,constant,USD million,171.6624
2016,DOM,Dominican Republic,FRA,France,Bilateral,constant,USD million,61.3182
2017,DOM,Dominican Republic,FRA,France,Bilateral,constant,USD million,25.5199
2018,DOM,Dominican Republic,FRA,France,Bilateral,constant,USD million,0.644
2019,DOM,Dominican Republic,FRA,France,Bilateral,constant,USD million,6.8773
2020,DOM,Dominican Republic,FRA,France,Bilateral,constant,USD million,336.239
2021,DOM,Dominican Republic,FRA,France,Bilateral,constant,USD million,288.8184
2022,DOM,Dominican Republic,FRA,France,Bilateral,constant,USD million,3.1788
2023,DOM,Dominican Republic,FRA,France,Bilateral,constant,USD million,25.7772
2024,DOM,Dominican Republic,FRA,France,Bilateral,constant,USD million,10.1873
2025,DOM,Dominican Republic,FRA,France,Bilateral,constant,USD million,3.6263
2018,DOM,Dominican Republic,DEU,"Germany, Fed. Rep. of",Bilateral,constant,USD million,4.1499
2019,DOM,Dominican Republic,DEU,"Germany, Fed. Rep. of",Bilateral,constant,USD million,8.3417
2020,DOM,Dominican Republic,DEU,"Germany, Fed. Rep. of",Bilateral,constant,USD million,4.1128
2021,DOM,Dominican Republic,DEU,"Germany, Fed. Rep. of",Bilateral,constant,USD million,1.9011
2022,DOM,Dominican Republic,DEU,"Germany, Fed. Rep. of",Bilateral,constant,USD million,1.2221
2023,DOM,Dominican Republic,DEU,"Germany, Fed. Rep. of",Bilateral,constant,USD million,0.2369
2024,DOM,Dominican Republic,DEU,"Germany, Fed. Rep. of",Bilateral,constant,USD million,0.0601
2015,DOM,Dominican Republic,KOR,"Korea, Republic of",Bilateral,constant,USD million,0.0009
2023,DOM,Dominican Republic,KOR,"Korea, Republic of",Bilateral,constant,USD million,0.8251
2023,DOM,Dominican Republic,NOR,Norway,Bilateral,constant,USD million,12.993
2015,DOM,Dominican Republic,ESP,Spain,Bilateral,constant,USD million,5.42
2023,DOM,Dominican Republic,ESP,Spain,Bilateral,constant,USD million,1.3458
2024,DOM,Dominican Republic,ESP,Spain,Bilateral,constant,USD million,1.0548
2025,DOM,Dominican Republic,ESP,Spain,Bilateral,constant,USD million,0.7891
2023,DOM,Dominican Republic,VEN,"Venezuela, Republic Bolivarian",Bilateral,constant,USD million,43.682
2024,DOM,Dominican Republic,VEN,"Venezuela, Republic Bolivarian",Bilateral,constant,USD million,49.5189
2025,DOM,Dominican Republic,VEN,"Venezuela, Republic Bolivarian",Bilateral,constant,USD million,24.2222
2015,ECU,Ecuador,BRA,Brazil,Bilateral,constant,USD million,8.196
2015,ECU,Ecuador,CHN,China,Bilateral,constant,USD million,818.2984
2016,ECU,Ecuador,CHN,China,Bilateral,constant,USD million,2521.2308
2017,ECU,Ecuador,CHN,China,Bilateral,constant,USD million,606.0351
2018,ECU,Ecuador,CHN,China,Bilateral,constant,USD million,818.4864
2019,ECU,Ecuador,CHN,China,Bilateral,constant,USD million,440.5605
2020,ECU,Ecuador,CHN,China,Bilateral,constant,USD million,31.0401
2021,ECU,Ecuador,CHN,China,Bilateral,constant,USD million,268.7148
2023,ECU,Ecuador,CHN,China,Bilateral,constant,USD million,160.2961
2024,ECU,Ecuador,CHN,China,Bilateral,constant,USD million,112.8602
2025,ECU,Ecuador,CHN,China,Bilateral,constant,USD million,53.3622
2015,ECU,Ecuador,FRA,France,Bilateral,constant,USD million,52.791
2016,ECU,Ecuador,FRA,France,Bilateral,constant,USD million,31.1078
2017,ECU,Ecuador,FRA,France,Bilateral,constant,USD million,54.6871
2018,ECU,Ecuador,FRA,France,Bilateral,constant,USD million,93.3533
2019,ECU,Ecuador,FRA,France,Bilateral,constant,USD million,202.124
2020,ECU,Ecuador,FRA,France,Bilateral,constant,USD million,107.4969
2021,ECU,Ecuador,FRA,France,Bilateral,constant,USD million,55.5492
2022,ECU,Ecuador,FRA,France,Bilateral,constant,USD million,0.0329
2023,ECU,Ecuador,FRA,France,Bilateral,constant,USD million,139.7852
2024,ECU,Ecuador,FRA,France,Bilateral,constant,USD million,65.6128
2025,ECU,Ecuador,FRA,France,Bilateral,constant,USD million,26.8068
2015,ECU,Ecuador,DEU,"Germany, Fed. Rep. of",Bilateral,constant,USD million,7.4853
2016,ECU,Ecuador,DEU,"Germany, Fed. Rep. of",Bilateral,constant,USD million,3.6197
2017,ECU,Ecuador,DEU,"Germany, Fed. Rep. of",Bilateral,constant,USD million,0.9349
2021,ECU,Ecuador,DEU,"Germany, Fed. Rep. of",Bilateral,constant,USD million,0.4808
2023,ECU,Ecuador,DEU,"Germany, Fed. Rep. of",Bilateral,constant,USD million,13.2979
2024,ECU,Ecuador,DEU,"Germany, Fed. Rep. of",Bilateral,constant,USD million,11.5377
2025,ECU,Ecuador,DEU,"Germany, Fed. Rep. of",Bilateral,constant,USD million,6.6051
2023,ECU,Ecuador,ITA,Italy,Bilateral,constant,USD million,3.5611
2024,ECU,Ecuador,ITA,Italy,Bilateral,constant,USD million,2.2049
2025,ECU,Ecuador,ITA,Italy,Bilateral,constant,USD million,1.2366
2017,ECU,Ecuador,JPN,Japan,Bilateral,constant,USD million,30.3573
2018,ECU,Ecuador,JPN,Japan,Bilateral,constant,USD million,26.211
2019,ECU,Ecuador,JPN,Japan,Bilateral,constant,USD million,1.2963
2021,ECU,Ecuador,JPN,Japan,Bilateral,constant,USD million,4.8508
2022,ECU,Ecuador,JPN,Japan,Bilateral,constant,USD million,28.9401
2023,ECU,Ecuador,JPN,Japan,Bilateral,constant,USD million,52.0715
2024,ECU,Ecuador,JPN,Japan,Bilateral,constant,USD million,58.0566
2025,ECU,Ecuador,JPN,Japan,Bilateral,constant,USD million,36.735
2015,ECU,Ecuador,KOR,"Korea, Republic of",Bilateral,constant,USD million,2.7315
2016,ECU,Ecuador,KOR,"Korea, Republic of",Bilateral,constant,USD million,4.1447
2023,ECU,Ecuador,KOR,"Korea, Republic of",Bilateral,constant,USD million,5.1499
2024,ECU,Ecuador,KOR,"Korea, Republic of",Bilateral,constant,USD million,3.9337
2025,ECU,Ecuador,KOR,"Korea, Republic of",Bilateral,constant,USD million,3.2966
2015,ECU,Ecuador,RUS,Russian Federation,Bilateral,constant,USD million,105.518
2016,ECU,Ecuador,RUS,Russian Federation,Bilateral,constant,USD million,11.3511
2018,ECU,Ecuador,RUS,Russian Federation,Bilateral,constant,USD million,11.0453
2023,ECU,Ecuador,RUS,Russian Federation,Bilateral,constant,USD million,53.1103
2024,ECU,Ecuador,RUS,Russian Federation,Bilateral,constant,USD million,22.3557
2017,ECU,Ecuador,ESP,Spain,Bilateral,constant,USD million,25.4824
2019,ECU,Ecuador,ESP,Spain,Bilateral,constant,USD million,2.8534
2020,ECU,Ecuador,ESP,Spain,Bilateral,constant,USD million,1.8272
2021,ECU,Ecuador,ESP,Spain,Bilateral,constant,USD million,1.7655
2023,ECU,Ecuador,ESP,Spain,Bilateral,constant,USD million,10.846
2024,ECU,Ecuador,ESP,Spain,Bilateral,constant,USD million,9.7498
2025,ECU,Ecuador,ESP,Spain,Bilateral,constant,USD million,4.6619
2019,EGY,"Egypt, Arab Rep.",CAN,Canada,Bilateral,constant,USD million,93.7728
2020,EGY,"Egypt, Arab Rep.",CAN,Canada,Bilateral,constant,USD million,392.9051
2021,EGY,"Egypt, Arab Rep.",CAN,Canada,Bilateral,constant,USD million,241.8436
2016,EGY,"Egypt, Arab Rep.",CHN,China,Bilateral,constant,USD million,1689.1108
2017,EGY,"Egypt, Arab Rep.",CHN,China,Bilateral,constant,USD million,660.6858
2018,EGY,"Egypt, Arab Rep.",CHN,China,Bilateral,constant,USD million,2990.5255
2019,EGY,"Egypt, Arab Rep.",CHN,China,Bilateral,constant,USD million,593.1127
2020,EGY,"Egypt, Arab Rep.",CHN,China,Bilateral,constant,USD million,277.2339
2021,EGY,"Egypt, Arab Rep.",CHN,China,Bilateral,constant,USD million,1102.1456
2022,EGY,"Egypt, Arab Rep.",CHN,China,Bilateral,constant,USD million,554.1476
2023,EGY,"Egypt, Arab Rep.",CHN,China,Bilateral,constant,USD million,320.9912
2024,EGY,"Egypt, Arab Rep.",CHN,China,Bilateral,constant,USD million,148.248
2025,EGY,"Egypt, Arab Rep.",CHN,China,Bilateral,constant,USD million,70.8197
2015,EGY,"Egypt, Arab Rep.",FRA,France,Bilateral,constant,USD million,52.5199
2016,EGY,"Egypt, Arab Rep.",FRA,France,Bilateral,constant,USD million,100.7224
2017,EGY,"Egypt, Arab Rep.",FRA,France,Bilateral,constant,USD million,140.713
2018,EGY,"Egypt, Arab Rep.",FRA,France,Bilateral,constant,USD million,179.2878
2019,EGY,"Egypt, Arab Rep.",FRA,France,Bilateral,constant,USD million,65.9161
2020,EGY,"Egypt, Arab Rep.",FRA,France,Bilateral,constant,USD million,207.3496
2021,EGY,"Egypt, Arab Rep.",FRA,France,Bilateral,constant,USD million,199.7545
2022,EGY,"Egypt, Arab Rep.",FRA,France,Bilateral,constant,USD million,215.3195
2023,EGY,"Egypt, Arab Rep.",FRA,France,Bilateral,constant,USD million,269.7226
2024,EGY,"Egypt, Arab Rep.",FRA,France,Bilateral,constant,USD million,207.1517
2025,EGY,"Egypt, Arab Rep.",FRA,France,Bilateral,constant,USD million,131.2972
2015,EGY,"Egypt, Arab Rep.",DEU,"Germany, Fed. Rep. of",Bilateral,constant,USD million,91.2317
2016,EGY,"Egypt, Arab Rep.",DEU,"Germany, Fed. Rep. of",Bilateral,constant,USD million,2147.2063
2017,EGY,"Egypt, Arab Rep.",DEU,"Germany, Fed. Rep. of",Bilateral,constant,USD million,2443.1909
2018,EGY,"Egypt, Arab Rep.",DEU,"Germany, Fed. Rep. of",Bilateral,constant,USD million,1019.6238
2019,EGY,"Egypt, Arab Rep.",DEU,"Germany, Fed. Rep. of",Bilateral,constant,USD million,401.8153
2020,EGY,"Egypt, Arab Rep.",DEU,"Germany, Fed. Rep. of",Bilateral,constant,USD million,1.9617
2023,EGY,"Egypt, Arab Rep.",DEU,"Germany, Fed. Rep. of",Bilateral,constant,USD million,92.5458
2024,EGY,"Egypt, Arab Rep.",DEU,"Germany, Fed. Rep. of",Bilateral,constant,USD million,79.6353
2025,EGY,"Egypt, Arab Rep.",DEU,"Germany, Fed. Rep. of",Bilateral,constant,USD million,53.9102
2020,EGY,"Egypt, Arab Rep.",HUN,Hungary,Bilateral,constant,USD million,99.6566
2021,EGY,"Egypt, Arab Rep.",HUN,Hungary,Bilateral,constant,USD million,266.0707
2022,EGY,"Egypt, Arab Rep.",HUN,Hungary,Bilateral,constant,USD million,96.8036
2023,EGY,"Egypt, Arab Rep.",HUN,Hungary,Bilateral,constant,USD million,508.864
2024,EGY,"Egypt, Arab Rep.",HUN,Hungary,Bilateral,constant,USD million,230.0986
2025,EGY,"Egypt, Arab Rep.",HUN,Hungary,Bilateral,constant,USD million,46.438
2023,EGY,"Egypt, Arab Rep.",ITA,Italy,Bilateral,constant,USD million,5.7065
2024,EGY,"Egypt, Arab Rep.",ITA,Italy,Bilateral,constant,USD million,3.6761
2025,EGY,"Egypt, Arab Rep.",ITA,Italy,Bilateral,constant,USD million,2.4599
2015,EGY,"Egypt, Arab Rep.",JPN,Japan,Bilateral,constant,USD million,1.4046
2016,EGY,"Egypt, Arab Rep.",JPN,Japan,Bilateral,constant,USD million,7.4182
2017,EGY,"Egypt, Arab Rep.",JPN,Japan,Bilateral,constant,USD million,23.7729
2018,EGY,"Egypt, Arab Rep.",JPN,Japan,Bilateral,constant,USD million,182.8524
2019,EGY,"Egypt, Arab Rep.",JPN,Japan,Bilateral,constant,USD million,253.4685
2020,EGY,"Egypt, Arab Rep.",JPN,Japan,Bilateral,constant,USD million,99.7588
2021,EGY,"Egypt, Arab Rep.",JPN,Japan,Bilateral,constant,USD million,74.5613
2022,EGY,"Egypt, Arab Rep.",JPN,Japan,Bilateral,constant,USD million,52.0286
2023,EGY,"Egypt, Arab Rep.",JPN,Japan,Bilateral,constant,USD million,366.5755
2024,EGY,"Egypt, Arab Rep.",JPN,Japan,Bilateral,constant,USD million,232.1912
2025,EGY,"Egypt, Arab Rep.",JPN,Japan,Bilateral,constant,USD million,130.8574
2023,EGY,"Egypt, Arab Rep.",KOR,"Korea, Republic of",Bilateral,constant,USD million,50.1803
2024,EGY,"Egypt, Arab Rep.",KOR,"Korea, Republic of",Bilateral,constant,USD million,42.2362
2025,EGY,"Egypt, Arab Rep.",KOR,"Korea, Republic of",Bilateral,constant,USD million,25.5107
2015,EGY,"Egypt, Arab Rep.",KWT,Kuwait,Bilateral,constant,USD million,2053.7188
2016,EGY,"Egypt, Arab Rep.",KWT,Kuwait,Bilateral,constant,USD million,89.3705
2017,EGY,"Egypt, Arab Rep.",KWT,Kuwait,Bilateral,constant,USD million,193.3436
2018,EGY,"Egypt, Arab Rep.",KWT,Kuwait,Bilateral,constant,USD million,133.695
2019,EGY,"Egypt, Arab Rep.",KWT,Kuwait,Bilateral,constant,USD million,422.9578
2020,EGY,"Egypt, Arab Rep.",KWT,Kuwait,Bilateral,constant,USD million,466.5251
2021,EGY,"Egypt, Arab Rep.",KWT,Kuwait,Bilateral,constant,USD million,343.4472
2022,EGY,"Egypt, Arab Rep.",KWT,Kuwait,Bilateral,constant,USD million,197.0419
2023,EGY,"Egypt, Arab Rep.",KWT,Kuwait,Bilateral,constant,USD million,255.5094
2024,EGY,"Egypt, Arab Rep.",KWT,Kuwait,Bilateral,constant,USD million,148.7689
2025,EGY,"Egypt, Arab Rep.",KWT,Kuwait,Bilateral,constant,USD million,85.6552
2019,EGY,"Egypt, Arab Rep.",RUS,Russian Federation,Bilateral,constant,USD million,659.5395
2020,EGY,"Egypt, Arab Rep.",RUS,Russian Federation,Bilateral,constant,USD million,138.6859
2021,EGY,"Egypt, Arab Rep.",RUS,Russian Federation,Bilateral,constant,USD million,360.8892
2022,EGY,"Egypt, Arab Rep.",RUS,Russian Federation,Bilateral,constant,USD million,880.412
2023,EGY,"Egypt, Arab Rep.",RUS,Russian Federation,Bilateral,constant,USD million,15258.7882
2024,EGY,"Egypt, Arab Rep.",RUS,Russian Federation,Bilateral,constant,USD million,8945.6314
2025,EGY,"Egypt, Arab Rep.",RUS,Russian Federation,Bilateral,constant,USD million,4546.9057
2015,EGY,"Egypt, Arab Rep.",SAU,Saudi Arabia,Bilateral,constant,USD million,2011.8677
2016,EGY,"Egypt, Arab Rep.",SAU,Saudi Arabia,Bilateral,constant,USD million,2416.4736
2017,EGY,"Egypt, Arab Rep.",SAU,Saudi Arabia,Bilateral,constant,USD million,1792.2338
2018,EGY,"Egypt, Arab Rep.",SAU,Saudi Arabia,Bilateral,constant,USD million,942.2675
2019,EGY,"Egypt, Arab Rep.",SAU,Saudi Arabia,Bilateral,constant,USD million,229.6108
2020,EGY,"Egypt, Arab Rep.",SAU,Saudi Arabia,Bilateral,constant,USD million,164.9515
2021,EGY,"Egypt, Arab Rep.",SAU,Saudi Arabia,Bilateral,constant,USD million,3370.2703
2022,EGY,"Egypt, Arab Rep.",SAU,Saudi Arabia,Bilateral,constant,USD million,38.4175
2023,EGY,"Egypt, Arab Rep.",SAU,Saudi Arabia,Bilateral,constant,USD million,184.3516
2024,EGY,"Egypt, Arab Rep.",SAU,Saudi Arabia,Bilateral,constant,USD million,166.8884
2025,EGY,"Egypt, Arab Rep.",SAU,Saudi Arabia,Bilateral,constant,USD million,101.9269
2023,EGY,"Egypt, Arab Rep.",ESP,Spain,Bilateral,constant,USD million,53.3714
2024,EGY,"Egypt, Arab Rep.",ESP,Spain,Bilateral,constant,USD million,43.6527
2025,EGY,"Egypt, Arab Rep.",ESP,Spain,Bilateral,constant,USD million,38.2879
2015,EGY,"Egypt, Arab Rep.",ARE,United Arab Emirates,Bilateral,constant,USD million,2004.3792
2016,EGY,"Egypt, Arab Rep.",ARE,United Arab Emirates,Bilateral,constant,USD million,2116.1094
2017,EGY,"Egypt, Arab Rep.",ARE,United Arab Emirates,Bilateral,constant,USD million,63.3239
2018,EGY,"Egypt, Arab Rep.",ARE,United Arab Emirates,Bilateral,constant,USD million,50.8306
2019,EGY,"Egypt, Arab Rep.",ARE,United Arab Emirates,Bilateral,constant,USD million,44.3974
2020,EGY,"Egypt, Arab Rep.",ARE,United Arab Emirates,Bilateral,constant,USD million,1707.0871
2023,EGY,"Egypt, Arab Rep.",ARE,United Arab Emirates,Bilateral,constant,USD million,48.4388
2024,EGY,"Egypt, Arab Rep.",ARE,United Arab Emirates,Bilateral,constant,USD million,23.1915
2025,EGY,"Egypt, Arab Rep.",ARE,United Arab Emirates,Bilateral,constant,USD million,14.7348
2022,EGY,"Egypt, Arab Rep.",GBR,United Kingdom,Bilateral,constant,USD million,50.7778
2021,SLV,El Salvador,CHN,China,Bilateral,constant,USD million,0.495
2015,SLV,El Salvador,DEU,"Germany, Fed. Rep. of",Bilateral,constant,USD million,36.147
2016,SLV,El Salvador,DEU,"Germany, Fed. Rep. of",Bilateral,constant,USD million,32.0809
2017,SLV,El Salvador,DEU,"Germany, Fed. Rep. of",Bilateral,constant,USD million,13.8057
2018,SLV,El Salvador,DEU,"Germany, Fed. Rep. of",Bilateral,constant,USD million,1.0477
2019,SLV,El Salvador,DEU,"Germany, Fed. Rep. of",Bilateral,constant,USD million,3.8689
2023,SLV,El Salvador,DEU,"Germany, Fed. Rep. of",Bilateral,constant,USD million,6.1429
2024,SLV,El Salvador,DEU,"Germany, Fed. Rep. of",Bilateral,constant,USD million,5.2735
2025,SLV,El Salvador,DEU,"Germany, Fed. Rep. of",Bilateral,constant,USD million,2.7647
2023,SLV,El Salvador,ITA,Italy,Bilateral,constant,USD million,6.6997
2024,SLV,El Salvador,ITA,Italy,Bilateral,constant,USD million,7.4402
2025,SLV,El Salvador,ITA,Italy,Bilateral,constant,USD million,4.6894
2023,SLV,El Salvador,JPN,Japan,Bilateral,constant,USD million,0.8097
2024,SLV,El Salvador,JPN,Japan,Bilateral,constant,USD million,0.5539
2025,SLV,El Salvador,JPN,Japan,Bilateral,constant,USD million,0.3088
2019,SLV,El Salvador,ESP,Spain,Bilateral,constant,USD million,9.1112
2020,SLV,El Salvador,ESP,Spain,Bilateral,constant,USD million,9.5285
2021,SLV,El Salvador,ESP,Spain,Bilateral,constant,USD million,8.235
2023,SLV,El Salvador,ESP,Spain,Bilateral,constant,USD million,8.3332
2024,SLV,El Salvador,ESP,Spain,Bilateral,constant,USD million,3.4932
2025,SLV,El Salvador,ESP,Spain,Bilateral,constant,USD million,1.4466
2015,ERI,Eritrea,CHN,China,Bilateral,constant,USD million,4.3119
2016,ERI,Eritrea,CHN,China,Bilateral,constant,USD million,2.2592
2017,ERI,Eritrea,CHN,China,Bilateral,constant,USD million,1.3937
2018,ERI,Eritrea,CHN,China,Bilateral,constant,USD million,0.6116
2019,ERI,Eritrea,CHN,China,Bilateral,constant,USD million,0.2459
2020,ERI,Eritrea,CHN,China,Bilateral,constant,USD million,
2021,ERI,Eritrea,CHN,China,Bilateral,constant,USD million,
2022,ERI,Eritrea,CHN,China,Bilateral,constant,USD million,
2023,ERI,Eritrea,CHN,China,Bilateral,constant,USD million,
2024,ERI,Eritrea,CHN,China,Bilateral,constant,USD million,
2015,ERI,Eritrea,IND,India,Bilateral,constant,USD million,2.43
2016,ERI,Eritrea,IND,India,Bilateral,constant,USD million,1.8675
2017,ERI,Eritrea,IND,India,Bilateral,constant,USD million,1.5624
2018,ERI,Eritrea,IND,India,Bilateral,constant,USD million,1.6609
2019,ERI,Eritrea,IND,India,Bilateral,constant,USD million,0.9979
2020,ERI,Eritrea,IND,India,Bilateral,constant,USD million,
2021,ERI,Eritrea,IND,India,Bilateral,constant,USD million,
2022,ERI,Eritrea,IND,India,Bilateral,constant,USD million,
2023,ERI,Eritrea,IND,India,Bilateral,constant,USD million,
2024,ERI,Eritrea,IND,India,Bilateral,constant,USD million,
2015,ERI,Eritrea,KWT,Kuwait,Bilateral,constant,USD million,0.1363
2016,ERI,Eritrea,KWT,Kuwait,Bilateral,constant,USD million,0.055
2017,ERI,Eritrea,KWT,Kuwait,Bilateral,constant,USD million,0.0202
2018,ERI,Eritrea,KWT,Kuwait,Bilateral,constant,USD million,0.0073
2015,ERI,Eritrea,SAU,Saudi Arabia,Bilateral,constant,USD million,0.1064
2015,ERI,Eritrea,ARE,United Arab Emirates,Bilateral,constant,USD million,2.9326
2016,ERI,Eritrea,ARE,United Arab Emirates,Bilateral,constant,USD million,1.9126
2017,ERI,Eritrea,ARE,United Arab Emirates,Bilateral,constant,USD million,1.0002
2018,ERI,Eritrea,ARE,United Arab Emirates,Bilateral,constant,USD million,0.6438
2019,ERI,Eritrea,ARE,United Arab Emirates,Bilateral,constant,USD million,0.2705
2020,ERI,Eritrea,ARE,United Arab Emirates,Bilateral,constant,USD million,
2021,ERI,Eritrea,ARE,United Arab Emirates,Bilateral,constant,USD million,
2022,ERI,Eritrea,ARE,United Arab Emirates,Bilateral,constant,USD million,
2023,ERI,Eritrea,ARE,United Arab Emirates,Bilateral,constant,USD million,
2024,ERI,Eritrea,ARE,United Arab Emirates,Bilateral,constant,USD million,
2016,SWZ,Eswatini,CHN,China,Bilateral,constant,USD million,34.6407
2017,SWZ,Eswatini,CHN,China,Bilateral,constant,USD million,23.6352
2018,SWZ,Eswatini,CHN,China,Bilateral,constant,USD million,62.4176
2019,SWZ,Eswatini,CHN,China,Bilateral,constant,USD million,33.3
2020,SWZ,Eswatini,CHN,China,Bilateral,constant,USD million,32.9198
2023,SWZ,Eswatini,CHN,China,Bilateral,constant,USD million,32.1162
2024,SWZ,Eswatini,CHN,China,Bilateral,constant,USD million,14.1859
2025,SWZ,Eswatini,CHN,China,Bilateral,constant,USD million,5.7746
2015,SWZ,Eswatini,IND,India,Bilateral,constant,USD million,24.577
2016,SWZ,Eswatini,IND,India,Bilateral,constant,USD million,9.1787
2017,SWZ,Eswatini,IND,India,Bilateral,constant,USD million,2.7669
2018,SWZ,Eswatini,IND,India,Bilateral,constant,USD million,0.9994
2016,SWZ,Eswatini,KWT,Kuwait,Bilateral,constant,USD million,8.7272
2017,SWZ,Eswatini,KWT,Kuwait,Bilateral,constant,USD million,1.5943
2018,SWZ,Eswatini,KWT,Kuwait,Bilateral,constant,USD million,3.1638
2023,SWZ,Eswatini,KWT,Kuwait,Bilateral,constant,USD million,2.722
2024,SWZ,Eswatini,KWT,Kuwait,Bilateral,constant,USD million,4.8376
2025,SWZ,Eswatini,KWT,Kuwait,Bilateral,constant,USD million,3.0554
2015,SWZ,Eswatini,,Multiple Lenders,Bilateral,constant,USD million,3.404
2016,SWZ,Eswatini,,Multiple Lenders,Bilateral,constant,USD million,10.1136
2017,SWZ,Eswatini,,Multiple Lenders,Bilateral,constant,USD million,3.2666
2018,SWZ,Eswatini,,Multiple Lenders,Bilateral,constant,USD million,0.8589
2019,SWZ,Eswatini,,Multiple Lenders,Bilateral,constant,USD million,0.0529
2016,SWZ,Eswatini,ARE,United Arab Emirates,Bilateral,constant,USD million,6.3722
2017,SWZ,Eswatini,ARE,United Arab Emirates,Bilateral,constant,USD million,1.7979
2018,SWZ,Eswatini,ARE,United Arab Emirates,Bilateral,constant,USD million,1.1326
2015,ETH,Ethiopia,CAN,Canada,Bilateral,constant,USD million,14.111
2020,ETH,Ethiopia,CAN,Canada,Bilateral,constant,USD million,107.8482
2023,ETH,Ethiopia,CAN,Canada,Bilateral,constant,USD million,0.0119
2024,ETH,Ethiopia,CAN,Canada,Bilateral,constant,USD million,0.0035
2015,ETH,Ethiopia,CHN,China,Bilateral,constant,USD million,1237.208
2016,ETH,Ethiopia,CHN,China,Bilateral,constant,USD million,974.1935
2017,ETH,Ethiopia,CHN,China,Bilateral,constant,USD million,820.9938
2018,ETH,Ethiopia,CHN,China,Bilateral,constant,USD million,382.2922
2019,ETH,Ethiopia,CHN,China,Bilateral,constant,USD million,378.0616
2020,ETH,Ethiopia,CHN,China,Bilateral,constant,USD million,132.7078
2021,ETH,Ethiopia,CHN,China,Bilateral,constant,USD million,26.5331
2022,ETH,Ethiopia,CHN,China,Bilateral,constant,USD million,9.7826
2023,ETH,Ethiopia,CHN,China,Bilateral,constant,USD million,828.1492
2024,ETH,Ethiopia,CHN,China,Bilateral,constant,USD million,513.1546
2025,ETH,Ethiopia,CHN,China,Bilateral,constant,USD million,282.454
2015,ETH,Ethiopia,FRA,France,Bilateral,constant,USD million,77.6709
2016,ETH,Ethiopia,FRA,France,Bilateral,constant,USD million,4.8226
2018,ETH,Ethiopia,FRA,France,Bilateral,constant,USD million,2.9179
2019,ETH,Ethiopia,FRA,France,Bilateral,constant,USD million,49.0375
2020,ETH,Ethiopia,FRA,France,Bilateral,constant,USD million,49.7204
2022,ETH,Ethiopia,FRA,France,Bilateral,constant,USD million,33.9903
2023,ETH,Ethiopia,FRA,France,Bilateral,constant,USD million,42.5241
2024,ETH,Ethiopia,FRA,France,Bilateral,constant,USD million,47.2962
2025,ETH,Ethiopia,FRA,France,Bilateral,constant,USD million,35.2251
2016,ETH,Ethiopia,DEU,"Germany, Fed. Rep. of",Bilateral,constant,USD million,34.2086
2022,ETH,Ethiopia,DEU,"Germany, Fed. Rep. of",Bilateral,constant,USD million,0.0552
2015,ETH,Ethiopia,IND,India,Bilateral,constant,USD million,25.563
2016,ETH,Ethiopia,IND,India,Bilateral,constant,USD million,14.8799
2017,ETH,Ethiopia,IND,India,Bilateral,constant,USD million,11.3151
2018,ETH,Ethiopia,IND,India,Bilateral,constant,USD million,4.1065
2019,ETH,Ethiopia,IND,India,Bilateral,constant,USD million,1.2759
2020,ETH,Ethiopia,IND,India,Bilateral,constant,USD million,0.6195
2021,ETH,Ethiopia,IND,India,Bilateral,constant,USD million,6.4879
2023,ETH,Ethiopia,IND,India,Bilateral,constant,USD million,44.2668
2024,ETH,Ethiopia,IND,India,Bilateral,constant,USD million,25.5585
2025,ETH,Ethiopia,IND,India,Bilateral,constant,USD million,10.4101
2023,ETH,Ethiopia,ITA,Italy,Bilateral,constant,USD million,19.455
2024,ETH,Ethiopia,ITA,Italy,Bilateral,constant,USD million,21.3217
2025,ETH,Ethiopia,ITA,Italy,Bilateral,constant,USD million,16.9739
2023,ETH,Ethiopia,JPN,Japan,Bilateral,constant,USD million,17.8553
2024,ETH,Ethiopia,JPN,Japan,Bilateral,constant,USD million,14.3057
2025,ETH,Ethiopia,JPN,Japan,Bilateral,constant,USD million,11.4222
2023,ETH,Ethiopia,KOR,"Korea, Republic of",Bilateral,constant,USD million,75.0964
2024,ETH,Ethiopia,KOR,"Korea, Republic of",Bilateral,constant,USD million,108.4597
2025,ETH,Ethiopia,KOR,"Korea, Republic of",Bilateral,constant,USD million,102.0375
2015,ETH,Ethiopia,KWT,Kuwait,Bilateral,constant,USD million,9.3509
2016,ETH,Ethiopia,KWT,Kuwait,Bilateral,constant,USD million,5.09
2017,ETH,Ethiopia,KWT,Kuwait,Bilateral,constant,USD million,5.6177
2018,ETH,Ethiopia,KWT,Kuwait,Bilateral,constant,USD million,4.0102
2020,ETH,Ethiopia,KWT,Kuwait,Bilateral,constant,USD million,0.433
2023,ETH,Ethiopia,KWT,Kuwait,Bilateral,constant,USD million,3.4065
2024,ETH,Ethiopia,KWT,Kuwait,Bilateral,constant,USD million,5.6732
2025,ETH,Ethiopia,KWT,Kuwait,Bilateral,constant,USD million,4.9544
2023,ETH,Ethiopia,POL,Poland,Bilateral,constant,USD million,0.1078
2024,ETH,Ethiopia,POL,Poland,Bilateral,constant,USD million,0.0315
2023,ETH,Ethiopia,SAU,Saudi Arabia,Bilateral,constant,USD million,28.9435
2024,ETH,Ethiopia,SAU,Saudi Arabia,Bilateral,constant,USD million,34.4818
2025,ETH,Ethiopia,SAU,Saudi Arabia,Bilateral,constant,USD million,29.9755
2015,ETH,Ethiopia,TUR,Turkiye,Bilateral,constant,USD million,80.41
2016,ETH,Ethiopia,TUR,Turkiye,Bilateral,constant,USD million,196.1361
2017,ETH,Ethiopia,TUR,Turkiye,Bilateral,constant,USD million,11.6854
2017,ETH,Ethiopia,ARE,United Arab Emirates,Bilateral,constant,USD million,1.7034
2022,ETH,Ethiopia,ARE,United Arab Emirates,Bilateral,constant,USD million,1.9508
2023,ETH,Ethiopia,ARE,United Arab Emirates,Bilateral,constant,USD million,13.5666
2024,ETH,Ethiopia,ARE,United Arab Emirates,Bilateral,constant,USD million,25.4503
2025,ETH,Ethiopia,ARE,United Arab Emirates,Bilateral,constant,USD million,22.9758
2015,FJI,Fiji,CHN,China,Bilateral,constant,USD million,24.9827
2016,FJI,Fiji,CHN,China,Bilateral,constant,USD million,43.0388
2015,FJI,Fiji,IND,India,Bilateral,constant,USD million,1.89
2016,FJI,Fiji,IND,India,Bilateral,constant,USD million,1.1655
2017,FJI,Fiji,IND,India,Bilateral,constant,USD million,0.8968
2018,FJI,Fiji,IND,India,Bilateral,constant,USD million,0.768
2021,FJI,Fiji,JPN,Japan,Bilateral,constant,USD million,87.1566
2022,FJI,Fiji,JPN,Japan,Bilateral,constant,USD million,75.8878
2015,GAB,Gabon,CHN,China,Bilateral,constant,USD million,111.2465
2016,GAB,Gabon,CHN,China,Bilateral,constant,USD million,87.299
2018,GAB,Gabon,CHN,China,Bilateral,constant,USD million,142.3589
2019,GAB,Gabon,CHN,China,Bilateral,constant,USD million,98.4865
2020,GAB,Gabon,CHN,China,Bilateral,constant,USD million,28.9206
2023,GAB,Gabon,CHN,China,Bilateral,constant,USD million,60.0852
2024,GAB,Gabon,CHN,China,Bilateral,constant,USD million,90.5077
2025,GAB,Gabon,CHN,China,Bilateral,constant,USD million,50.1439
2015,GAB,Gabon,FRA,France,Bilateral,constant,USD million,42.3695
2016,GAB,Gabon,FRA,France,Bilateral,constant,USD million,25.6069
2017,GAB,Gabon,FRA,France,Bilateral,constant,USD million,14.5249
2018,GAB,Gabon,FRA,France,Bilateral,constant,USD million,12.4851
2019,GAB,Gabon,FRA,France,Bilateral,constant,USD million,15.1925
2020,GAB,Gabon,FRA,France,Bilateral,constant,USD million,30.9608
2021,GAB,Gabon,FRA,France,Bilateral,constant,USD million,24.156
2022,GAB,Gabon,FRA,France,Bilateral,constant,USD million,62.8119
2023,GAB,Gabon,FRA,France,Bilateral,constant,USD million,143.0297
2024,GAB,Gabon,FRA,France,Bilateral,constant,USD million,86.4198
2025,GAB,Gabon,FRA,France,Bilateral,constant,USD million,42.7472
2023,GAB,Gabon,IND,India,Bilateral,constant,USD million,8.226
2019,GMB,"Gambia, The",CHN,China,Bilateral,constant,USD million,23.1416
2015,GMB,"Gambia, The",IND,India,Bilateral,constant,USD million,2.342
2016,GMB,"Gambia, The",IND,India,Bilateral,constant,USD million,3.4392
2017,GMB,"Gambia, The",IND,India,Bilateral,constant,USD million,0.1556
2018,GMB,"Gambia, The",IND,India,Bilateral,constant,USD million,0.0065
2019,GMB,"Gambia, The",IND,India,Bilateral,constant,USD million,7.6832
2020,GMB,"Gambia, The",IND,India,Bilateral,constant,USD million,4.6095
2021,GMB,"Gambia, The",IND,India,Bilateral,constant,USD million,2.4687
2022,GMB,"Gambia, The",IND,India,Bilateral,constant,USD million,2.4728
2023,GMB,"Gambia, The",IND,India,Bilateral,constant,USD million,2.1994
2024,GMB,"Gambia, The",IND,India,Bilateral,constant,USD million,1.1401
2025,GMB,"Gambia, The",IND,India,Bilateral,constant,USD million,0.4148
2015,GMB,"Gambia, The",KWT,Kuwait,Bilateral,constant,USD million,8.7393
2016,GMB,"Gambia, The",KWT,Kuwait,Bilateral,constant,USD million,6.127
2017,GMB,"Gambia, The",KWT,Kuwait,Bilateral,constant,USD million,2.6479
2018,GMB,"Gambia, The",KWT,Kuwait,Bilateral,constant,USD million,1.0767
2020,GMB,"Gambia, The",KWT,Kuwait,Bilateral,constant,USD million,0.62
2021,GMB,"Gambia, The",KWT,Kuwait,Bilateral,constant,USD million,0.8266
2022,GMB,"Gambia, The",KWT,Kuwait,Bilateral,constant,USD million,0.2879
2023,GMB,"Gambia, The",KWT,Kuwait,Bilateral,constant,USD million,11.4299
2024,GMB,"Gambia, The",KWT,Kuwait,Bilateral,constant,USD million,9.7727
2025,GMB,"Gambia, The",KWT,Kuwait,Bilateral,constant,USD million,5.8928
2015,GMB,"Gambia, The",,Multiple Lenders,Bilateral,constant,USD million,0.392
2023,GMB,"Gambia, The",,Multiple Lenders,Bilateral,constant,USD million,0.372
2024,GMB,"Gambia, The",,Multiple Lenders,Bilateral,constant,USD million,0.2921
2025,GMB,"Gambia, The",,Multiple Lenders,Bilateral,constant,USD million,0.2008
2023,GMB,"Gambia, The",SAU,Saudi Arabia,Bilateral,constant,USD million,13.6219
2024,GMB,"Gambia, The",SAU,Saudi Arabia,Bilateral,constant,USD million,8.5286
2025,GMB,"Gambia, The",SAU,Saudi Arabia,Bilateral,constant,USD million,5.001
2017,GMB,"Gambia, The",ARE,United Arab Emirates,Bilateral,constant,USD million,1.0528
2018,GMB,"Gambia, The",ARE,United Arab Emirates,Bilateral,constant,USD million,1.97
2019,GMB,"Gambia, The",ARE,United Arab Emirates,Bilateral,constant,USD million,2.6019
2020,GMB,"Gambia, The",ARE,United Arab Emirates,Bilateral,constant,USD million,3.5069
2021,GMB,"Gambia, The",ARE,United Arab Emirates,Bilateral,constant,USD million,0.0691
2023,GMB,"Gambia, The",ARE,United Arab Emirates,Bilateral,constant,USD million,0.026
2024,GMB,"Gambia, The",ARE,United Arab Emirates,Bilateral,constant,USD million,0.0161
2016,GEO,Georgia,FRA,France,Bilateral,constant,USD million,2.1587
2019,GEO,Georgia,FRA,France,Bilateral,constant,USD million,0.4557
2020,GEO,Georgia,FRA,France,Bilateral,constant,USD million,7.948
2021,GEO,Georgia,FRA,France,Bilateral,constant,USD million,11.9561
2022,GEO,Georgia,FRA,France,Bilateral,constant,USD million,26.9363
2023,GEO,Georgia,FRA,France,Bilateral,constant,USD million,25.4549
2024,GEO,Georgia,FRA,France,Bilateral,constant,USD million,38.8718
2025,GEO,Georgia,FRA,France,Bilateral,constant,USD million,25.71
2015,GEO,Georgia,DEU,"Germany, Fed. Rep. of",Bilateral,constant,USD million,11.8215
2016,GEO,Georgia,DEU,"Germany, Fed. Rep. of",Bilateral,constant,USD million,19.2656
2017,GEO,Georgia,DEU,"Germany, Fed. Rep. of",Bilateral,constant,USD million,20.0375
2018,GEO,Georgia,DEU,"Germany, Fed. Rep. of",Bilateral,constant,USD million,69.8182
2019,GEO,Georgia,DEU,"Germany, Fed. Rep. of",Bilateral,constant,USD million,12.7446
2020,GEO,Georgia,DEU,"Germany, Fed. Rep. of",Bilateral,constant,USD million,345.2995
2021,GEO,Georgia,DEU,"Germany, Fed. Rep. of",Bilateral,constant,USD million,5.1022
2022,GEO,Georgia,DEU,"Germany, Fed. Rep. of",Bilateral,constant,USD million,1.6189
2023,GEO,Georgia,DEU,"Germany, Fed. Rep. of",Bilateral,constant,USD million,145.2673
2024,GEO,Georgia,DEU,"Germany, Fed. Rep. of",Bilateral,constant,USD million,145.569
2025,GEO,Georgia,DEU,"Germany, Fed. Rep. of",Bilateral,constant,USD million,86.5424
2016,GEO,Georgia,JPN,Japan,Bilateral,constant,USD million,12.8164
2017,GEO,Georgia,JPN,Japan,Bilateral,constant,USD million,14.8632
2018,GEO,Georgia,JPN,Japan,Bilateral,constant,USD million,2.7459
2019,GEO,Georgia,JPN,Japan,Bilateral,constant,USD million,0.5582
2020,GEO,Georgia,JPN,Japan,Bilateral,constant,USD million,1.3496
2021,GEO,Georgia,JPN,Japan,Bilateral,constant,USD million,0.0093
2017,GEO,Georgia,KWT,Kuwait,Bilateral,constant,USD million,0.0166
2018,GEO,Georgia,KWT,Kuwait,Bilateral,constant,USD million,0.2794
2019,GEO,Georgia,KWT,Kuwait,Bilateral,constant,USD million,0.4664
2020,GEO,Georgia,KWT,Kuwait,Bilateral,constant,USD million,1.751
2021,GEO,Georgia,KWT,Kuwait,Bilateral,constant,USD million,2.7983
2022,GEO,Georgia,KWT,Kuwait,Bilateral,constant,USD million,1.7339
2023,GEO,Georgia,KWT,Kuwait,Bilateral,constant,USD million,4.4589
2024,GEO,Georgia,KWT,Kuwait,Bilateral,constant,USD million,2.4195
2025,GEO,Georgia,KWT,Kuwait,Bilateral,constant,USD million,0.9759
2023,GHA,Ghana,BEL,Belgium,Bilateral,constant,USD million,16.5398
2024,GHA,Ghana,BEL,Belgium,Bilateral,constant,USD million,18.071
2025,GHA,Ghana,BEL,Belgium,Bilateral,constant,USD million,11.2913
2015,GHA,Ghana,CHN,China,Bilateral,constant,USD million,121.186
2016,GHA,Ghana,CHN,China,Bilateral,constant,USD million,163.5309
2017,GHA,Ghana,CHN,China,Bilateral,constant,USD million,93.1812
2018,GHA,Ghana,CHN,China,Bilateral,constant,USD million,12.7041
2019,GHA,Ghana,CHN,China,Bilateral,constant,USD million,163.2232
2020,GHA,Ghana,CHN,China,Bilateral,constant,USD million,177.4275
2021,GHA,Ghana,CHN,China,Bilateral,constant,USD million,305.5025
2022,GHA,Ghana,CHN,China,Bilateral,constant,USD million,218.9162
2023,GHA,Ghana,CHN,China,Bilateral,constant,USD million,437.5967
2024,GHA,Ghana,CHN,China,Bilateral,constant,USD million,691.91
2025,GHA,Ghana,CHN,China,Bilateral,constant,USD million,388.4266
2020,GHA,Ghana,CZE,Czechia,Bilateral,constant,USD million,7.2989
2021,GHA,Ghana,CZE,Czechia,Bilateral,constant,USD million,19.8492
2022,GHA,Ghana,CZE,Czechia,Bilateral,constant,USD million,6.2801
2023,GHA,Ghana,CZE,Czechia,Bilateral,constant,USD million,10.075
2024,GHA,Ghana,CZE,Czechia,Bilateral,constant,USD million,3.7688
2025,GHA,Ghana,CZE,Czechia,Bilateral,constant,USD million,1.9549
2017,GHA,Ghana,EGY,Egypt,Bilateral,constant,USD million,12.5324
2018,GHA,Ghana,EGY,Egypt,Bilateral,constant,USD million,1.8502
2019,GHA,Ghana,EGY,Egypt,Bilateral,constant,USD million,4.7999
2023,GHA,Ghana,EGY,Egypt,Bilateral,constant,USD million,22.2384
2015,GHA,Ghana,FRA,France,Bilateral,constant,USD million,18.8019
2016,GHA,Ghana,FRA,France,Bilateral,constant,USD million,4.6662
2017,GHA,Ghana,FRA,France,Bilateral,constant,USD million,0.001
2023,GHA,Ghana,FRA,France,Bilateral,constant,USD million,9.8509
2024,GHA,Ghana,FRA,France,Bilateral,constant,USD million,5.237
2025,GHA,Ghana,FRA,France,Bilateral,constant,USD million,2.7748
2017,GHA,Ghana,DEU,"Germany, Fed. Rep. of",Bilateral,constant,USD million,0.7237
2018,GHA,Ghana,DEU,"Germany, Fed. Rep. of",Bilateral,constant,USD million,4.8657
2019,GHA,Ghana,DEU,"Germany, Fed. Rep. of",Bilateral,constant,USD million,1.8204
2021,GHA,Ghana,DEU,"Germany, Fed. Rep. of",Bilateral,constant,USD million,6.3786
2023,GHA,Ghana,DEU,"Germany, Fed. Rep. of",Bilateral,constant,USD million,61.7378
2024,GHA,Ghana,DEU,"Germany, Fed. Rep. of",Bilateral,constant,USD million,76.9593
2025,GHA,Ghana,DEU,"Germany, Fed. Rep. of",Bilateral,constant,USD million,51.3332
2015,GHA,Ghana,IND,India,Bilateral,constant,USD million,17.169
2016,GHA,Ghana,IND,India,Bilateral,constant,USD million,4.5085
2017,GHA,Ghana,IND,India,Bilateral,constant,USD million,80.43
2018,GHA,Ghana,IND,India,Bilateral,constant,USD million,47.2949
2019,GHA,Ghana,IND,India,Bilateral,constant,USD million,74.425
2020,GHA,Ghana,IND,India,Bilateral,constant,USD million,102.3917
2021,GHA,Ghana,IND,India,Bilateral,constant,USD million,34.9791
2022,GHA,Ghana,IND,India,Bilateral,constant,USD million,68.4727
2023,GHA,Ghana,IND,India,Bilateral,constant,USD million,61.5134
2024,GHA,Ghana,IND,India,Bilateral,constant,USD million,60.7093
2025,GHA,Ghana,IND,India,Bilateral,constant,USD million,40.4044
2023,GHA,Ghana,ITA,Italy,Bilateral,constant,USD million,16.9304
2024,GHA,Ghana,ITA,Italy,Bilateral,constant,USD million,17.7117
2025,GHA,Ghana,ITA,Italy,Bilateral,constant,USD million,10.2556
2023,GHA,Ghana,JPN,Japan,Bilateral,constant,USD million,15.6481
2024,GHA,Ghana,JPN,Japan,Bilateral,constant,USD million,25.376
2025,GHA,Ghana,JPN,Japan,Bilateral,constant,USD million,17.8335
2023,GHA,Ghana,KOR,"Korea, Republic of",Bilateral,constant,USD million,71.8095
2024,GHA,Ghana,KOR,"Korea, Republic of",Bilateral,constant,USD million,53.8281
2025,GHA,Ghana,KOR,"Korea, Republic of",Bilateral,constant,USD million,27.6371
2016,GHA,Ghana,KWT,Kuwait,Bilateral,constant,USD million,0.3766
2022,GHA,Ghana,KWT,Kuwait,Bilateral,constant,USD million,1.0591
2023,GHA,Ghana,KWT,Kuwait,Bilateral,constant,USD million,15.4645
2024,GHA,Ghana,KWT,Kuwait,Bilateral,constant,USD million,12.993
2025,GHA,Ghana,KWT,Kuwait,Bilateral,constant,USD million,8.0202
2016,GHA,Ghana,SAU,Saudi Arabia,Bilateral,constant,USD million,0.0002
2017,GHA,Ghana,SAU,Saudi Arabia,Bilateral,constant,USD million,0.6379
2021,GHA,Ghana,SAU,Saudi Arabia,Bilateral,constant,USD million,0.9335
2023,GHA,Ghana,SAU,Saudi Arabia,Bilateral,constant,USD million,8.6049
2024,GHA,Ghana,SAU,Saudi Arabia,Bilateral,constant,USD million,7.9822
2025,GHA,Ghana,SAU,Saudi Arabia,Bilateral,constant,USD million,5.6785
2015,GHA,Ghana,ESP,Spain,Bilateral,constant,USD million,8.0622
2016,GHA,Ghana,ESP,Spain,Bilateral,constant,USD million,0.8724
2019,GHA,Ghana,ESP,Spain,Bilateral,constant,USD million,0.8375
2023,GHA,Ghana,ESP,Spain,Bilateral,constant,USD million,0.0626
2024,GHA,Ghana,ESP,Spain,Bilateral,constant,USD million,0.0437
2015,GHA,Ghana,TUR,Turkiye,Bilateral,constant,USD million,46.448
2016,GHA,Ghana,TUR,Turkiye,Bilateral,constant,USD million,46.0895
2017,GHA,Ghana,TUR,Turkiye,Bilateral,constant,USD million,11.7262
2023,GHA,Ghana,TUR,Turkiye,Bilateral,constant,USD million,1.409
2024,GHA,Ghana,TUR,Turkiye,Bilateral,constant,USD million,0.9828
2015,GHA,Ghana,USA,United States,Bilateral,constant,USD million,95.617
2016,GHA,Ghana,USA,United States,Bilateral,constant,USD million,59.1725
2017,GHA,Ghana,USA,United States,Bilateral,constant,USD million,13.7843
2018,GHA,Ghana,USA,United States,Bilateral,constant,USD million,2.1014
2019,GHA,Ghana,USA,United States,Bilateral,constant,USD million,2.2029
2020,GHA,Ghana,USA,United States,Bilateral,constant,USD million,5.1154
2021,GHA,Ghana,USA,United States,Bilateral,constant,USD million,19.6023
2022,GHA,Ghana,USA,United States,Bilateral,constant,USD million,6.4572
2023,GHA,Ghana,USA,United States,Bilateral,constant,USD million,8.4104
2024,GHA,Ghana,USA,United States,Bilateral,constant,USD million,6.7136
2025,GHA,Ghana,USA,United States,Bilateral,constant,USD million,3.2499
2017,GRD,Grenada,AUT,Austria,Bilateral,constant,USD million,0.4575
2018,GRD,Grenada,AUT,Austria,Bilateral,constant,USD million,0.2183
2019,GRD,Grenada,AUT,Austria,Bilateral,constant,USD million,2.8645
2020,GRD,Grenada,AUT,Austria,Bilateral,constant,USD million,4.7715
2021,GRD,Grenada,AUT,Austria,Bilateral,constant,USD million,0.7957
2017,GRD,Grenada,BRB,Barbados,Bilateral,constant,USD million,0.1276
2018,GRD,Grenada,BRB,Barbados,Bilateral,constant,USD million,0.1353
2019,GRD,Grenada,BRB,Barbados,Bilateral,constant,USD million,0.0281
2020,GRD,Grenada,BRB,Barbados,Bilateral,constant,USD million,0.0488
2021,GRD,Grenada,BRB,Barbados,Bilateral,constant,USD million,0.0137
2022,GRD,Grenada,BRB,Barbados,Bilateral,constant,USD million,0.2171
2023,GRD,Grenada,BRB,Barbados,Bilateral,constant,USD million,2.8599
2024,GRD,Grenada,BRB,Barbados,Bilateral,constant,USD million,2.0559
2025,GRD,Grenada,BRB,Barbados,Bilateral,constant,USD million,0.9946
2021,GRD,Grenada,CHN,China,Bilateral,constant,USD million,20.0264
2022,GRD,Grenada,CHN,China,Bilateral,constant,USD million,3.2537
2023,GRD,Grenada,CHN,China,Bilateral,constant,USD million,21.4689
2024,GRD,Grenada,CHN,China,Bilateral,constant,USD million,9.4019
2025,GRD,Grenada,CHN,China,Bilateral,constant,USD million,3.7889
2015,GRD,Grenada,FRA,France,Bilateral,constant,USD million,0.9105
2016,GRD,Grenada,FRA,France,Bilateral,constant,USD million,1.9515
2017,GRD,Grenada,FRA,France,Bilateral,constant,USD million,0.5908
2023,GRD,Grenada,FRA,France,Bilateral,constant,USD million,0.414
2024,GRD,Grenada,FRA,France,Bilateral,constant,USD million,0.1552
2025,GRD,Grenada,FRA,France,Bilateral,constant,USD million,0.0561
2015,GRD,Grenada,KWT,Kuwait,Bilateral,constant,USD million,2.7591
2016,GRD,Grenada,KWT,Kuwait,Bilateral,constant,USD million,0.8605
2017,GRD,Grenada,KWT,Kuwait,Bilateral,constant,USD million,1.0941
2018,GRD,Grenada,KWT,Kuwait,Bilateral,constant,USD million,0.0992
2015,GRD,Grenada,GBR,United Kingdom,Bilateral,constant,USD million,1.4286
2016,GRD,Grenada,GBR,United Kingdom,Bilateral,constant,USD million,0.2745
2017,GRD,Grenada,GBR,United Kingdom,Bilateral,constant,USD million,0.1334
2015,GRD,Grenada,USA,United States,Bilateral,constant,USD million,1.207
2016,GRD,Grenada,USA,United States,Bilateral,constant,USD million,0.1022
2017,GRD,Grenada,USA,United States,Bilateral,constant,USD million,0.2053
2023,GRD,Grenada,USA,United States,Bilateral,constant,USD million,0.1763
2024,GRD,Grenada,USA,United States,Bilateral,constant,USD million,0.069
2025,GRD,Grenada,USA,United States,Bilateral,constant,USD million,0.0169
2015,GTM,Guatemala,BRA,Brazil,Bilateral,constant,USD million,21.094
2023,GTM,Guatemala,JPN,Japan,Bilateral,constant,USD million,1.6598
2024,GTM,Guatemala,JPN,Japan,Bilateral,constant,USD million,1.0641
2022,GTM,Guatemala,USA,United States,Bilateral,constant,USD million,0.1751
2023,GIN,Guinea,BEL,Belgium,Bilateral,constant,USD million,0.6142
2024,GIN,Guinea,BEL,Belgium,Bilateral,constant,USD million,0.3538
2025,GIN,Guinea,BEL,Belgium,Bilateral,constant,USD million,0.202
2015,GIN,Guinea,CHN,China,Bilateral,constant,USD million,154.387
2016,GIN,Guinea,CHN,China,Bilateral,constant,USD million,55.1644
2017,GIN,Guinea,CHN,China,Bilateral,constant,USD million,16.65
2018,GIN,Guinea,CHN,China,Bilateral,constant,USD million,38.3627
2019,GIN,Guinea,CHN,China,Bilateral,constant,USD million,573.2834
2020,GIN,Guinea,CHN,China,Bilateral,constant,USD million,37.5927
2021,GIN,Guinea,CHN,China,Bilateral,constant,USD million,1.2957
2022,GIN,Guinea,CHN,China,Bilateral,constant,USD million,5.7268
2023,GIN,Guinea,CHN,China,Bilateral,constant,USD million,232.2478
2024,GIN,Guinea,CHN,China,Bilateral,constant,USD million,94.133
2025,GIN,Guinea,CHN,China,Bilateral,constant,USD million,35.4654
2015,GIN,Guinea,FRA,France,Bilateral,constant,USD million,27.4711
2023,GIN,Guinea,FRA,France,Bilateral,constant,USD million,27.8904
2024,GIN,Guinea,FRA,France,Bilateral,constant,USD million,34.2733
2025,GIN,Guinea,FRA,France,Bilateral,constant,USD million,21.7921
2023,GIN,Guinea,IND,India,Bilateral,constant,USD million,34.4017
2024,GIN,Guinea,IND,India,Bilateral,constant,USD million,24.9846
2025,GIN,Guinea,IND,India,Bilateral,constant,USD million,17.3908
2023,GIN,Guinea,ITA,Italy,Bilateral,constant,USD million,4.0947
2024,GIN,Guinea,ITA,Italy,Bilateral,constant,USD million,2.3587
2025,GIN,Guinea,ITA,Italy,Bilateral,constant,USD million,1.3466
2015,GIN,Guinea,KWT,Kuwait,Bilateral,constant,USD million,2.9186
2016,GIN,Guinea,KWT,Kuwait,Bilateral,constant,USD million,3.2488
2017,GIN,Guinea,KWT,Kuwait,Bilateral,constant,USD million,3.8456
2018,GIN,Guinea,KWT,Kuwait,Bilateral,constant,USD million,0.1309
2022,GIN,Guinea,KWT,Kuwait,Bilateral,constant,USD million,1.8339
2023,GIN,Guinea,KWT,Kuwait,Bilateral,constant,USD million,7.5321
2024,GIN,Guinea,KWT,Kuwait,Bilateral,constant,USD million,8.3216
2025,GIN,Guinea,KWT,Kuwait,Bilateral,constant,USD million,5.2642
2019,GIN,Guinea,QAT,Qatar,Bilateral,constant,USD million,53.8696
2015,GIN,Guinea,SAU,Saudi Arabia,Bilateral,constant,USD million,0.7107
2016,GIN,Guinea,SAU,Saudi Arabia,Bilateral,constant,USD million,5.9835
2019,GIN,Guinea,SAU,Saudi Arabia,Bilateral,constant,USD million,1.9099
2021,GIN,Guinea,SAU,Saudi Arabia,Bilateral,constant,USD million,1.0007
2022,GIN,Guinea,SAU,Saudi Arabia,Bilateral,constant,USD million,0.8751
2023,GIN,Guinea,SAU,Saudi Arabia,Bilateral,constant,USD million,4.6735
2024,GIN,Guinea,SAU,Saudi Arabia,Bilateral,constant,USD million,2.6648
2025,GIN,Guinea,SAU,Saudi Arabia,Bilateral,constant,USD million,0.9003
2023,GNB,Guinea-Bissau,KWT,Kuwait,Bilateral,constant,USD million,3.0452
2024,GNB,Guinea-Bissau,KWT,Kuwait,Bilateral,constant,USD million,1.9924
2025,GNB,Guinea-Bissau,KWT,Kuwait,Bilateral,constant,USD million,1.2577
2017,GNB,Guinea-Bissau,PAK,Pakistan,Bilateral,constant,USD million,2.8954
2023,GNB,Guinea-Bissau,SAU,Saudi Arabia,Bilateral,constant,USD million,2.7188
2024,GNB,Guinea-Bissau,SAU,Saudi Arabia,Bilateral,constant,USD million,1.7721
2025,GNB,Guinea-Bissau,SAU,Saudi Arabia,Bilateral,constant,USD million,1.1525
2015,GUY,Guyana,CHN,China,Bilateral,constant,USD million,5.1445
2016,GUY,Guyana,CHN,China,Bilateral,constant,USD million,32.6584
2017,GUY,Guyana,CHN,China,Bilateral,constant,USD million,43.0512
2018,GUY,Guyana,CHN,China,Bilateral,constant,USD million,48.1928
2019,GUY,Guyana,CHN,China,Bilateral,constant,USD million,37.1493
2020,GUY,Guyana,CHN,China,Bilateral,constant,USD million,16.5039
2021,GUY,Guyana,CHN,China,Bilateral,constant,USD million,4.2469
2022,GUY,Guyana,CHN,China,Bilateral,constant,USD million,305.3131
2018,GUY,Guyana,IND,India,Bilateral,constant,USD million,0.7309
2019,GUY,Guyana,IND,India,Bilateral,constant,USD million,0.741
2020,GUY,Guyana,IND,India,Bilateral,constant,USD million,2.6692
2021,GUY,Guyana,IND,India,Bilateral,constant,USD million,2.3099
2022,GUY,Guyana,IND,India,Bilateral,constant,USD million,11.9192
2023,GUY,Guyana,IND,India,Bilateral,constant,USD million,36.5691
2024,GUY,Guyana,IND,India,Bilateral,constant,USD million,23.8502
2025,GUY,Guyana,IND,India,Bilateral,constant,USD million,11.7449
2022,GUY,Guyana,GBR,United Kingdom,Bilateral,constant,USD million,29.2007
2023,GUY,Guyana,GBR,United Kingdom,Bilateral,constant,USD million,82.099
2024,GUY,Guyana,GBR,United Kingdom,Bilateral,constant,USD million,47.8619
2025,GUY,Guyana,GBR,United Kingdom,Bilateral,constant,USD million,22.4028
2015,GUY,Guyana,VEN,"Venezuela, Republic Bolivarian",Bilateral,constant,USD million,1.328
2016,GUY,Guyana,VEN,"Venezuela, Republic Bolivarian",Bilateral,constant,USD million,0.0129
2023,HTI,Haiti,,Multiple Lenders,Bilateral,constant,USD million,5.4212
2024,HTI,Haiti,,Multiple Lenders,Bilateral,constant,USD million,3.1064
2025,HTI,Haiti,,Multiple Lenders,Bilateral,constant,USD million,0.6741
2016,HTI,Haiti,VEN,"Venezuela, Republic Bolivarian",Bilateral,constant,USD million,1.614
2023,HTI,Haiti,VEN,"Venezuela, Republic Bolivarian",Bilateral,constant,USD million,1.4767
2024,HTI,Haiti,VEN,"Venezuela, Republic Bolivarian",Bilateral,constant,USD million,0.6346
2025,HTI,Haiti,VEN,"Venezuela, Republic Bolivarian",Bilateral,constant,USD million,0.3673
2015,HND,Honduras,BRA,Brazil,Bilateral,constant,USD million,19.14
2016,HND,Honduras,BRA,Brazil,Bilateral,constant,USD million,34.5946
2017,HND,Honduras,BRA,Brazil,Bilateral,constant,USD million,2.3936
2023,HND,Honduras,BRA,Brazil,Bilateral,constant,USD million,40.0977
2024,HND,Honduras,BRA,Brazil,Bilateral,constant,USD million,16.1281
2025,HND,Honduras,BRA,Brazil,Bilateral,constant,USD million,6.292
2015,HND,Honduras,CHN,China,Bilateral,constant,USD million,100.0
2023,HND,Honduras,DEU,"Germany, Fed. Rep. of",Bilateral,constant,USD million,1.6414
2024,HND,Honduras,DEU,"Germany, Fed. Rep. of",Bilateral,constant,USD million,1.0398
2025,HND,Honduras,DEU,"Germany, Fed. Rep. of",Bilateral,constant,USD million,0.5795
2023,HND,Honduras,IND,India,Bilateral,constant,USD million,5.1464
2024,HND,Honduras,IND,India,Bilateral,constant,USD million,3.6868
2025,HND,Honduras,IND,India,Bilateral,constant,USD million,2.2512
2023,HND,Honduras,ITA,Italy,Bilateral,constant,USD million,1.4991
2024,HND,Honduras,ITA,Italy,Bilateral,constant,USD million,0.6242
2022,HND,Honduras,JPN,Japan,Bilateral,constant,USD million,69.5626
2023,HND,Honduras,JPN,Japan,Bilateral,constant,USD million,34.7102
2024,HND,Honduras,JPN,Japan,Bilateral,constant,USD million,22.605
2025,HND,Honduras,JPN,Japan,Bilateral,constant,USD million,14.0727
2023,HND,Honduras,KOR,"Korea, Republic of",Bilateral,constant,USD million,7.2303
2024,HND,Honduras,KOR,"Korea, Republic of",Bilateral,constant,USD million,5.4043
2025,HND,Honduras,KOR,"Korea, Republic of",Bilateral,constant,USD million,3.4283
2015,HND,Honduras,KWT,Kuwait,Bilateral,constant,USD million,0.6183
2016,HND,Honduras,KWT,Kuwait,Bilateral,constant,USD million,4.1694
2015,HND,Honduras,,Multiple Lenders,Bilateral,constant,USD million,0.286
2019,HND,Honduras,,Multiple Lenders,Bilateral,constant,USD million,293.4214
2023,HND,Honduras,,Multiple Lenders,Bilateral,constant,USD million,0.2459
2024,HND,Honduras,,Multiple Lenders,Bilateral,constant,USD million,0.2373
2025,HND,Honduras,,Multiple Lenders,Bilateral,constant,USD million,0.1929
2023,HND,Honduras,ESP,Spain,Bilateral,constant,USD million,0.0248
2024,HND,Honduras,ESP,Spain,Bilateral,constant,USD million,0.016
2015,HND,Honduras,USA,United States,Bilateral,constant,USD million,0.137
2016,HND,Honduras,USA,United States,Bilateral,constant,USD million,0.3102
2016,HND,Honduras,VEN,"Venezuela, Republic Bolivarian",Bilateral,constant,USD million,0.0492
2015,IND,India,FRA,France,Bilateral,constant,USD million,10.5888
2016,IND,India,FRA,France,Bilateral,constant,USD million,53.9295
2017,IND,India,FRA,France,Bilateral,constant,USD million,72.0455
2018,IND,India,FRA,France,Bilateral,constant,USD million,51.8533
2019,IND,India,FRA,France,Bilateral,constant,USD million,152.9281
2020,IND,India,FRA,France,Bilateral,constant,USD million,28.2725
2021,IND,India,FRA,France,Bilateral,constant,USD million,12.5825
2023,IND,India,FRA,France,Bilateral,constant,USD million,244.3951
2024,IND,India,FRA,France,Bilateral,constant,USD million,243.6884
2025,IND,India,FRA,France,Bilateral,constant,USD million,151.3776
2015,IND,India,DEU,"Germany, Fed. Rep. of",Bilateral,constant,USD million,324.7418
2016,IND,India,DEU,"Germany, Fed. Rep. of",Bilateral,constant,USD million,437.1888
2017,IND,India,DEU,"Germany, Fed. Rep. of",Bilateral,constant,USD million,272.0727
2018,IND,India,DEU,"Germany, Fed. Rep. of",Bilateral,constant,USD million,555.0805
2019,IND,India,DEU,"Germany, Fed. Rep. of",Bilateral,constant,USD million,315.2704
2020,IND,India,DEU,"Germany, Fed. Rep. of",Bilateral,constant,USD million,496.1417
2021,IND,India,DEU,"Germany, Fed. Rep. of",Bilateral,constant,USD million,510.0224
2022,IND,India,DEU,"Germany, Fed. Rep. of",Bilateral,constant,USD million,126.7548
2023,IND,India,DEU,"Germany, Fed. Rep. of",Bilateral,constant,USD million,1121.0436
2024,IND,India,DEU,"Germany, Fed. Rep. of",Bilateral,constant,USD million,1196.3151
2025,IND,India,DEU,"Germany, Fed. Rep. of",Bilateral,constant,USD million,710.7614
2015,IND,India,JPN,Japan,Bilateral,constant,USD million,86.561
2016,IND,India,JPN,Japan,Bilateral,constant,USD million,58.0777
2017,IND,India,JPN,Japan,Bilateral,constant,USD million,40.3984
2018,IND,India,JPN,Japan,Bilateral,constant,USD million,80.8176
2019,IND,India,JPN,Japan,Bilateral,constant,USD million,64.6677
2020,IND,India,JPN,Japan,Bilateral,constant,USD million,62.1343
2021,IND,India,JPN,Japan,Bilateral,constant,USD million,517.8732
2022,IND,India,JPN,Japan,Bilateral,constant,USD million,416.5242
2023,IND,India,JPN,Japan,Bilateral,constant,USD million,3758.2391
2024,IND,India,JPN,Japan,Bilateral,constant,USD million,3194.4665
2025,IND,India,JPN,Japan,Bilateral,constant,USD million,1919.9926
2015,IND,India,RUS,Russian Federation,Bilateral,constant,USD million,0.919
2016,IND,India,RUS,Russian Federation,Bilateral,constant,USD million,122.4416
2017,IND,India,RUS,Russian Federation,Bilateral,constant,USD million,380.8725
2018,IND,India,RUS,Russian Federation,Bilateral,constant,USD million,425.1468
2019,IND,India,RUS,Russian Federation,Bilateral,constant,USD million,357.676
2020,IND,India,RUS,Russian Federation,Bilateral,constant,USD million,1243.1812
2021,IND,India,RUS,Russian Federation,Bilateral,constant,USD million,350.9887
2022,IND,India,RUS,Russian Federation,Bilateral,constant,USD million,254.0939
2023,IND,India,RUS,Russian Federation,Bilateral,constant,USD million,2171.2422
2024,IND,India,RUS,Russian Federation,Bilateral,constant,USD million,1261.654
2025,IND,India,RUS,Russian Federation,Bilateral,constant,USD million,673.8973
2015,IND,India,SWE,Sweden,Bilateral,constant,USD million,104.9007
2016,IND,India,SWE,Sweden,Bilateral,constant,USD million,41.1187
2017,IND,India,SWE,Sweden,Bilateral,constant,USD million,32.8638
2018,IND,India,SWE,Sweden,Bilateral,constant,USD million,3.1313
2019,IND,India,SWE,Sweden,Bilateral,constant,USD million,9.6262
2020,IND,India,SWE,Sweden,Bilateral,constant,USD million,2.5638
2023,IND,India,SWE,Sweden,Bilateral,constant,USD million,1.3453
2024,IND,India,SWE,Sweden,Bilateral,constant,USD million,0.8805
2023,IND,India,USA,United States,Bilateral,constant,USD million,96.0505
2024,IND,India,USA,United States,Bilateral,constant,USD million,80.8238
2025,IND,India,USA,United States,Bilateral,constant,USD million,26.1118
2020,IDN,Indonesia,AUS,Australia,Bilateral,constant,USD million,1004.0217
2023,IDN,Indonesia,AUS,Australia,Bilateral,constant,USD million,4.6485
2024,IDN,Indonesia,AUS,Australia,Bilateral,constant,USD million,1.1924
2021,IDN,Indonesia,AUT,Austria,Bilateral,constant,USD million,0.6409
2018,IDN,Indonesia,CAN,Canada,Bilateral,constant,USD million,12.1337
2015,IDN,Indonesia,CHN,China,Bilateral,constant,USD million,118.056
2016,IDN,Indonesia,CHN,China,Bilateral,constant,USD million,175.767
2017,IDN,Indonesia,CHN,China,Bilateral,constant,USD million,340.005
2018,IDN,Indonesia,CHN,China,Bilateral,constant,USD million,350.1953
2019,IDN,Indonesia,CHN,China,Bilateral,constant,USD million,188.5203
2020,IDN,Indonesia,CHN,China,Bilateral,constant,USD million,184.603
2021,IDN,Indonesia,CHN,China,Bilateral,constant,USD million,79.3398
2022,IDN,Indonesia,CHN,China,Bilateral,constant,USD million,10.749
2023,IDN,Indonesia,CHN,China,Bilateral,constant,USD million,194.9986
2024,IDN,Indonesia,CHN,China,Bilateral,constant,USD million,329.5539
2025,IDN,Indonesia,CHN,China,Bilateral,constant,USD million,184.6248
2018,IDN,Indonesia,CZE,Czechia,Bilateral,constant,USD million,36.0358
2019,IDN,Indonesia,CZE,Czechia,Bilateral,constant,USD million,8.9471
2020,IDN,Indonesia,CZE,Czechia,Bilateral,constant,USD million,73.5771
2021,IDN,Indonesia,CZE,Czechia,Bilateral,constant,USD million,6.7526
2015,IDN,Indonesia,FRA,France,Bilateral,constant,USD million,170.1477
2016,IDN,Indonesia,FRA,France,Bilateral,constant,USD million,9.8561
2017,IDN,Indonesia,FRA,France,Bilateral,constant,USD million,270.3912
2018,IDN,Indonesia,FRA,France,Bilateral,constant,USD million,355.15
2020,IDN,Indonesia,FRA,France,Bilateral,constant,USD million,244.1103
2021,IDN,Indonesia,FRA,France,Bilateral,constant,USD million,107.1799
2022,IDN,Indonesia,FRA,France,Bilateral,constant,USD million,65.6105
2023,IDN,Indonesia,FRA,France,Bilateral,constant,USD million,86.9449
2024,IDN,Indonesia,FRA,France,Bilateral,constant,USD million,79.2224
2025,IDN,Indonesia,FRA,France,Bilateral,constant,USD million,40.5186
2015,IDN,Indonesia,DEU,"Germany, Fed. Rep. of",Bilateral,constant,USD million,246.3781
2016,IDN,Indonesia,DEU,"Germany, Fed. Rep. of",Bilateral,constant,USD million,428.6293
2017,IDN,Indonesia,DEU,"Germany, Fed. Rep. of",Bilateral,constant,USD million,212.2491
2018,IDN,Indonesia,DEU,"Germany, Fed. Rep. of",Bilateral,constant,USD million,1042.0296
2019,IDN,Indonesia,DEU,"Germany, Fed. Rep. of",Bilateral,constant,USD million,22.9398
2020,IDN,Indonesia,DEU,"Germany, Fed. Rep. of",Bilateral,constant,USD million,1195.5637
2021,IDN,Indonesia,DEU,"Germany, Fed. Rep. of",Bilateral,constant,USD million,232.5174
2022,IDN,Indonesia,DEU,"Germany, Fed. Rep. of",Bilateral,constant,USD million,740.9008
2023,IDN,Indonesia,DEU,"Germany, Fed. Rep. of",Bilateral,constant,USD million,330.3561
2024,IDN,Indonesia,DEU,"Germany, Fed. Rep. of",Bilateral,constant,USD million,249.8031
2025,IDN,Indonesia,DEU,"Germany, Fed. Rep. of",Bilateral,constant,USD million,117.4742
2015,IDN,Indonesia,JPN,Japan,Bilateral,constant,USD million,47.0336
2016,IDN,Indonesia,JPN,Japan,Bilateral,constant,USD million,14.2518
2017,IDN,Indonesia,JPN,Japan,Bilateral,constant,USD million,3.9784
2018,IDN,Indonesia,JPN,Japan,Bilateral,constant,USD million,165.4022
2019,IDN,Indonesia,JPN,Japan,Bilateral,constant,USD million,133.7084
2020,IDN,Indonesia,JPN,Japan,Bilateral,constant,USD million,520.4733
2021,IDN,Indonesia,JPN,Japan,Bilateral,constant,USD million,499.346
2022,IDN,Indonesia,JPN,Japan,Bilateral,constant,USD million,93.932
2023,IDN,Indonesia,JPN,Japan,Bilateral,constant,USD million,1270.9579
2024,IDN,Indonesia,JPN,Japan,Bilateral,constant,USD million,809.5985
2025,IDN,Indonesia,JPN,Japan,Bilateral,constant,USD million,464.9657
2015,IDN,Indonesia,KOR,"Korea, Republic of",Bilateral,constant,USD million,359.871
2016,IDN,Indonesia,KOR,"Korea, Republic of",Bilateral,constant,USD million,170.0268
2017,IDN,Indonesia,KOR,"Korea, Republic of",Bilateral,constant,USD million,48.0559
2018,IDN,Indonesia,KOR,"Korea, Republic of",Bilateral,constant,USD million,58.7453
2019,IDN,Indonesia,KOR,"Korea, Republic of",Bilateral,constant,USD million,4.3289
2020,IDN,Indonesia,KOR,"Korea, Republic of",Bilateral,constant,USD million,73.1111
2021,IDN,Indonesia,KOR,"Korea, Republic of",Bilateral,constant,USD million,54.8282
2022,IDN,Indonesia,KOR,"Korea, Republic of",Bilateral,constant,USD million,88.3689
2023,IDN,Indonesia,KOR,"Korea, Republic of",Bilateral,constant,USD million,61.3994
2024,IDN,Indonesia,KOR,"Korea, Republic of",Bilateral,constant,USD million,34.8332
2025,IDN,Indonesia,KOR,"Korea, Republic of",Bilateral,constant,USD million,18.7573
2017,IDN,Indonesia,NOR,Norway,Bilateral,constant,USD million,39.568
2018,IDN,Indonesia,NOR,Norway,Bilateral,constant,USD million,35.5431
2019,IDN,Indonesia,NOR,Norway,Bilateral,constant,USD million,11.8829
2023,IDN,Indonesia,NOR,Norway,Bilateral,constant,USD million,6.6101
2024,IDN,Indonesia,NOR,Norway,Bilateral,constant,USD million,1.6956
2015,IDN,Indonesia,RUS,Russian Federation,Bilateral,constant,USD million,3.953
2015,IDN,Indonesia,SAU,Saudi Arabia,Bilateral,constant,USD million,9.8597
2016,IDN,Indonesia,SAU,Saudi Arabia,Bilateral,constant,USD million,6.6668
2017,IDN,Indonesia,SAU,Saudi Arabia,Bilateral,constant,USD million,7.7432
2018,IDN,Indonesia,SAU,Saudi Arabia,Bilateral,constant,USD million,12.2414
2019,IDN,Indonesia,SAU,Saudi Arabia,Bilateral,constant,USD million,8.1749
2020,IDN,Indonesia,SAU,Saudi Arabia,Bilateral,constant,USD million,12.6904
2021,IDN,Indonesia,SAU,Saudi Arabia,Bilateral,constant,USD million,1.0292
2022,IDN,Indonesia,SAU,Saudi Arabia,Bilateral,constant,USD million,19.5658
2023,IDN,Indonesia,SAU,Saudi Arabia,Bilateral,constant,USD million,32.2284
2024,IDN,Indonesia,SAU,Saudi Arabia,Bilateral,constant,USD million,23.7795
2025,IDN,Indonesia,SAU,Saudi Arabia,Bilateral,constant,USD million,12.1177
2016,IDN,Indonesia,ESP,Spain,Bilateral,constant,USD million,2.2475
2017,IDN,Indonesia,ESP,Spain,Bilateral,constant,USD million,1.6063
2018,IDN,Indonesia,ESP,Spain,Bilateral,constant,USD million,3.8117
2019,IDN,Indonesia,CHE,Switzerland,Bilateral,constant,USD million,10.932
2020,IDN,Indonesia,CHE,Switzerland,Bilateral,constant,USD million,11.631
2021,IDN,Indonesia,CHE,Switzerland,Bilateral,constant,USD million,2.5173
2017,IDN,Indonesia,USA,United States,Bilateral,constant,USD million,2.6176
2018,IDN,Indonesia,USA,United States,Bilateral,constant,USD million,11.3389
2019,IDN,Indonesia,USA,United States,Bilateral,constant,USD million,5.7705
2020,IDN,Indonesia,USA,United States,Bilateral,constant,USD million,2.5666
2021,IDN,Indonesia,USA,United States,Bilateral,constant,USD million,3.894
2023,IDN,Indonesia,USA,United States,Bilateral,constant,USD million,0.454
2016,IRN,"Iran, Islamic Rep.",IND,India,Bilateral,constant,USD million,23.6893
2017,IRN,"Iran, Islamic Rep.",IND,India,Bilateral,constant,USD million,93.1533
2022,IRN,"Iran, Islamic Rep.",IND,India,Bilateral,constant,USD million,0.0124
2023,IRN,"Iran, Islamic Rep.",IND,India,Bilateral,constant,USD million,0.0025
2024,IRN,"Iran, Islamic Rep.",IND,India,Bilateral,constant,USD million,0.0006
2021,IRN,"Iran, Islamic Rep.",RUS,Russian Federation,Bilateral,constant,USD million,10.1797
2023,IRQ,Iraq,FRA,France,Bilateral,constant,USD million,25.0738
2024,IRQ,Iraq,FRA,France,Bilateral,constant,USD million,7.9909
2025,IRQ,Iraq,FRA,France,Bilateral,constant,USD million,8.1097
2018,IRQ,Iraq,DEU,"Germany, Fed. Rep. of",Bilateral,constant,USD million,9.0775
2019,IRQ,Iraq,DEU,"Germany, Fed. Rep. of",Bilateral,constant,USD million,27.1882
2020,IRQ,Iraq,DEU,"Germany, Fed. Rep. of",Bilateral,constant,USD million,9.4902
2021,IRQ,Iraq,DEU,"Germany, Fed. Rep. of",Bilateral,constant,USD million,32.0877
2022,IRQ,Iraq,DEU,"Germany, Fed. Rep. of",Bilateral,constant,USD million,55.9941
2023,IRQ,Iraq,DEU,"Germany, Fed. Rep. of",Bilateral,constant,USD million,100.028
2024,IRQ,Iraq,DEU,"Germany, Fed. Rep. of",Bilateral,constant,USD million,74.5696
2025,IRQ,Iraq,DEU,"Germany, Fed. Rep. of",Bilateral,constant,USD million,44.9733
2017,IRQ,Iraq,ITA,Italy,Bilateral,constant,USD million,119.8192
2015,IRQ,Iraq,JPN,Japan,Bilateral,constant,USD million,0.0165
2016,IRQ,Iraq,JPN,Japan,Bilateral,constant,USD million,403.7411
2017,IRQ,Iraq,JPN,Japan,Bilateral,constant,USD million,80.4706
2018,IRQ,Iraq,JPN,Japan,Bilateral,constant,USD million,324.7003
2019,IRQ,Iraq,JPN,Japan,Bilateral,constant,USD million,188.04
2020,IRQ,Iraq,JPN,Japan,Bilateral,constant,USD million,426.424
2021,IRQ,Iraq,JPN,Japan,Bilateral,constant,USD million,53.038
2022,IRQ,Iraq,JPN,Japan,Bilateral,constant,USD million,227.7942
2023,IRQ,Iraq,JPN,Japan,Bilateral,constant,USD million,601.1887
2024,IRQ,Iraq,JPN,Japan,Bilateral,constant,USD million,404.3077
2025,IRQ,Iraq,JPN,Japan,Bilateral,constant,USD million,222.3366
2018,IRQ,Iraq,KWT,Kuwait,Bilateral,constant,USD million,49.4474
2019,IRQ,Iraq,MAR,Morocco,Bilateral,constant,USD million,25.118
2023,IRQ,Iraq,GBR,United Kingdom,Bilateral,constant,USD million,47.0282
2024,IRQ,Iraq,GBR,United Kingdom,Bilateral,constant,USD million,69.6932
2025,IRQ,Iraq,GBR,United Kingdom,Bilateral,constant,USD million,47.9131
2016,IRQ,Iraq,USA,United States,Bilateral,constant,USD million,1638.1121
2017,IRQ,Iraq,USA,United States,Bilateral,constant,USD million,1468.2692
2018,IRQ,Iraq,USA,United States,Bilateral,constant,USD million,625.0094
2021,IRQ,Iraq,USA,United States,Bilateral,constant,USD million,263.5136
2022,IRQ,Iraq,USA,United States,Bilateral,constant,USD million,96.2105
2015,JAM,Jamaica,CHN,China,Bilateral,constant,USD million,35.5375
2016,JAM,Jamaica,CHN,China,Bilateral,constant,USD million,42.5789
2017,JAM,Jamaica,CHN,China,Bilateral,constant,USD million,72.8662
2018,JAM,Jamaica,CHN,China,Bilateral,constant,USD million,92.2098
2019,JAM,Jamaica,CHN,China,Bilateral,constant,USD million,43.2551
2020,JAM,Jamaica,CHN,China,Bilateral,constant,USD million,49.216
2021,JAM,Jamaica,CHN,China,Bilateral,constant,USD million,85.6419
2022,JAM,Jamaica,CHN,China,Bilateral,constant,USD million,84.5617
2023,JAM,Jamaica,CHN,China,Bilateral,constant,USD million,39.0165
2024,JAM,Jamaica,CHN,China,Bilateral,constant,USD million,17.3296
2025,JAM,Jamaica,CHN,China,Bilateral,constant,USD million,7.1983
2019,JAM,Jamaica,JPN,Japan,Bilateral,constant,USD million,0.4412
2021,JAM,Jamaica,JPN,Japan,Bilateral,constant,USD million,1.1497
2022,JAM,Jamaica,JPN,Japan,Bilateral,constant,USD million,1.1541
2023,JAM,Jamaica,JPN,Japan,Bilateral,constant,USD million,4.9326
2024,JAM,Jamaica,JPN,Japan,Bilateral,constant,USD million,2.5673
2025,JAM,Jamaica,JPN,Japan,Bilateral,constant,USD million,1.0869
2023,JAM,Jamaica,KWT,Kuwait,Bilateral,constant,USD million,1.5355
2024,JAM,Jamaica,KWT,Kuwait,Bilateral,constant,USD million,2.6269
2025,JAM,Jamaica,KWT,Kuwait,Bilateral,constant,USD million,1.6342
2023,JOR,Jordan,CHN,China,Bilateral,constant,USD million,0.9902
2015,JOR,Jordan,FRA,France,Bilateral,constant,USD million,83.7
2016,JOR,Jordan,FRA,France,Bilateral,constant,USD million,139.3267
2017,JOR,Jordan,FRA,France,Bilateral,constant,USD million,94.7273
2018,JOR,Jordan,FRA,France,Bilateral,constant,USD million,104.8132
2020,JOR,Jordan,FRA,France,Bilateral,constant,USD million,105.8797
2021,JOR,Jordan,FRA,France,Bilateral,constant,USD million,56.9811
2022,JOR,Jordan,FRA,France,Bilateral,constant,USD million,114.1059
2023,JOR,Jordan,FRA,France,Bilateral,constant,USD million,75.4391
2024,JOR,Jordan,FRA,France,Bilateral,constant,USD million,59.5693
2025,JOR,Jordan,FRA,France,Bilateral,constant,USD million,35.288
2015,JOR,Jordan,DEU,"Germany, Fed. Rep. of",Bilateral,constant,USD million,29.1033
2016,JOR,Jordan,DEU,"Germany, Fed. Rep. of",Bilateral,constant,USD million,25.3973
2017,JOR,Jordan,DEU,"Germany, Fed. Rep. of",Bilateral,constant,USD million,126.6985
2018,JOR,Jordan,DEU,"Germany, Fed. Rep. of",Bilateral,constant,USD million,32.5005
2019,JOR,Jordan,DEU,"Germany, Fed. Rep. of",Bilateral,constant,USD million,208.8689
2020,JOR,Jordan,DEU,"Germany, Fed. Rep. of",Bilateral,constant,USD million,105.1082
2021,JOR,Jordan,DEU,"Germany, Fed. Rep. of",Bilateral,constant,USD million,101.1558
2022,JOR,Jordan,DEU,"Germany, Fed. Rep. of",Bilateral,constant,USD million,14.2832
2023,JOR,Jordan,DEU,"Germany, Fed. Rep. of",Bilateral,constant,USD million,117.5819
2024,JOR,Jordan,DEU,"Germany, Fed. Rep. of",Bilateral,constant,USD million,107.9649
2025,JOR,Jordan,DEU,"Germany, Fed. Rep. of",Bilateral,constant,USD million,57.9702
2020,JOR,Jordan,ITA,Italy,Bilateral,constant,USD million,4.6501
2021,JOR,Jordan,ITA,Italy,Bilateral,constant,USD million,38.6507
2022,JOR,Jordan,ITA,Italy,Bilateral,constant,USD million,0.6228
2023,JOR,Jordan,ITA,Italy,Bilateral,constant,USD million,37.4762
2024,JOR,Jordan,ITA,Italy,Bilateral,constant,USD million,16.9126
2025,JOR,Jordan,ITA,Italy,Bilateral,constant,USD million,7.2804
2015,JOR,Jordan,JPN,Japan,Bilateral,constant,USD million,206.0771
2016,JOR,Jordan,KOR,"Korea, Republic of",Bilateral,constant,USD million,13.1545
2017,JOR,Jordan,KOR,"Korea, Republic of",Bilateral,constant,USD million,9.8836
2018,JOR,Jordan,KOR,"Korea, Republic of",Bilateral,constant,USD million,10.0516
2019,JOR,Jordan,KOR,"Korea, Republic of",Bilateral,constant,USD million,0.2467
2023,JOR,Jordan,KOR,"Korea, Republic of",Bilateral,constant,USD million,3.1909
2024,JOR,Jordan,KOR,"Korea, Republic of",Bilateral,constant,USD million,2.6527
2025,JOR,Jordan,KOR,"Korea, Republic of",Bilateral,constant,USD million,1.401
2015,JOR,Jordan,KWT,Kuwait,Bilateral,constant,USD million,2.6228
2016,JOR,Jordan,KWT,Kuwait,Bilateral,constant,USD million,1.4433
2021,JOR,Jordan,KWT,Kuwait,Bilateral,constant,USD million,13.7788
2022,JOR,Jordan,KWT,Kuwait,Bilateral,constant,USD million,18.1449
2023,JOR,Jordan,KWT,Kuwait,Bilateral,constant,USD million,50.0138
2024,JOR,Jordan,KWT,Kuwait,Bilateral,constant,USD million,60.3817
2025,JOR,Jordan,KWT,Kuwait,Bilateral,constant,USD million,35.1898
2016,JOR,Jordan,SAU,Saudi Arabia,Bilateral,constant,USD million,4.2036
2017,JOR,Jordan,SAU,Saudi Arabia,Bilateral,constant,USD million,23.0013
2018,JOR,Jordan,SAU,Saudi Arabia,Bilateral,constant,USD million,104.9487
2019,JOR,Jordan,SAU,Saudi Arabia,Bilateral,constant,USD million,17.1288
2020,JOR,Jordan,SAU,Saudi Arabia,Bilateral,constant,USD million,48.6373
2021,JOR,Jordan,SAU,Saudi Arabia,Bilateral,constant,USD million,18.7264
2022,JOR,Jordan,SAU,Saudi Arabia,Bilateral,constant,USD million,2.6407
2023,JOR,Jordan,SAU,Saudi Arabia,Bilateral,constant,USD million,13.6083
2024,JOR,Jordan,SAU,Saudi Arabia,Bilateral,constant,USD million,15.7535
2025,JOR,Jordan,SAU,Saudi Arabia,Bilateral,constant,USD million,9.9352
2023,JOR,Jordan,ESP,Spain,Bilateral,constant,USD million,0.2556
2024,JOR,Jordan,ESP,Spain,Bilateral,constant,USD million,0.2141
2025,JOR,Jordan,ESP,Spain,Bilateral,constant,USD million,0.0698
2015,JOR,Jordan,ARE,United Arab Emirates,Bilateral,constant,USD million,2.5724
2016,JOR,Jordan,ARE,United Arab Emirates,Bilateral,constant,USD million,1.9989
2017,JOR,Jordan,ARE,United Arab Emirates,Bilateral,constant,USD million,0.8501
2021,JOR,Jordan,ARE,United Arab Emirates,Bilateral,constant,USD million,0.5174
2022,JOR,Jordan,ARE,United Arab Emirates,Bilateral,constant,USD million,256.1231
2016,KAZ,Kazakhstan,CHN,China,Bilateral,constant,USD million,349.0859
2017,KAZ,Kazakhstan,CHN,China,Bilateral,constant,USD million,751.5811
2018,KAZ,Kazakhstan,CHN,China,Bilateral,constant,USD million,380.1465
2019,KAZ,Kazakhstan,CHN,China,Bilateral,constant,USD million,402.9541
2020,KAZ,Kazakhstan,CHN,China,Bilateral,constant,USD million,280.9247
2021,KAZ,Kazakhstan,CHN,China,Bilateral,constant,USD million,307.6312
2022,KAZ,Kazakhstan,CHN,China,Bilateral,constant,USD million,50.7745
2023,KAZ,Kazakhstan,CHN,China,Bilateral,constant,USD million,498.5752
2024,KAZ,Kazakhstan,CHN,China,Bilateral,constant,USD million,200.5062
2025,KAZ,Kazakhstan,CHN,China,Bilateral,constant,USD million,90.4098
2016,KAZ,Kazakhstan,JPN,Japan,Bilateral,constant,USD million,0.8985
2015,KEN,Kenya,BEL,Belgium,Bilateral,constant,USD million,1.4014
2018,KEN,Kenya,BEL,Belgium,Bilateral,constant,USD million,0.1484
2022,KEN,Kenya,BEL,Belgium,Bilateral,constant,USD million,7.1557
2023,KEN,Kenya,BEL,Belgium,Bilateral,constant,USD million,3.5876
2024,KEN,Kenya,BEL,Belgium,Bilateral,constant,USD million,1.837
2025,KEN,Kenya,BEL,Belgium,Bilateral,constant,USD million,1.0958
2015,KEN,Kenya,CHN,China,Bilateral,constant,USD million,929.8777
2016,KEN,Kenya,CHN,China,Bilateral,constant,USD million,1194.38
2017,KEN,Kenya,CHN,China,Bilateral,constant,USD million,1388.4768
2018,KEN,Kenya,CHN,China,Bilateral,constant,USD million,1013.2774
2019,KEN,Kenya,CHN,China,Bilateral,constant,USD million,672.7096
2020,KEN,Kenya,CHN,China,Bilateral,constant,USD million,174.0594
2021,KEN,Kenya,CHN,China,Bilateral,constant,USD million,205.0156
2022,KEN,Kenya,CHN,China,Bilateral,constant,USD million,165.8146
2023,KEN,Kenya,CHN,China,Bilateral,constant,USD million,347.9773
2024,KEN,Kenya,CHN,China,Bilateral,constant,USD million,446.0022
2025,KEN,Kenya,CHN,China,Bilateral,constant,USD million,251.1193
2015,KEN,Kenya,FIN,Finland,Bilateral,constant,USD million,2.1249
2016,KEN,Kenya,FIN,Finland,Bilateral,constant,USD million,14.3269
2017,KEN,Kenya,FIN,Finland,Bilateral,constant,USD million,0.7146
2018,KEN,Kenya,FIN,Finland,Bilateral,constant,USD million,4.4079
2015,KEN,Kenya,FRA,France,Bilateral,constant,USD million,21.7922
2016,KEN,Kenya,FRA,France,Bilateral,constant,USD million,11.833
2017,KEN,Kenya,FRA,France,Bilateral,constant,USD million,20.8024
2018,KEN,Kenya,FRA,France,Bilateral,constant,USD million,123.9058
2019,KEN,Kenya,FRA,France,Bilateral,constant,USD million,62.7451
2020,KEN,Kenya,FRA,France,Bilateral,constant,USD million,32.6568
2021,KEN,Kenya,FRA,France,Bilateral,constant,USD million,50.0904
2022,KEN,Kenya,FRA,France,Bilateral,constant,USD million,22.2193
2023,KEN,Kenya,FRA,France,Bilateral,constant,USD million,361.1928
2024,KEN,Kenya,FRA,France,Bilateral,constant,USD million,215.2853
2025,KEN,Kenya,FRA,France,Bilateral,constant,USD million,109.7434
2015,KEN,Kenya,DEU,"Germany, Fed. Rep. of",Bilateral,constant,USD million,5.7876
2016,KEN,Kenya,DEU,"Germany, Fed. Rep. of",Bilateral,constant,USD million,91.1318
2017,KEN,Kenya,DEU,"Germany, Fed. Rep. of",Bilateral,constant,USD million,20.9955
2018,KEN,Kenya,DEU,"Germany, Fed. Rep. of",Bilateral,constant,USD million,22.8128
2019,KEN,Kenya,DEU,"Germany, Fed. Rep. of",Bilateral,constant,USD million,2.8812
2020,KEN,Kenya,DEU,"Germany, Fed. Rep. of",Bilateral,constant,USD million,4.3281
2021,KEN,Kenya,DEU,"Germany, Fed. Rep. of",Bilateral,constant,USD million,25.6344
2022,KEN,Kenya,DEU,"Germany, Fed. Rep. of",Bilateral,constant,USD million,15.4847
2023,KEN,Kenya,DEU,"Germany, Fed. Rep. of",Bilateral,constant,USD million,117.2573
2024,KEN,Kenya,DEU,"Germany, Fed. Rep. of",Bilateral,constant,USD million,116.7404
2025,KEN,Kenya,DEU,"Germany, Fed. Rep. of",Bilateral,constant,USD million,72.402
2015,KEN,Kenya,IND,India,Bilateral,constant,USD million,5.971
2016,KEN,Kenya,IND,India,Bilateral,constant,USD million,21.6254
2017,KEN,Kenya,IND,India,Bilateral,constant,USD million,4.2904
2018,KEN,Kenya,IND,India,Bilateral,constant,USD million,19.9933
2019,KEN,Kenya,IND,India,Bilateral,constant,USD million,15.3178
2020,KEN,Kenya,IND,India,Bilateral,constant,USD million,2.442
2021,KEN,Kenya,IND,India,Bilateral,constant,USD million,1.8267
2022,KEN,Kenya,IND,India,Bilateral,constant,USD million,2.594
2023,KEN,Kenya,IND,India,Bilateral,constant,USD million,27.6306
2024,KEN,Kenya,IND,India,Bilateral,constant,USD million,40.4402
2025,KEN,Kenya,IND,India,Bilateral,constant,USD million,22.8284
2023,KEN,Kenya,ITA,Italy,Bilateral,constant,USD million,14.5831
2024,KEN,Kenya,ITA,Italy,Bilateral,constant,USD million,10.8005
2025,KEN,Kenya,ITA,Italy,Bilateral,constant,USD million,7.2528
2023,KEN,Kenya,JPN,Japan,Bilateral,constant,USD million,262.9073
2024,KEN,Kenya,JPN,Japan,Bilateral,constant,USD million,271.5398
2025,KEN,Kenya,JPN,Japan,Bilateral,constant,USD million,177.4779
2023,KEN,Kenya,KOR,"Korea, Republic of",Bilateral,constant,USD million,47.3204
2024,KEN,Kenya,KOR,"Korea, Republic of",Bilateral,constant,USD million,56.9715
2025,KEN,Kenya,KOR,"Korea, Republic of",Bilateral,constant,USD million,44.9011
2015,KEN,Kenya,KWT,Kuwait,Bilateral,constant,USD million,1.5524
2018,KEN,Kenya,KWT,Kuwait,Bilateral,constant,USD million,1.9215
2020,KEN,Kenya,KWT,Kuwait,Bilateral,constant,USD million,0.131
2021,KEN,Kenya,KWT,Kuwait,Bilateral,constant,USD million,0.1259
2022,KEN,Kenya,KWT,Kuwait,Bilateral,constant,USD million,0.5335
2023,KEN,Kenya,KWT,Kuwait,Bilateral,constant,USD million,10.1372
2024,KEN,Kenya,KWT,Kuwait,Bilateral,constant,USD million,13.576
2025,KEN,Kenya,KWT,Kuwait,Bilateral,constant,USD million,9.5791
2018,KEN,Kenya,SAU,Saudi Arabia,Bilateral,constant,USD million,0.2629
2023,KEN,Kenya,SAU,Saudi Arabia,Bilateral,constant,USD million,10.6608
2024,KEN,Kenya,SAU,Saudi Arabia,Bilateral,constant,USD million,12.1582
2025,KEN,Kenya,SAU,Saudi Arabia,Bilateral,constant,USD million,8.6967
2018,KEN,Kenya,ESP,Spain,Bilateral,constant,USD million,2.4868
2023,KEN,Kenya,ESP,Spain,Bilateral,constant,USD million,1.4132
2024,KEN,Kenya,ESP,Spain,Bilateral,constant,USD million,1.0828
2025,KEN,Kenya,ESP,Spain,Bilateral,constant,USD million,0.6369
2016,KEN,Kenya,ARE,United Arab Emirates,Bilateral,constant,USD million,2.1958
2018,KEN,Kenya,ARE,United Arab Emirates,Bilateral,constant,USD million,3.5376
2020,KEN,Kenya,ARE,United Arab Emirates,Bilateral,constant,USD million,6.9211
2021,KEN,Kenya,ARE,United Arab Emirates,Bilateral,constant,USD million,0.3452
2022,KEN,Kenya,ARE,United Arab Emirates,Bilateral,constant,USD million,1.1329
2023,KEN,Kenya,ARE,United Arab Emirates,Bilateral,constant,USD million,6.1768
2024,KEN,Kenya,ARE,United Arab Emirates,Bilateral,constant,USD million,8.7457
2025,KEN,Kenya,ARE,United Arab Emirates,Bilateral,constant,USD million,6.3428
2017,KEN,Kenya,USA,United States,Bilateral,constant,USD million,696.6411
2023,XKX,Kosovo,FRA,France,Bilateral,constant,USD million,11.4987
2024,XKX,Kosovo,FRA,France,Bilateral,constant,USD million,17.2887
2025,XKX,Kosovo,FRA,France,Bilateral,constant,USD million,11.4931
2015,XKX,Kosovo,DEU,"Germany, Fed. Rep. of",Bilateral,constant,USD million,23.0982
2016,XKX,Kosovo,DEU,"Germany, Fed. Rep. of",Bilateral,constant,USD million,23.9371
2017,XKX,Kosovo,DEU,"Germany, Fed. Rep. of",Bilateral,constant,USD million,13.8807
2023,XKX,Kosovo,DEU,"Germany, Fed. Rep. of",Bilateral,constant,USD million,1.7938
2024,XKX,Kosovo,DEU,"Germany, Fed. Rep. of",Bilateral,constant,USD million,0.435
2018,XKX,Kosovo,SAU,Saudi Arabia,Bilateral,constant,USD million,0.267
2019,XKX,Kosovo,SAU,Saudi Arabia,Bilateral,constant,USD million,2.265
2020,XKX,Kosovo,SAU,Saudi Arabia,Bilateral,constant,USD million,0.9061
2021,XKX,Kosovo,SAU,Saudi Arabia,Bilateral,constant,USD million,1.217
2022,XKX,Kosovo,SAU,Saudi Arabia,Bilateral,constant,USD million,0.5114
2023,XKX,Kosovo,SAU,Saudi Arabia,Bilateral,constant,USD million,4.4123
2024,XKX,Kosovo,SAU,Saudi Arabia,Bilateral,constant,USD million,2.2659
2025,XKX,Kosovo,SAU,Saudi Arabia,Bilateral,constant,USD million,0.9883
2015,KGZ,Kyrgyz Republic,CHN,China,Bilateral,constant,USD million,203.149
2016,KGZ,Kyrgyz Republic,CHN,China,Bilateral,constant,USD million,187.0826
2017,KGZ,Kyrgyz Republic,CHN,China,Bilateral,constant,USD million,156.2168
2018,KGZ,Kyrgyz Republic,CHN,China,Bilateral,constant,USD million,39.1974
2019,KGZ,Kyrgyz Republic,CHN,China,Bilateral,constant,USD million,80.4206
2020,KGZ,Kyrgyz Republic,CHN,China,Bilateral,constant,USD million,13.2266
2021,KGZ,Kyrgyz Republic,CHN,China,Bilateral,constant,USD million,24.9759
2022,KGZ,Kyrgyz Republic,CHN,China,Bilateral,constant,USD million,48.0174
2023,KGZ,Kyrgyz Republic,CHN,China,Bilateral,constant,USD million,17.7276
2024,KGZ,Kyrgyz Republic,CHN,China,Bilateral,constant,USD million,14.3537
2025,KGZ,Kyrgyz Republic,CHN,China,Bilateral,constant,USD million,4.5572
2023,KGZ,Kyrgyz Republic,JPN,Japan,Bilateral,constant,USD million,21.6394
2024,KGZ,Kyrgyz Republic,JPN,Japan,Bilateral,constant,USD million,13.8117
2025,KGZ,Kyrgyz Republic,JPN,Japan,Bilateral,constant,USD million,8.4193
2015,KGZ,Kyrgyz Republic,KWT,Kuwait,Bilateral,constant,USD million,1.7086
2016,KGZ,Kyrgyz Republic,KWT,Kuwait,Bilateral,constant,USD million,1.7703
2017,KGZ,Kyrgyz Republic,KWT,Kuwait,Bilateral,constant,USD million,0.9869
2018,KGZ,Kyrgyz Republic,KWT,Kuwait,Bilateral,constant,USD million,1.303
2019,KGZ,Kyrgyz Republic,KWT,Kuwait,Bilateral,constant,USD million,0.086
2020,KGZ,Kyrgyz Republic,KWT,Kuwait,Bilateral,constant,USD million,1.5785
2021,KGZ,Kyrgyz Republic,KWT,Kuwait,Bilateral,constant,USD million,0.6678
2022,KGZ,Kyrgyz Republic,KWT,Kuwait,Bilateral,constant,USD million,0.5587
2023,KGZ,Kyrgyz Republic,KWT,Kuwait,Bilateral,constant,USD million,6.4692
2024,KGZ,Kyrgyz Republic,KWT,Kuwait,Bilateral,constant,USD million,9.8765
2025,KGZ,Kyrgyz Republic,KWT,Kuwait,Bilateral,constant,USD million,6.2726
2023,KGZ,Kyrgyz Republic,SAU,Saudi Arabia,Bilateral,constant,USD million,21.0917
2024,KGZ,Kyrgyz Republic,SAU,Saudi Arabia,Bilateral,constant,USD million,23.9042
2025,KGZ,Kyrgyz Republic,SAU,Saudi Arabia,Bilateral,constant,USD million,15.9972
2023,KGZ,Kyrgyz Republic,TUR,Turkiye,Bilateral,constant,USD million,1.1512
2024,KGZ,Kyrgyz Republic,TUR,Turkiye,Bilateral,constant,USD million,0.725
2015,KGZ,Kyrgyz Republic,ARE,United Arab Emirates,Bilateral,constant,USD million,3.7754
2016,KGZ,Kyrgyz Republic,ARE,United Arab Emirates,Bilateral,constant,USD million,2.3893
2017,KGZ,Kyrgyz Republic,ARE,United Arab Emirates,Bilateral,constant,USD million,1.2316
2018,KGZ,Kyrgyz Republic,ARE,United Arab Emirates,Bilateral,constant,USD million,0.5329
2019,KGZ,Kyrgyz Republic,ARE,United Arab Emirates,Bilateral,constant,USD million,0.4272
2020,KGZ,Kyrgyz Republic,ARE,United Arab Emirates,Bilateral,constant,USD million,1.1595
2021,KGZ,Kyrgyz Republic,ARE,United Arab Emirates,Bilateral,constant,USD million,0.6184
2022,KGZ,Kyrgyz Republic,ARE,United Arab Emirates,Bilateral,constant,USD million,1.1165
2023,KGZ,Kyrgyz Republic,ARE,United Arab Emirates,Bilateral,constant,USD million,0.068
2024,KGZ,Kyrgyz Republic,ARE,United Arab Emirates,Bilateral,constant,USD million,0.0428
2015,LAO,Lao PDR,CHN,China,Bilateral,constant,USD million,510.3237
2016,LAO,Lao PDR,CHN,China,Bilateral,constant,USD million,394.0421
2017,LAO,Lao PDR,CHN,China,Bilateral,constant,USD million,376.4266
2018,LAO,Lao PDR,CHN,China,Bilateral,constant,USD million,945.4948
2019,LAO,Lao PDR,CHN,China,Bilateral,constant,USD million,318.5132
2020,LAO,Lao PDR,CHN,China,Bilateral,constant,USD million,251.8777
2021,LAO,Lao PDR,CHN,China,Bilateral,constant,USD million,160.7733
2022,LAO,Lao PDR,CHN,China,Bilateral,constant,USD million,144.4403
2023,LAO,Lao PDR,CHN,China,Bilateral,constant,USD million,841.6282
2024,LAO,Lao PDR,CHN,China,Bilateral,constant,USD million,581.3444
2025,LAO,Lao PDR,CHN,China,Bilateral,constant,USD million,295.8519
2018,LAO,Lao PDR,HUN,Hungary,Bilateral,constant,USD million,37.893
2019,LAO,Lao PDR,HUN,Hungary,Bilateral,constant,USD million,3.4765
2020,LAO,Lao PDR,HUN,Hungary,Bilateral,constant,USD million,6.405
2021,LAO,Lao PDR,HUN,Hungary,Bilateral,constant,USD million,6.0436
2022,LAO,Lao PDR,HUN,Hungary,Bilateral,constant,USD million,2.9049
2023,LAO,Lao PDR,HUN,Hungary,Bilateral,constant,USD million,62.0676
2024,LAO,Lao PDR,HUN,Hungary,Bilateral,constant,USD million,27.4895
2025,LAO,Lao PDR,HUN,Hungary,Bilateral,constant,USD million,6.8477
2015,LAO,Lao PDR,IND,India,Bilateral,constant,USD million,2.167
2016,LAO,Lao PDR,IND,India,Bilateral,constant,USD million,7.6241
2017,LAO,Lao PDR,IND,India,Bilateral,constant,USD million,15.9051
2019,LAO,Lao PDR,IND,India,Bilateral,constant,USD million,0.042
2020,LAO,Lao PDR,IND,India,Bilateral,constant,USD million,0.3867
2021,LAO,Lao PDR,IND,India,Bilateral,constant,USD million,0.369
2022,LAO,Lao PDR,IND,India,Bilateral,constant,USD million,0.1865
2023,LAO,Lao PDR,IND,India,Bilateral,constant,USD million,5.1689
2024,LAO,Lao PDR,IND,India,Bilateral,constant,USD million,4.4825
2025,LAO,Lao PDR,IND,India,Bilateral,constant,USD million,3.3609
2023,LAO,Lao PDR,JPN,Japan,Bilateral,constant,USD million,41.1383
2024,LAO,Lao PDR,JPN,Japan,Bilateral,constant,USD million,28.8879
2025,LAO,Lao PDR,JPN,Japan,Bilateral,constant,USD million,17.8607
2023,LAO,Lao PDR,KOR,"Korea, Republic of",Bilateral,constant,USD million,102.5197
2024,LAO,Lao PDR,KOR,"Korea, Republic of",Bilateral,constant,USD million,100.2795
2025,LAO,Lao PDR,KOR,"Korea, Republic of",Bilateral,constant,USD million,74.8401
2015,LAO,Lao PDR,KWT,Kuwait,Bilateral,constant,USD million,2.3735
2016,LAO,Lao PDR,KWT,Kuwait,Bilateral,constant,USD million,5.6165
2017,LAO,Lao PDR,KWT,Kuwait,Bilateral,constant,USD million,10.3552
2023,LAO,Lao PDR,KWT,Kuwait,Bilateral,constant,USD million,12.7474
2024,LAO,Lao PDR,KWT,Kuwait,Bilateral,constant,USD million,7.9442
2025,LAO,Lao PDR,KWT,Kuwait,Bilateral,constant,USD million,5.0386
2018,LAO,Lao PDR,MYS,Malaysia,Bilateral,constant,USD million,16.9148
2019,LAO,Lao PDR,MYS,Malaysia,Bilateral,constant,USD million,29.9945
2020,LAO,Lao PDR,MYS,Malaysia,Bilateral,constant,USD million,16.2675
2021,LAO,Lao PDR,MYS,Malaysia,Bilateral,constant,USD million,5.3397
2023,LAO,Lao PDR,NLD,Netherlands,Bilateral,constant,USD million,6.7921
2024,LAO,Lao PDR,NLD,Netherlands,Bilateral,constant,USD million,7.9518
2025,LAO,Lao PDR,NLD,Netherlands,Bilateral,constant,USD million,4.7318
2015,LAO,Lao PDR,THA,Thailand,Bilateral,constant,USD million,119.7553
2016,LAO,Lao PDR,THA,Thailand,Bilateral,constant,USD million,102.9671
2017,LAO,Lao PDR,THA,Thailand,Bilateral,constant,USD million,35.0056
2019,LAO,Lao PDR,THA,Thailand,Bilateral,constant,USD million,12.3806
2023,LAO,Lao PDR,THA,Thailand,Bilateral,constant,USD million,152.6792
2024,LAO,Lao PDR,THA,Thailand,Bilateral,constant,USD million,91.9359
2025,LAO,Lao PDR,THA,Thailand,Bilateral,constant,USD million,57.1619
2015,LBN,Lebanon,DNK,Denmark,Bilateral,constant,USD million,23.0927
2016,LBN,Lebanon,FRA,France,Bilateral,constant,USD million,0.4773
2017,LBN,Lebanon,FRA,France,Bilateral,constant,USD million,3.4983
2019,LBN,Lebanon,FRA,France,Bilateral,constant,USD million,3.0872
2020,LBN,Lebanon,FRA,France,Bilateral,constant,USD million,2.5728
2021,LBN,Lebanon,FRA,France,Bilateral,constant,USD million,8.3197
2022,LBN,Lebanon,FRA,France,Bilateral,constant,USD million,1.7902
2023,LBN,Lebanon,FRA,France,Bilateral,constant,USD million,79.696
2024,LBN,Lebanon,FRA,France,Bilateral,constant,USD million,
2025,LBN,Lebanon,FRA,France,Bilateral,constant,USD million,
2015,LBN,Lebanon,DEU,"Germany, Fed. Rep. of",Bilateral,constant,USD million,2.8794
2016,LBN,Lebanon,DEU,"Germany, Fed. Rep. of",Bilateral,constant,USD million,3.3474
2017,LBN,Lebanon,DEU,"Germany, Fed. Rep. of",Bilateral,constant,USD million,2.6883
2018,LBN,Lebanon,DEU,"Germany, Fed. Rep. of",Bilateral,constant,USD million,2.0824
2019,LBN,Lebanon,DEU,"Germany, Fed. Rep. of",Bilateral,constant,USD million,1.2678
2020,LBN,Lebanon,DEU,"Germany, Fed. Rep. of",Bilateral,constant,USD million,0.3404
2022,LBN,Lebanon,DEU,"Germany, Fed. Rep. of",Bilateral,constant,USD million,0.0281
2023,LBN,Lebanon,DEU,"Germany, Fed. Rep. of",Bilateral,constant,USD million,3.2077
2024,LBN,Lebanon,DEU,"Germany, Fed. Rep. of",Bilateral,constant,USD million,
2025,LBN,Lebanon,DEU,"Germany, Fed. Rep. of",Bilateral,constant,USD million,
2023,LBN,Lebanon,ITA,Italy,Bilateral,constant,USD million,43.1092
2024,LBN,Lebanon,ITA,Italy,Bilateral,constant,USD million,
2025,LBN,Lebanon,ITA,Italy,Bilateral,constant,USD million,
2015,LBN,Lebanon,KWT,Kuwait,Bilateral,constant,USD million,24.3563
2016,LBN,Lebanon,KWT,Kuwait,Bilateral,constant,USD million,37.4161
2017,LBN,Lebanon,KWT,Kuwait,Bilateral,constant,USD million,31.391
2018,LBN,Lebanon,KWT,Kuwait,Bilateral,constant,USD million,25.0253
2019,LBN,Lebanon,KWT,Kuwait,Bilateral,constant,USD million,30.7991
2020,LBN,Lebanon,KWT,Kuwait,Bilateral,constant,USD million,38.3619
2021,LBN,Lebanon,KWT,Kuwait,Bilateral,constant,USD million,29.6698
2022,LBN,Lebanon,KWT,Kuwait,Bilateral,constant,USD million,7.6363
2023,LBN,Lebanon,KWT,Kuwait,Bilateral,constant,USD million,150.4647
2024,LBN,Lebanon,KWT,Kuwait,Bilateral,constant,USD million,
2025,LBN,Lebanon,KWT,Kuwait,Bilateral,constant,USD million,
2015,LBN,Lebanon,SAU,Saudi Arabia,Bilateral,constant,USD million,1.5501
2016,LBN,Lebanon,SAU,Saudi Arabia,Bilateral,constant,USD million,0.5227
2017,LBN,Lebanon,SAU,Saudi Arabia,Bilateral,constant,USD million,10.7813
2018,LBN,Lebanon,SAU,Saudi Arabia,Bilateral,constant,USD million,6.1676
2019,LBN,Lebanon,SAU,Saudi Arabia,Bilateral,constant,USD million,0.736
2020,LBN,Lebanon,SAU,Saudi Arabia,Bilateral,constant,USD million,0.9704
2023,LBN,Lebanon,SAU,Saudi Arabia,Bilateral,constant,USD million,8.2086
2024,LBN,Lebanon,SAU,Saudi Arabia,Bilateral,constant,USD million,
2025,LBN,Lebanon,SAU,Saudi Arabia,Bilateral,constant,USD million,
2015,LBN,Lebanon,ARE,United Arab Emirates,Bilateral,constant,USD million,4.6268
2016,LBN,Lebanon,ARE,United Arab Emirates,Bilateral,constant,USD million,1.1581
2017,LBN,Lebanon,ARE,United Arab Emirates,Bilateral,constant,USD million,0.4885
2018,LBN,Lebanon,ARE,United Arab Emirates,Bilateral,constant,USD million,1.0402
2019,LBN,Lebanon,ARE,United Arab Emirates,Bilateral,constant,USD million,0.5433
2020,LBN,Lebanon,ARE,United Arab Emirates,Bilateral,constant,USD million,0.3036
2021,LBN,Lebanon,ARE,United Arab Emirates,Bilateral,constant,USD million,3.6601
2023,LBN,Lebanon,ARE,United Arab Emirates,Bilateral,constant,USD million,2.2431
2015,LSO,Lesotho,CHN,China,Bilateral,constant,USD million,2.1656
2016,LSO,Lesotho,CHN,China,Bilateral,constant,USD million,15.049
2019,LSO,Lesotho,CHN,China,Bilateral,constant,USD million,20.5269
2020,LSO,Lesotho,CHN,China,Bilateral,constant,USD million,37.7851
2021,LSO,Lesotho,CHN,China,Bilateral,constant,USD million,26.0809
2022,LSO,Lesotho,CHN,China,Bilateral,constant,USD million,30.6853
2023,LSO,Lesotho,CHN,China,Bilateral,constant,USD million,29.828
2024,LSO,Lesotho,CHN,China,Bilateral,constant,USD million,12.2176
2025,LSO,Lesotho,CHN,China,Bilateral,constant,USD million,5.1893
2015,LSO,Lesotho,KWT,Kuwait,Bilateral,constant,USD million,3.743
2023,LSO,Lesotho,KWT,Kuwait,Bilateral,constant,USD million,3.62
2024,LSO,Lesotho,KWT,Kuwait,Bilateral,constant,USD million,4.4428
2025,LSO,Lesotho,KWT,Kuwait,Bilateral,constant,USD million,2.7799
2015,LSO,Lesotho,SAU,Saudi Arabia,Bilateral,constant,USD million,5.2659
2016,LSO,Lesotho,SAU,Saudi Arabia,Bilateral,constant,USD million,1.4565
2023,LSO,Lesotho,SAU,Saudi Arabia,Bilateral,constant,USD million,2.1151
2024,LSO,Lesotho,SAU,Saudi Arabia,Bilateral,constant,USD million,3.7671
2025,LSO,Lesotho,SAU,Saudi Arabia,Bilateral,constant,USD million,2.3332
2021,LSO,Lesotho,ZAF,South Africa,Bilateral,constant,USD million,12.6165
2022,LSO,Lesotho,ZAF,South Africa,Bilateral,constant,USD million,0.729
2015,LSO,Lesotho,ARE,United Arab Emirates,Bilateral,constant,USD million,5.7876
2016,LSO,Lesotho,ARE,United Arab Emirates,Bilateral,constant,USD million,2.9955
2017,LSO,Lesotho,ARE,United Arab Emirates,Bilateral,constant,USD million,2.0229
2023,LSO,Lesotho,ARE,United Arab Emirates,Bilateral,constant,USD million,4.5278
2024,LSO,Lesotho,ARE,United Arab Emirates,Bilateral,constant,USD million,7.1733
2025,LSO,Lesotho,ARE,United Arab Emirates,Bilateral,constant,USD million,4.4549
2017,LBR,Liberia,CHN,China,Bilateral,constant,USD million,14.4014
2018,LBR,Liberia,CHN,China,Bilateral,constant,USD million,33.8323
2020,LBR,Liberia,CHN,China,Bilateral,constant,USD million,0.9576
2023,LBR,Liberia,CHN,China,Bilateral,constant,USD million,0.7499
2024,LBR,Liberia,CHN,China,Bilateral,constant,USD million,0.1818
2015,LBR,Liberia,IND,India,Bilateral,constant,USD million,1.215
2018,LBR,Liberia,IND,India,Bilateral,constant,USD million,0.1305
2017,LBR,Liberia,KWT,Kuwait,Bilateral,constant,USD million,2.4751
2018,LBR,Liberia,KWT,Kuwait,Bilateral,constant,USD million,3.8415
2019,LBR,Liberia,KWT,Kuwait,Bilateral,constant,USD million,3.7824
2020,LBR,Liberia,KWT,Kuwait,Bilateral,constant,USD million,0.9402
2021,LBR,Liberia,KWT,Kuwait,Bilateral,constant,USD million,0.0592
2022,LBR,Liberia,KWT,Kuwait,Bilateral,constant,USD million,0.4669
2023,LBR,Liberia,KWT,Kuwait,Bilateral,constant,USD million,10.4532
2024,LBR,Liberia,KWT,Kuwait,Bilateral,constant,USD million,10.526
2025,LBR,Liberia,KWT,Kuwait,Bilateral,constant,USD million,0.479
2023,LBR,Liberia,SAU,Saudi Arabia,Bilateral,constant,USD million,6.279
2024,LBR,Liberia,SAU,Saudi Arabia,Bilateral,constant,USD million,4.312
2025,LBR,Liberia,SAU,Saudi Arabia,Bilateral,constant,USD million,2.824
2023,LBR,Liberia,ARE,United Arab Emirates,Bilateral,constant,USD million,1.0016
2024,LBR,Liberia,ARE,United Arab Emirates,Bilateral,constant,USD million,1.7607
2025,LBR,Liberia,ARE,United Arab Emirates,Bilateral,constant,USD million,1.2704
2023,MDG,Madagascar,BEL,Belgium,Bilateral,constant,USD million,1.0589
2024,MDG,Madagascar,BEL,Belgium,Bilateral,constant,USD million,0.5414
2025,MDG,Madagascar,BEL,Belgium,Bilateral,constant,USD million,0.2692
2018,MDG,Madagascar,CHN,China,Bilateral,constant,USD million,35.5288
2019,MDG,Madagascar,CHN,China,Bilateral,constant,USD million,29.5128
2021,MDG,Madagascar,CHN,China,Bilateral,constant,USD million,18.7222
2022,MDG,Madagascar,CHN,China,Bilateral,constant,USD million,20.5373
2023,MDG,Madagascar,CHN,China,Bilateral,constant,USD million,27.8432
2024,MDG,Madagascar,CHN,China,Bilateral,constant,USD million,15.6542
2025,MDG,Madagascar,CHN,China,Bilateral,constant,USD million,8.0631
2018,MDG,Madagascar,FRA,France,Bilateral,constant,USD million,5.5662
2019,MDG,Madagascar,FRA,France,Bilateral,constant,USD million,12.2224
2020,MDG,Madagascar,FRA,France,Bilateral,constant,USD million,0.3213
2021,MDG,Madagascar,FRA,France,Bilateral,constant,USD million,7.0588
2023,MDG,Madagascar,FRA,France,Bilateral,constant,USD million,46.4859
2024,MDG,Madagascar,FRA,France,Bilateral,constant,USD million,44.59
2025,MDG,Madagascar,FRA,France,Bilateral,constant,USD million,25.5599
2023,MDG,Madagascar,JPN,Japan,Bilateral,constant,USD million,83.9774
2024,MDG,Madagascar,JPN,Japan,Bilateral,constant,USD million,51.754
2025,MDG,Madagascar,JPN,Japan,Bilateral,constant,USD million,28.593
2023,MDG,Madagascar,KOR,"Korea, Republic of",Bilateral,constant,USD million,8.5412
2024,MDG,Madagascar,KOR,"Korea, Republic of",Bilateral,constant,USD million,11.2941
2025,MDG,Madagascar,KOR,"Korea, Republic of",Bilateral,constant,USD million,8.2329
2023,MDG,Madagascar,KWT,Kuwait,Bilateral,constant,USD million,1.3883
2024,MDG,Madagascar,KWT,Kuwait,Bilateral,constant,USD million,2.4124
2025,MDG,Madagascar,KWT,Kuwait,Bilateral,constant,USD million,1.7372
2015,MDG,Madagascar,RUS,Russian Federation,Bilateral,constant,USD million,88.915
2023,MDG,Madagascar,SAU,Saudi Arabia,Bilateral,constant,USD million,7.4519
2024,MDG,Madagascar,SAU,Saudi Arabia,Bilateral,constant,USD million,8.1085
2025,MDG,Madagascar,SAU,Saudi Arabia,Bilateral,constant,USD million,5.6174
2023,MDG,Madagascar,ARE,United Arab Emirates,Bilateral,constant,USD million,4.2496
2024,MDG,Madagascar,ARE,United Arab Emirates,Bilateral,constant,USD million,7.384
2025,MDG,Madagascar,ARE,United Arab Emirates,Bilateral,constant,USD million,5.3175
2015,MWI,Malawi,CHN,China,Bilateral,constant,USD million,17.821
2016,MWI,Malawi,CHN,China,Bilateral,constant,USD million,3.9824
2017,MWI,Malawi,CHN,China,Bilateral,constant,USD million,0.0317
2018,MWI,Malawi,CHN,China,Bilateral,constant,USD million,23.7981
2019,MWI,Malawi,CHN,China,Bilateral,constant,USD million,0.7648
2023,MWI,Malawi,CHN,China,Bilateral,constant,USD million,7.8776
2024,MWI,Malawi,CHN,China,Bilateral,constant,USD million,7.2894
2025,MWI,Malawi,CHN,China,Bilateral,constant,USD million,6.5369
2015,MWI,Malawi,IND,India,Bilateral,constant,USD million,10.886
2016,MWI,Malawi,IND,India,Bilateral,constant,USD million,0.7558
2023,MWI,Malawi,IND,India,Bilateral,constant,USD million,29.2722
2024,MWI,Malawi,IND,India,Bilateral,constant,USD million,50.939
2025,MWI,Malawi,IND,India,Bilateral,constant,USD million,41.1027
2015,MWI,Malawi,KWT,Kuwait,Bilateral,constant,USD million,0.1463
2016,MWI,Malawi,KWT,Kuwait,Bilateral,constant,USD million,4.4113
2018,MWI,Malawi,KWT,Kuwait,Bilateral,constant,USD million,1.4557
2019,MWI,Malawi,KWT,Kuwait,Bilateral,constant,USD million,2.4737
2023,MWI,Malawi,KWT,Kuwait,Bilateral,constant,USD million,3.7275
2024,MWI,Malawi,KWT,Kuwait,Bilateral,constant,USD million,2.8384
2025,MWI,Malawi,KWT,Kuwait,Bilateral,constant,USD million,1.481
2015,MWI,Malawi,SAU,Saudi Arabia,Bilateral,constant,USD million,1.9821
2016,MWI,Malawi,SAU,Saudi Arabia,Bilateral,constant,USD million,0.3255
2017,MWI,Malawi,SAU,Saudi Arabia,Bilateral,constant,USD million,3.5501
2018,MWI,Malawi,SAU,Saudi Arabia,Bilateral,constant,USD million,2.2957
2019,MWI,Malawi,SAU,Saudi Arabia,Bilateral,constant,USD million,1.381
2021,MWI,Malawi,SAU,Saudi Arabia,Bilateral,constant,USD million,1.5102
2023,MWI,Malawi,SAU,Saudi Arabia,Bilateral,constant,USD million,1.8732
2024,MWI,Malawi,SAU,Saudi Arabia,Bilateral,constant,USD million,1.2692
2025,MWI,Malawi,SAU,Saudi Arabia,Bilateral,constant,USD million,0.4077
2021,MWI,Malawi,ESP,Spain,Bilateral,constant,USD million,5.2092
2023,MWI,Malawi,ARE,United Arab Emirates,Bilateral,constant,USD million,1.2042
2024,MWI,Malawi,ARE,United Arab Emirates,Bilateral,constant,USD million,0.8186
2025,MWI,Malawi,ARE,United Arab Emirates,Bilateral,constant,USD million,0.5353
2015,MDV,Maldives,CHN,China,Bilateral,constant,USD million,1.6651
2016,MDV,Maldives,CHN,China,Bilateral,constant,USD million,173.6844
2017,MDV,Maldives,CHN,China,Bilateral,constant,USD million,77.6802
2018,MDV,Maldives,CHN,China,Bilateral,constant,USD million,289.6059
2019,MDV,Maldives,CHN,China,Bilateral,constant,USD million,169.5809
2020,MDV,Maldives,CHN,China,Bilateral,constant,USD million,56.8042
2021,MDV,Maldives,CHN,China,Bilateral,constant,USD million,94.0867
2022,MDV,Maldives,CHN,China,Bilateral,constant,USD million,31.0365
2015,MDV,Maldives,IND,India,Bilateral,constant,USD million,6.436
2016,MDV,Maldives,IND,India,Bilateral,constant,USD million,124.7738
2017,MDV,Maldives,IND,India,Bilateral,constant,USD million,13.0718
2018,MDV,Maldives,IND,India,Bilateral,constant,USD million,103.446
2019,MDV,Maldives,IND,India,Bilateral,constant,USD million,34.8391
2020,MDV,Maldives,IND,India,Bilateral,constant,USD million,396.7963
2021,MDV,Maldives,IND,India,Bilateral,constant,USD million,67.4116
2022,MDV,Maldives,IND,India,Bilateral,constant,USD million,117.9637
2023,MDV,Maldives,IND,India,Bilateral,constant,USD million,529.9366
2024,MDV,Maldives,IND,India,Bilateral,constant,USD million,351.341
2025,MDV,Maldives,IND,India,Bilateral,constant,USD million,175.1154
2022,MDV,Maldives,KWT,Kuwait,Bilateral,constant,USD million,1.8606
2023,MDV,Maldives,KWT,Kuwait,Bilateral,constant,USD million,21.2313
2024,MDV,Maldives,KWT,Kuwait,Bilateral,constant,USD million,23.5558
2025,MDV,Maldives,KWT,Kuwait,Bilateral,constant,USD million,13.73
2015,MDV,Maldives,SAU,Saudi Arabia,Bilateral,constant,USD million,0.096
2017,MDV,Maldives,SAU,Saudi Arabia,Bilateral,constant,USD million,5.1579
2018,MDV,Maldives,SAU,Saudi Arabia,Bilateral,constant,USD million,28.5443
2019,MDV,Maldives,SAU,Saudi Arabia,Bilateral,constant,USD million,16.1496
2020,MDV,Maldives,SAU,Saudi Arabia,Bilateral,constant,USD million,21.0609
2021,MDV,Maldives,SAU,Saudi Arabia,Bilateral,constant,USD million,12.5328
2022,MDV,Maldives,SAU,Saudi Arabia,Bilateral,constant,USD million,16.1499
2023,MDV,Maldives,SAU,Saudi Arabia,Bilateral,constant,USD million,52.4475
2024,MDV,Maldives,SAU,Saudi Arabia,Bilateral,constant,USD million,39.2394
2025,MDV,Maldives,SAU,Saudi Arabia,Bilateral,constant,USD million,19.4107
2015,MDV,Maldives,ARE,United Arab Emirates,Bilateral,constant,USD million,7.6011
2016,MDV,Maldives,ARE,United Arab Emirates,Bilateral,constant,USD million,19.9755
2017,MDV,Maldives,ARE,United Arab Emirates,Bilateral,constant,USD million,0.8201
2018,MDV,Maldives,ARE,United Arab Emirates,Bilateral,constant,USD million,0.9884
2019,MDV,Maldives,ARE,United Arab Emirates,Bilateral,constant,USD million,4.8904
2020,MDV,Maldives,ARE,United Arab Emirates,Bilateral,constant,USD million,3.6685
2021,MDV,Maldives,ARE,United Arab Emirates,Bilateral,constant,USD million,1.0827
2022,MDV,Maldives,ARE,United Arab Emirates,Bilateral,constant,USD million,2.9952
2023,MDV,Maldives,ARE,United Arab Emirates,Bilateral,constant,USD million,22.1183
2024,MDV,Maldives,ARE,United Arab Emirates,Bilateral,constant,USD million,14.8374
2025,MDV,Maldives,ARE,United Arab Emirates,Bilateral,constant,USD million,7.0127
2023,MLI,Mali,BEL,Belgium,Bilateral,constant,USD million,2.2811
2024,MLI,Mali,BEL,Belgium,Bilateral,constant,USD million,1.4057
2025,MLI,Mali,BEL,Belgium,Bilateral,constant,USD million,0.7819
2015,MLI,Mali,CHN,China,Bilateral,constant,USD million,40.9034
2016,MLI,Mali,CHN,China,Bilateral,constant,USD million,56.5992
2017,MLI,Mali,CHN,China,Bilateral,constant,USD million,14.1833
2018,MLI,Mali,CHN,China,Bilateral,constant,USD million,10.7007
2019,MLI,Mali,CHN,China,Bilateral,constant,USD million,48.6215
2020,MLI,Mali,CHN,China,Bilateral,constant,USD million,48.6265
2021,MLI,Mali,CHN,China,Bilateral,constant,USD million,24.276
2022,MLI,Mali,CHN,China,Bilateral,constant,USD million,18.4375
2023,MLI,Mali,CHN,China,Bilateral,constant,USD million,78.6759
2024,MLI,Mali,CHN,China,Bilateral,constant,USD million,61.5446
2025,MLI,Mali,CHN,China,Bilateral,constant,USD million,30.6115
2015,MLI,Mali,FRA,France,Bilateral,constant,USD million,13.8698
2017,MLI,Mali,FRA,France,Bilateral,constant,USD million,9.6704
2018,MLI,Mali,FRA,France,Bilateral,constant,USD million,14.8173
2019,MLI,Mali,FRA,France,Bilateral,constant,USD million,7.456
2020,MLI,Mali,FRA,France,Bilateral,constant,USD million,18.0781
2021,MLI,Mali,FRA,France,Bilateral,constant,USD million,30.6127
2022,MLI,Mali,FRA,France,Bilateral,constant,USD million,82.9921
2023,MLI,Mali,FRA,France,Bilateral,constant,USD million,69.1488
2024,MLI,Mali,FRA,France,Bilateral,constant,USD million,37.1014
2025,MLI,Mali,FRA,France,Bilateral,constant,USD million,18.7893
2015,MLI,Mali,IND,India,Bilateral,constant,USD million,6.297
2016,MLI,Mali,IND,India,Bilateral,constant,USD million,3.724
2017,MLI,Mali,IND,India,Bilateral,constant,USD million,2.4509
2018,MLI,Mali,IND,India,Bilateral,constant,USD million,1.847
2019,MLI,Mali,IND,India,Bilateral,constant,USD million,2.0114
2020,MLI,Mali,IND,India,Bilateral,constant,USD million,18.7317
2021,MLI,Mali,IND,India,Bilateral,constant,USD million,11.9162
2022,MLI,Mali,IND,India,Bilateral,constant,USD million,21.9903
2023,MLI,Mali,IND,India,Bilateral,constant,USD million,11.4689
2024,MLI,Mali,IND,India,Bilateral,constant,USD million,7.4041
2025,MLI,Mali,IND,India,Bilateral,constant,USD million,5.2132
2019,MLI,Mali,IRQ,Iraq,Bilateral,constant,USD million,3.8227
2020,MLI,Mali,IRQ,Iraq,Bilateral,constant,USD million,6.6566
2021,MLI,Mali,IRQ,Iraq,Bilateral,constant,USD million,6.7955
2023,MLI,Mali,ITA,Italy,Bilateral,constant,USD million,1.2858
2024,MLI,Mali,ITA,Italy,Bilateral,constant,USD million,0.5336
2025,MLI,Mali,ITA,Italy,Bilateral,constant,USD million,0.2597
2023,MLI,Mali,KOR,"Korea, Republic of",Bilateral,constant,USD million,4.6122
2024,MLI,Mali,KOR,"Korea, Republic of",Bilateral,constant,USD million,3.2363
2025,MLI,Mali,KOR,"Korea, Republic of",Bilateral,constant,USD million,1.8528
2015,MLI,Mali,KWT,Kuwait,Bilateral,constant,USD million,13.8884
2016,MLI,Mali,KWT,Kuwait,Bilateral,constant,USD million,12.8266
2017,MLI,Mali,KWT,Kuwait,Bilateral,constant,USD million,1.015
2018,MLI,Mali,KWT,Kuwait,Bilateral,constant,USD million,0.5043
2019,MLI,Mali,KWT,Kuwait,Bilateral,constant,USD million,0.3452
2020,MLI,Mali,KWT,Kuwait,Bilateral,constant,USD million,2.0864
2023,MLI,Mali,KWT,Kuwait,Bilateral,constant,USD million,11.3372
2024,MLI,Mali,KWT,Kuwait,Bilateral,constant,USD million,13.9669
2025,MLI,Mali,KWT,Kuwait,Bilateral,constant,USD million,8.8184
2023,MLI,Mali,QAT,Qatar,Bilateral,constant,USD million,6.1205
2024,MLI,Mali,QAT,Qatar,Bilateral,constant,USD million,4.4963
2025,MLI,Mali,QAT,Qatar,Bilateral,constant,USD million,2.984
2019,MLI,Mali,SAU,Saudi Arabia,Bilateral,constant,USD million,10.7549
2020,MLI,Mali,SAU,Saudi Arabia,Bilateral,constant,USD million,18.7273
2021,MLI,Mali,SAU,Saudi Arabia,Bilateral,constant,USD million,18.4226
2023,MLI,Mali,SAU,Saudi Arabia,Bilateral,constant,USD million,15.175
2024,MLI,Mali,SAU,Saudi Arabia,Bilateral,constant,USD million,9.784
2025,MLI,Mali,SAU,Saudi Arabia,Bilateral,constant,USD million,5.5161
2019,MLI,Mali,ARE,United Arab Emirates,Bilateral,constant,USD million,5.5665
2020,MLI,Mali,ARE,United Arab Emirates,Bilateral,constant,USD million,9.6927
2021,MLI,Mali,ARE,United Arab Emirates,Bilateral,constant,USD million,15.0092
2022,MLI,Mali,ARE,United Arab Emirates,Bilateral,constant,USD million,8.2929
2023,MLI,Mali,ARE,United Arab Emirates,Bilateral,constant,USD million,18.1944
2024,MLI,Mali,ARE,United Arab Emirates,Bilateral,constant,USD million,21.7197
2025,MLI,Mali,ARE,United Arab Emirates,Bilateral,constant,USD million,13.4021
2015,MRT,Mauritania,CHN,China,Bilateral,constant,USD million,121.8827
2016,MRT,Mauritania,CHN,China,Bilateral,constant,USD million,38.4096
2017,MRT,Mauritania,CHN,China,Bilateral,constant,USD million,7.5874
2018,MRT,Mauritania,CHN,China,Bilateral,constant,USD million,16.726
2019,MRT,Mauritania,CHN,China,Bilateral,constant,USD million,22.8327
2020,MRT,Mauritania,CHN,China,Bilateral,constant,USD million,9.1789
2022,MRT,Mauritania,CHN,China,Bilateral,constant,USD million,20.4706
2023,MRT,Mauritania,CHN,China,Bilateral,constant,USD million,76.2736
2024,MRT,Mauritania,CHN,China,Bilateral,constant,USD million,122.9055
2025,MRT,Mauritania,CHN,China,Bilateral,constant,USD million,26.8441
2020,MRT,Mauritania,FRA,France,Bilateral,constant,USD million,19.8775
2023,MRT,Mauritania,FRA,France,Bilateral,constant,USD million,4.639
2024,MRT,Mauritania,FRA,France,Bilateral,constant,USD million,2.7409
2025,MRT,Mauritania,FRA,France,Bilateral,constant,USD million,1.7824
2017,MRT,Mauritania,DEU,"Germany, Fed. Rep. of",Bilateral,constant,USD million,2.3799
2015,MRT,Mauritania,IND,India,Bilateral,constant,USD million,4.604
2016,MRT,Mauritania,IND,India,Bilateral,constant,USD million,5.7046
2017,MRT,Mauritania,IND,India,Bilateral,constant,USD million,3.3711
2018,MRT,Mauritania,IND,India,Bilateral,constant,USD million,49.216
2019,MRT,Mauritania,IND,India,Bilateral,constant,USD million,37.0217
2020,MRT,Mauritania,IND,India,Bilateral,constant,USD million,6.2492
2021,MRT,Mauritania,IND,India,Bilateral,constant,USD million,7.0373
2022,MRT,Mauritania,IND,India,Bilateral,constant,USD million,0.2359
2023,MRT,Mauritania,IND,India,Bilateral,constant,USD million,1.4106
2024,MRT,Mauritania,IND,India,Bilateral,constant,USD million,0.9107
2025,MRT,Mauritania,IND,India,Bilateral,constant,USD million,0.9219
2015,MRT,Mauritania,KWT,Kuwait,Bilateral,constant,USD million,13.802
2016,MRT,Mauritania,KWT,Kuwait,Bilateral,constant,USD million,13.3217
2017,MRT,Mauritania,KWT,Kuwait,Bilateral,constant,USD million,18.5474
2018,MRT,Mauritania,KWT,Kuwait,Bilateral,constant,USD million,9.9228
2019,MRT,Mauritania,KWT,Kuwait,Bilateral,constant,USD million,9.6768
2020,MRT,Mauritania,KWT,Kuwait,Bilateral,constant,USD million,5.6617
2021,MRT,Mauritania,KWT,Kuwait,Bilateral,constant,USD million,4.2071
2022,MRT,Mauritania,KWT,Kuwait,Bilateral,constant,USD million,8.7008
2023,MRT,Mauritania,KWT,Kuwait,Bilateral,constant,USD million,24.0625
2024,MRT,Mauritania,KWT,Kuwait,Bilateral,constant,USD million,31.6813
2025,MRT,Mauritania,KWT,Kuwait,Bilateral,constant,USD million,19.6961
2015,MRT,Mauritania,SAU,Saudi Arabia,Bilateral,constant,USD million,300.0
2016,MRT,Mauritania,SAU,Saudi Arabia,Bilateral,constant,USD million,16.6158
2017,MRT,Mauritania,SAU,Saudi Arabia,Bilateral,constant,USD million,1.1807
2018,MRT,Mauritania,SAU,Saudi Arabia,Bilateral,constant,USD million,7.951
2019,MRT,Mauritania,SAU,Saudi Arabia,Bilateral,constant,USD million,10.9699
2020,MRT,Mauritania,SAU,Saudi Arabia,Bilateral,constant,USD million,5.3568
2021,MRT,Mauritania,SAU,Saudi Arabia,Bilateral,constant,USD million,6.6335
2022,MRT,Mauritania,SAU,Saudi Arabia,Bilateral,constant,USD million,4.9518
2023,MRT,Mauritania,SAU,Saudi Arabia,Bilateral,constant,USD million,73.8305
2024,MRT,Mauritania,SAU,Saudi Arabia,Bilateral,constant,USD million,97.3832
2025,MRT,Mauritania,SAU,Saudi Arabia,Bilateral,constant,USD million,63.2125
2022,MRT,Mauritania,ESP,Spain,Bilateral,constant,USD million,1.5515
2023,MRT,Mauritania,ESP,Spain,Bilateral,constant,USD million,3.529
2024,MRT,Mauritania,ESP,Spain,Bilateral,constant,USD million,2.7408
2025,MRT,Mauritania,ESP,Spain,Bilateral,constant,USD million,0.6297
2015,MRT,Mauritania,ARE,United Arab Emirates,Bilateral,constant,USD million,8.6061
2016,MRT,Mauritania,ARE,United Arab Emirates,Bilateral,constant,USD million,2.766
2017,MRT,Mauritania,ARE,United Arab Emirates,Bilateral,constant,USD million,4.4009
2018,MRT,Mauritania,ARE,United Arab Emirates,Bilateral,constant,USD million,1.1085
2019,MRT,Mauritania,ARE,United Arab Emirates,Bilateral,constant,USD million,0.6036
2020,MRT,Mauritania,ARE,United Arab Emirates,Bilateral,constant,USD million,0.5605
2021,MRT,Mauritania,ARE,United Arab Emirates,Bilateral,constant,USD million,0.9758
2022,MRT,Mauritania,ARE,United Arab Emirates,Bilateral,constant,USD million,0.3021
2023,MRT,Mauritania,ARE,United Arab Emirates,Bilateral,constant,USD million,7.9298
2024,MRT,Mauritania,ARE,United Arab Emirates,Bilateral,constant,USD million,9.7794
2025,MRT,Mauritania,ARE,United Arab Emirates,Bilateral,constant,USD million,6.3316
2015,MUS,Mauritius,CHN,China,Bilateral,constant,USD million,18.3342
2016,MUS,Mauritius,CHN,China,Bilateral,constant,USD million,9.7291
2018,MUS,Mauritius,CHN,China,Bilateral,constant,USD million,41.4281
2019,MUS,Mauritius,CHN,China,Bilateral,constant,USD million,13.1446
2020,MUS,Mauritius,CHN,China,Bilateral,constant,USD million,3.914
2021,MUS,Mauritius,CHN,China,Bilateral,constant,USD million,11.6932
2015,MUS,Mauritius,FRA,France,Bilateral,constant,USD million,28.4106
2016,MUS,Mauritius,FRA,France,Bilateral,constant,USD million,3.3479
2017,MUS,Mauritius,FRA,France,Bilateral,constant,USD million,13.8288
2018,MUS,Mauritius,FRA,France,Bilateral,constant,USD million,6.9304
2020,MUS,Mauritius,FRA,France,Bilateral,constant,USD million,0.1388
2023,MUS,Mauritius,FRA,France,Bilateral,constant,USD million,5.4462
2024,MUS,Mauritius,FRA,France,Bilateral,constant,USD million,5.9554
2025,MUS,Mauritius,FRA,France,Bilateral,constant,USD million,3.3107
2015,MUS,Mauritius,IND,India,Bilateral,constant,USD million,26.6
2016,MUS,Mauritius,IND,India,Bilateral,constant,USD million,13.962
2017,MUS,Mauritius,IND,India,Bilateral,constant,USD million,0.7561
2019,MUS,Mauritius,IND,India,Bilateral,constant,USD million,6.826
2020,MUS,Mauritius,IND,India,Bilateral,constant,USD million,166.3046
2021,MUS,Mauritius,IND,India,Bilateral,constant,USD million,79.2992
2022,MUS,Mauritius,IND,India,Bilateral,constant,USD million,135.2703
2023,MUS,Mauritius,IND,India,Bilateral,constant,USD million,323.9248
2024,MUS,Mauritius,IND,India,Bilateral,constant,USD million,246.0108
2025,MUS,Mauritius,IND,India,Bilateral,constant,USD million,121.982
2015,MUS,Mauritius,JPN,Japan,Bilateral,constant,USD million,0.3057
2016,MUS,Mauritius,JPN,Japan,Bilateral,constant,USD million,0.4559
2017,MUS,Mauritius,JPN,Japan,Bilateral,constant,USD million,0.059
2018,MUS,Mauritius,JPN,Japan,Bilateral,constant,USD million,0.058
2019,MUS,Mauritius,JPN,Japan,Bilateral,constant,USD million,0.0617
2020,MUS,Mauritius,JPN,Japan,Bilateral,constant,USD million,9.4316
2021,MUS,Mauritius,JPN,Japan,Bilateral,constant,USD million,2.5785
2022,MUS,Mauritius,JPN,Japan,Bilateral,constant,USD million,3.0403
2023,MUS,Mauritius,JPN,Japan,Bilateral,constant,USD million,19.0621
2024,MUS,Mauritius,JPN,Japan,Bilateral,constant,USD million,12.1592
2025,MUS,Mauritius,JPN,Japan,Bilateral,constant,USD million,6.9525
2022,MUS,Mauritius,KWT,Kuwait,Bilateral,constant,USD million,4.1596
2023,MUS,Mauritius,KWT,Kuwait,Bilateral,constant,USD million,9.2112
2024,MUS,Mauritius,KWT,Kuwait,Bilateral,constant,USD million,5.5097
2025,MUS,Mauritius,KWT,Kuwait,Bilateral,constant,USD million,2.9863
2019,MUS,Mauritius,SAU,Saudi Arabia,Bilateral,constant,USD million,8.5184
2020,MUS,Mauritius,SAU,Saudi Arabia,Bilateral,constant,USD million,13.0447
2022,MUS,Mauritius,SAU,Saudi Arabia,Bilateral,constant,USD million,8.0608
2023,MUS,Mauritius,SAU,Saudi Arabia,Bilateral,constant,USD million,34.077
2024,MUS,Mauritius,SAU,Saudi Arabia,Bilateral,constant,USD million,31.4521
2025,MUS,Mauritius,SAU,Saudi Arabia,Bilateral,constant,USD million,18.3814
2023,MUS,Mauritius,ARE,United Arab Emirates,Bilateral,constant,USD million,1.9614
2024,MUS,Mauritius,ARE,United Arab Emirates,Bilateral,constant,USD million,3.4316
2025,MUS,Mauritius,ARE,United Arab Emirates,Bilateral,constant,USD million,2.1938
2015,MEX,Mexico,CAN,Canada,Bilateral,constant,USD million,5.709
2016,MEX,Mexico,CAN,Canada,Bilateral,constant,USD million,4.6562
2017,MEX,Mexico,CAN,Canada,Bilateral,constant,USD million,319.1841
2016,MEX,Mexico,FRA,France,Bilateral,constant,USD million,98.2931
2020,MEX,Mexico,FRA,France,Bilateral,constant,USD million,298.1266
2021,MEX,Mexico,FRA,France,Bilateral,constant,USD million,268.562
2022,MEX,Mexico,FRA,France,Bilateral,constant,USD million,258.0779
2023,MEX,Mexico,FRA,France,Bilateral,constant,USD million,57.7963
2024,MEX,Mexico,FRA,France,Bilateral,constant,USD million,23.6472
2025,MEX,Mexico,FRA,France,Bilateral,constant,USD million,11.3706
2015,MEX,Mexico,DEU,"Germany, Fed. Rep. of",Bilateral,constant,USD million,67.6788
2016,MEX,Mexico,DEU,"Germany, Fed. Rep. of",Bilateral,constant,USD million,248.7411
2017,MEX,Mexico,DEU,"Germany, Fed. Rep. of",Bilateral,constant,USD million,237.7237
2018,MEX,Mexico,DEU,"Germany, Fed. Rep. of",Bilateral,constant,USD million,179.9332
2019,MEX,Mexico,DEU,"Germany, Fed. Rep. of",Bilateral,constant,USD million,14.1943
2020,MEX,Mexico,DEU,"Germany, Fed. Rep. of",Bilateral,constant,USD million,28.6084
2021,MEX,Mexico,DEU,"Germany, Fed. Rep. of",Bilateral,constant,USD million,28.3768
2015,MEX,Mexico,JPN,Japan,Bilateral,constant,USD million,79.7863
2016,MEX,Mexico,JPN,Japan,Bilateral,constant,USD million,90.9539
2017,MEX,Mexico,JPN,Japan,Bilateral,constant,USD million,4.8842
2019,MEX,Mexico,JPN,Japan,Bilateral,constant,USD million,97.8916
2021,MEX,Mexico,JPN,Japan,Bilateral,constant,USD million,99.6772
2023,MEX,Mexico,JPN,Japan,Bilateral,constant,USD million,8.6762
2024,MEX,Mexico,JPN,Japan,Bilateral,constant,USD million,2.1299
2020,MEX,Mexico,USA,United States,Bilateral,constant,USD million,23.7149
2022,MDA,Moldova,FRA,France,Bilateral,constant,USD million,9.7704
2023,MDA,Moldova,JPN,Japan,Bilateral,constant,USD million,1.718
2024,MDA,Moldova,JPN,Japan,Bilateral,constant,USD million,0.8897
2025,MDA,Moldova,JPN,Japan,Bilateral,constant,USD million,0.3854
2023,MDA,Moldova,POL,Poland,Bilateral,constant,USD million,9.2858
2024,MDA,Moldova,POL,Poland,Bilateral,constant,USD million,14.2072
2025,MDA,Moldova,POL,Poland,Bilateral,constant,USD million,10.4157
2016,MDA,Moldova,ROU,Romania,Bilateral,constant,USD million,66.3579
2017,MDA,Moldova,ROU,Romania,Bilateral,constant,USD million,89.8187
2016,MNG,Mongolia,AUT,Austria,Bilateral,constant,USD million,8.1908
2017,MNG,Mongolia,AUT,Austria,Bilateral,constant,USD million,12.0134
2018,MNG,Mongolia,AUT,Austria,Bilateral,constant,USD million,1.2354
2020,MNG,Mongolia,AUT,Austria,Bilateral,constant,USD million,0.4373
2021,MNG,Mongolia,AUT,Austria,Bilateral,constant,USD million,0.3885
2022,MNG,Mongolia,AUT,Austria,Bilateral,constant,USD million,0.3239
2023,MNG,Mongolia,AUT,Austria,Bilateral,constant,USD million,7.0947
2024,MNG,Mongolia,AUT,Austria,Bilateral,constant,USD million,4.4959
2025,MNG,Mongolia,AUT,Austria,Bilateral,constant,USD million,2.5433
2020,MNG,Mongolia,BLR,Belarus,Bilateral,constant,USD million,7.1013
2021,MNG,Mongolia,BLR,Belarus,Bilateral,constant,USD million,11.5334
2022,MNG,Mongolia,BLR,Belarus,Bilateral,constant,USD million,2.4987
2015,MNG,Mongolia,CHN,China,Bilateral,constant,USD million,7.049
2016,MNG,Mongolia,CHN,China,Bilateral,constant,USD million,72.7222
2017,MNG,Mongolia,CHN,China,Bilateral,constant,USD million,75.4427
2018,MNG,Mongolia,CHN,China,Bilateral,constant,USD million,192.4565
2019,MNG,Mongolia,CHN,China,Bilateral,constant,USD million,127.303
2020,MNG,Mongolia,CHN,China,Bilateral,constant,USD million,112.7159
2021,MNG,Mongolia,CHN,China,Bilateral,constant,USD million,44.7736
2022,MNG,Mongolia,CHN,China,Bilateral,constant,USD million,54.0487
2023,MNG,Mongolia,CHN,China,Bilateral,constant,USD million,61.8632
2024,MNG,Mongolia,CHN,China,Bilateral,constant,USD million,28.9822
2025,MNG,Mongolia,CHN,China,Bilateral,constant,USD million,11.5492
2023,MNG,Mongolia,FRA,France,Bilateral,constant,USD million,27.1821
2024,MNG,Mongolia,FRA,France,Bilateral,constant,USD million,15.6439
2025,MNG,Mongolia,FRA,France,Bilateral,constant,USD million,8.2706
2021,MNG,Mongolia,DEU,"Germany, Fed. Rep. of",Bilateral,constant,USD million,2.9342
2022,MNG,Mongolia,DEU,"Germany, Fed. Rep. of",Bilateral,constant,USD million,2.2582
2023,MNG,Mongolia,DEU,"Germany, Fed. Rep. of",Bilateral,constant,USD million,8.0132
2024,MNG,Mongolia,DEU,"Germany, Fed. Rep. of",Bilateral,constant,USD million,8.6789
2025,MNG,Mongolia,DEU,"Germany, Fed. Rep. of",Bilateral,constant,USD million,5.154
2023,MNG,Mongolia,HUN,Hungary,Bilateral,constant,USD million,11.7496
2024,MNG,Mongolia,HUN,Hungary,Bilateral,constant,USD million,15.7587
2025,MNG,Mongolia,HUN,Hungary,Bilateral,constant,USD million,8.0597
2023,MNG,Mongolia,IND,India,Bilateral,constant,USD million,333.0814
2024,MNG,Mongolia,IND,India,Bilateral,constant,USD million,330.5114
2025,MNG,Mongolia,IND,India,Bilateral,constant,USD million,233.0727
2023,MNG,Mongolia,ITA,Italy,Bilateral,constant,USD million,0.8406
2024,MNG,Mongolia,ITA,Italy,Bilateral,constant,USD million,1.1796
2025,MNG,Mongolia,ITA,Italy,Bilateral,constant,USD million,0.743
2015,MNG,Mongolia,JPN,Japan,Bilateral,constant,USD million,3.3132
2017,MNG,Mongolia,JPN,Japan,Bilateral,constant,USD million,15.145
2023,MNG,Mongolia,JPN,Japan,Bilateral,constant,USD million,21.6873
2024,MNG,Mongolia,JPN,Japan,Bilateral,constant,USD million,9.064
2025,MNG,Mongolia,JPN,Japan,Bilateral,constant,USD million,5.2883
2020,MNG,Mongolia,KOR,"Korea, Republic of",Bilateral,constant,USD million,0.3077
2023,MNG,Mongolia,KOR,"Korea, Republic of",Bilateral,constant,USD million,77.4073
2024,MNG,Mongolia,KOR,"Korea, Republic of",Bilateral,constant,USD million,75.4401
2025,MNG,Mongolia,KOR,"Korea, Republic of",Bilateral,constant,USD million,51.8811
2015,MNG,Mongolia,KWT,Kuwait,Bilateral,constant,USD million,3.0516
2016,MNG,Mongolia,KWT,Kuwait,Bilateral,constant,USD million,6.523
2017,MNG,Mongolia,KWT,Kuwait,Bilateral,constant,USD million,0.2146
2023,MNG,Mongolia,POL,Poland,Bilateral,constant,USD million,0.6074
2024,MNG,Mongolia,POL,Poland,Bilateral,constant,USD million,0.4361
2025,MNG,Mongolia,POL,Poland,Bilateral,constant,USD million,0.2116
2018,MNE,Montenegro,CAN,Canada,Bilateral,constant,USD million,21.1659
2020,MNE,Montenegro,CAN,Canada,Bilateral,constant,USD million,1.4046
2021,MNE,Montenegro,CAN,Canada,Bilateral,constant,USD million,1.3367
2022,MNE,Montenegro,CAN,Canada,Bilateral,constant,USD million,0.0822
2015,MNE,Montenegro,CHN,China,Bilateral,constant,USD million,188.798
2016,MNE,Montenegro,CHN,China,Bilateral,constant,USD million,10.3334
2017,MNE,Montenegro,CHN,China,Bilateral,constant,USD million,185.0863
2018,MNE,Montenegro,CHN,China,Bilateral,constant,USD million,155.4596
2019,MNE,Montenegro,CHN,China,Bilateral,constant,USD million,137.8613
2020,MNE,Montenegro,CHN,China,Bilateral,constant,USD million,29.7253
2021,MNE,Montenegro,CHN,China,Bilateral,constant,USD million,45.0116
2022,MNE,Montenegro,CHN,China,Bilateral,constant,USD million,52.5638
2023,MNE,Montenegro,CHN,China,Bilateral,constant,USD million,17.9802
2024,MNE,Montenegro,CHN,China,Bilateral,constant,USD million,4.2582
2015,MNE,Montenegro,DEU,"Germany, Fed. Rep. of",Bilateral,constant,USD million,20.2177
2016,MNE,Montenegro,DEU,"Germany, Fed. Rep. of",Bilateral,constant,USD million,25.6248
2017,MNE,Montenegro,DEU,"Germany, Fed. Rep. of",Bilateral,constant,USD million,9.1373
2018,MNE,Montenegro,DEU,"Germany, Fed. Rep. of",Bilateral,constant,USD million,13.9652
2019,MNE,Montenegro,DEU,"Germany, Fed. Rep. of",Bilateral,constant,USD million,8.999
2020,MNE,Montenegro,DEU,"Germany, Fed. Rep. of",Bilateral,constant,USD million,11.6991
2021,MNE,Montenegro,DEU,"Germany, Fed. Rep. of",Bilateral,constant,USD million,7.388
2022,MNE,Montenegro,DEU,"Germany, Fed. Rep. of",Bilateral,constant,USD million,7.3977
2023,MNE,Montenegro,DEU,"Germany, Fed. Rep. of",Bilateral,constant,USD million,53.1531
2024,MNE,Montenegro,DEU,"Germany, Fed. Rep. of",Bilateral,constant,USD million,30.2957
2025,MNE,Montenegro,DEU,"Germany, Fed. Rep. of",Bilateral,constant,USD million,13.9667
2015,MAR,Morocco,CHN,China,Bilateral,constant,USD million,43.411
2016,MAR,Morocco,CHN,China,Bilateral,constant,USD million,201.9983
2017,MAR,Morocco,CHN,China,Bilateral,constant,USD million,36.3677
2018,MAR,Morocco,CHN,China,Bilateral,constant,USD million,7.8624
2023,MAR,Morocco,CHN,China,Bilateral,constant,USD million,33.5038
2024,MAR,Morocco,CHN,China,Bilateral,constant,USD million,12.4152
2025,MAR,Morocco,CHN,China,Bilateral,constant,USD million,6.514
2015,MAR,Morocco,FIN,Finland,Bilateral,constant,USD million,5.2849
2016,MAR,Morocco,FIN,Finland,Bilateral,constant,USD million,12.4975
2017,MAR,Morocco,FIN,Finland,Bilateral,constant,USD million,6.8476
2018,MAR,Morocco,FIN,Finland,Bilateral,constant,USD million,3.1616
2023,MAR,Morocco,FIN,Finland,Bilateral,constant,USD million,0.9793
2024,MAR,Morocco,FIN,Finland,Bilateral,constant,USD million,0.2314
2015,MAR,Morocco,FRA,France,Bilateral,constant,USD million,112.9445
2016,MAR,Morocco,FRA,France,Bilateral,constant,USD million,148.079
2017,MAR,Morocco,FRA,France,Bilateral,constant,USD million,180.8928
2018,MAR,Morocco,FRA,France,Bilateral,constant,USD million,26.6439
2019,MAR,Morocco,FRA,France,Bilateral,constant,USD million,155.1623
2020,MAR,Morocco,FRA,France,Bilateral,constant,USD million,193.1365
2021,MAR,Morocco,FRA,France,Bilateral,constant,USD million,217.3244
2022,MAR,Morocco,FRA,France,Bilateral,constant,USD million,340.7687
2023,MAR,Morocco,FRA,France,Bilateral,constant,USD million,1058.8918
2024,MAR,Morocco,FRA,France,Bilateral,constant,USD million,927.1341
2025,MAR,Morocco,FRA,France,Bilateral,constant,USD million,484.1254
2015,MAR,Morocco,DEU,"Germany, Fed. Rep. of",Bilateral,constant,USD million,353.467
2016,MAR,Morocco,DEU,"Germany, Fed. Rep. of",Bilateral,constant,USD million,443.5786
2017,MAR,Morocco,DEU,"Germany, Fed. Rep. of",Bilateral,constant,USD million,352.391
2018,MAR,Morocco,DEU,"Germany, Fed. Rep. of",Bilateral,constant,USD million,162.1331
2019,MAR,Morocco,DEU,"Germany, Fed. Rep. of",Bilateral,constant,USD million,142.4013
2020,MAR,Morocco,DEU,"Germany, Fed. Rep. of",Bilateral,constant,USD million,432.7304
2021,MAR,Morocco,DEU,"Germany, Fed. Rep. of",Bilateral,constant,USD million,300.2937
2022,MAR,Morocco,DEU,"Germany, Fed. Rep. of",Bilateral,constant,USD million,460.8609
2023,MAR,Morocco,DEU,"Germany, Fed. Rep. of",Bilateral,constant,USD million,283.4312
2024,MAR,Morocco,DEU,"Germany, Fed. Rep. of",Bilateral,constant,USD million,219.5918
2025,MAR,Morocco,DEU,"Germany, Fed. Rep. of",Bilateral,constant,USD million,105.0551
2017,MAR,Morocco,ITA,Italy,Bilateral,constant,USD million,0.0222
2023,MAR,Morocco,ITA,Italy,Bilateral,constant,USD million,4.6216
2024,MAR,Morocco,ITA,Italy,Bilateral,constant,USD million,2.6306
2025,MAR,Morocco,ITA,Italy,Bilateral,constant,USD million,0.5821
2023,MAR,Morocco,JPN,Japan,Bilateral,constant,USD million,74.1403
2024,MAR,Morocco,JPN,Japan,Bilateral,constant,USD million,36.2917
2025,MAR,Morocco,JPN,Japan,Bilateral,constant,USD million,17.1905
2015,MAR,Morocco,KWT,Kuwait,Bilateral,constant,USD million,57.3122
2016,MAR,Morocco,KWT,Kuwait,Bilateral,constant,USD million,19.8865
2017,MAR,Morocco,KWT,Kuwait,Bilateral,constant,USD million,36.0233
2018,MAR,Morocco,KWT,Kuwait,Bilateral,constant,USD million,39.8596
2019,MAR,Morocco,KWT,Kuwait,Bilateral,constant,USD million,3.6077
2020,MAR,Morocco,KWT,Kuwait,Bilateral,constant,USD million,5.0374
2023,MAR,Morocco,KWT,Kuwait,Bilateral,constant,USD million,9.4725
2024,MAR,Morocco,KWT,Kuwait,Bilateral,constant,USD million,5.1038
2025,MAR,Morocco,KWT,Kuwait,Bilateral,constant,USD million,1.9351
2015,MAR,Morocco,PRT,Portugal,Bilateral,constant,USD million,11.5341
2016,MAR,Morocco,PRT,Portugal,Bilateral,constant,USD million,6.5713
2023,MAR,Morocco,PRT,Portugal,Bilateral,constant,USD million,2.0659
2024,MAR,Morocco,PRT,Portugal,Bilateral,constant,USD million,1.4043
2025,MAR,Morocco,PRT,Portugal,Bilateral,constant,USD million,1.0739
2015,MAR,Morocco,SAU,Saudi Arabia,Bilateral,constant,USD million,48.2843
2016,MAR,Morocco,SAU,Saudi Arabia,Bilateral,constant,USD million,79.5654
2017,MAR,Morocco,SAU,Saudi Arabia,Bilateral,constant,USD million,36.8196
2019,MAR,Morocco,SAU,Saudi Arabia,Bilateral,constant,USD million,1.9086
2020,MAR,Morocco,SAU,Saudi Arabia,Bilateral,constant,USD million,17.4751
2021,MAR,Morocco,SAU,Saudi Arabia,Bilateral,constant,USD million,36.2902
2022,MAR,Morocco,SAU,Saudi Arabia,Bilateral,constant,USD million,8.3721
2023,MAR,Morocco,SAU,Saudi Arabia,Bilateral,constant,USD million,25.8107
2024,MAR,Morocco,SAU,Saudi Arabia,Bilateral,constant,USD million,12.4641
2025,MAR,Morocco,SAU,Saudi Arabia,Bilateral,constant,USD million,5.8718
2023,MAR,Morocco,ESP,Spain,Bilateral,constant,USD million,34.6682
2024,MAR,Morocco,ESP,Spain,Bilateral,constant,USD million,24.9588
2025,MAR,Morocco,ESP,Spain,Bilateral,constant,USD million,18.4702
2015,MAR,Morocco,ARE,United Arab Emirates,Bilateral,constant,USD million,34.7483
2016,MAR,Morocco,ARE,United Arab Emirates,Bilateral,constant,USD million,19.3466
2017,MAR,Morocco,ARE,United Arab Emirates,Bilateral,constant,USD million,34.7002
2018,MAR,Morocco,ARE,United Arab Emirates,Bilateral,constant,USD million,7.522
2021,MAR,Morocco,ARE,United Arab Emirates,Bilateral,constant,USD million,7.0617
2022,MAR,Morocco,ARE,United Arab Emirates,Bilateral,constant,USD million,4.241
2015,MOZ,Mozambique,BRA,Brazil,Bilateral,constant,USD million,51.558
2019,MOZ,Mozambique,BRA,Brazil,Bilateral,constant,USD million,29.1603
2021,MOZ,Mozambique,BRA,Brazil,Bilateral,constant,USD million,22.5707
2022,MOZ,Mozambique,BRA,Brazil,Bilateral,constant,USD million,0.9339
2023,MOZ,Mozambique,BRA,Brazil,Bilateral,constant,USD million,71.6256
2024,MOZ,Mozambique,BRA,Brazil,Bilateral,constant,USD million,53.8079
2025,MOZ,Mozambique,BRA,Brazil,Bilateral,constant,USD million,36.3039
2015,MOZ,Mozambique,BGR,Bulgaria,Bilateral,constant,USD million,57.8
2015,MOZ,Mozambique,CHN,China,Bilateral,constant,USD million,211.398
2016,MOZ,Mozambique,CHN,China,Bilateral,constant,USD million,265.6639
2017,MOZ,Mozambique,CHN,China,Bilateral,constant,USD million,372.0196
2018,MOZ,Mozambique,CHN,China,Bilateral,constant,USD million,229.6165
2019,MOZ,Mozambique,CHN,China,Bilateral,constant,USD million,67.7463
2020,MOZ,Mozambique,CHN,China,Bilateral,constant,USD million,27.006
2021,MOZ,Mozambique,CHN,China,Bilateral,constant,USD million,71.1414
2023,MOZ,Mozambique,CHN,China,Bilateral,constant,USD million,89.1586
2024,MOZ,Mozambique,CHN,China,Bilateral,constant,USD million,46.3775
2025,MOZ,Mozambique,CHN,China,Bilateral,constant,USD million,24.1552
2015,MOZ,Mozambique,FRA,France,Bilateral,constant,USD million,43.9178
2016,MOZ,Mozambique,FRA,France,Bilateral,constant,USD million,56.9064
2017,MOZ,Mozambique,FRA,France,Bilateral,constant,USD million,7.9109
2018,MOZ,Mozambique,FRA,France,Bilateral,constant,USD million,3.669
2019,MOZ,Mozambique,FRA,France,Bilateral,constant,USD million,1.8864
2020,MOZ,Mozambique,FRA,France,Bilateral,constant,USD million,4.5622
2021,MOZ,Mozambique,FRA,France,Bilateral,constant,USD million,1.2793
2023,MOZ,Mozambique,FRA,France,Bilateral,constant,USD million,14.4394
2024,MOZ,Mozambique,FRA,France,Bilateral,constant,USD million,3.4491
2025,MOZ,Mozambique,FRA,France,Bilateral,constant,USD million,1.5891
2015,MOZ,Mozambique,IND,India,Bilateral,constant,USD million,23.098
2016,MOZ,Mozambique,IND,India,Bilateral,constant,USD million,7.098
2017,MOZ,Mozambique,IND,India,Bilateral,constant,USD million,1.7306
2018,MOZ,Mozambique,IND,India,Bilateral,constant,USD million,22.4446
2019,MOZ,Mozambique,IND,India,Bilateral,constant,USD million,15.7738
2020,MOZ,Mozambique,IND,India,Bilateral,constant,USD million,11.3197
2021,MOZ,Mozambique,IND,India,Bilateral,constant,USD million,70.0724
2022,MOZ,Mozambique,IND,India,Bilateral,constant,USD million,56.1212
2023,MOZ,Mozambique,IND,India,Bilateral,constant,USD million,129.2922
2024,MOZ,Mozambique,IND,India,Bilateral,constant,USD million,146.8203
2025,MOZ,Mozambique,IND,India,Bilateral,constant,USD million,102.5019
2023,MOZ,Mozambique,ITA,Italy,Bilateral,constant,USD million,12.5337
2024,MOZ,Mozambique,ITA,Italy,Bilateral,constant,USD million,18.887
2025,MOZ,Mozambique,ITA,Italy,Bilateral,constant,USD million,12.2291
2023,MOZ,Mozambique,JPN,Japan,Bilateral,constant,USD million,88.8806
2024,MOZ,Mozambique,JPN,Japan,Bilateral,constant,USD million,54.4039
2025,MOZ,Mozambique,JPN,Japan,Bilateral,constant,USD million,32.5706
2020,MOZ,Mozambique,KOR,"Korea, Republic of",Bilateral,constant,USD million,8.4394
2021,MOZ,Mozambique,KOR,"Korea, Republic of",Bilateral,constant,USD million,1.3208
2023,MOZ,Mozambique,KOR,"Korea, Republic of",Bilateral,constant,USD million,21.0044
2024,MOZ,Mozambique,KOR,"Korea, Republic of",Bilateral,constant,USD million,24.8605
2025,MOZ,Mozambique,KOR,"Korea, Republic of",Bilateral,constant,USD million,17.7157
2023,MOZ,Mozambique,KWT,Kuwait,Bilateral,constant,USD million,0.2496
2024,MOZ,Mozambique,KWT,Kuwait,Bilateral,constant,USD million,0.1618
2023,MOZ,Mozambique,PRT,Portugal,Bilateral,constant,USD million,6.628
2024,MOZ,Mozambique,PRT,Portugal,Bilateral,constant,USD million,4.5869
2025,MOZ,Mozambique,PRT,Portugal,Bilateral,constant,USD million,3.0043
2023,MOZ,Mozambique,SAU,Saudi Arabia,Bilateral,constant,USD million,5.285
2024,MOZ,Mozambique,SAU,Saudi Arabia,Bilateral,constant,USD million,3.3861
2025,MOZ,Mozambique,SAU,Saudi Arabia,Bilateral,constant,USD million,1.9177
2023,MOZ,Mozambique,ESP,Spain,Bilateral,constant,USD million,0.0018
2024,MOZ,Mozambique,ESP,Spain,Bilateral,constant,USD million,0.0011
2021,MMR,Myanmar,AUT,Austria,Bilateral,constant,USD million,0.0406
2023,MMR,Myanmar,AUT,Austria,Bilateral,constant,USD million,0.4613
2024,MMR,Myanmar,AUT,Austria,Bilateral,constant,USD million,0.2338
2025,MMR,Myanmar,AUT,Austria,Bilateral,constant,USD million,0.1168
2015,MMR,Myanmar,CHN,China,Bilateral,constant,USD million,397.4755
2016,MMR,Myanmar,CHN,China,Bilateral,constant,USD million,78.3086
2017,MMR,Myanmar,CHN,China,Bilateral,constant,USD million,29.5832
2018,MMR,Myanmar,CHN,China,Bilateral,constant,USD million,28.3043
2019,MMR,Myanmar,CHN,China,Bilateral,constant,USD million,80.2647
2020,MMR,Myanmar,CHN,China,Bilateral,constant,USD million,29.2889
2021,MMR,Myanmar,CHN,China,Bilateral,constant,USD million,10.7792
2022,MMR,Myanmar,CHN,China,Bilateral,constant,USD million,10.9703
2023,MMR,Myanmar,CHN,China,Bilateral,constant,USD million,29.56
2024,MMR,Myanmar,CHN,China,Bilateral,constant,USD million,24.2336
2025,MMR,Myanmar,CHN,China,Bilateral,constant,USD million,16.1953
2018,MMR,Myanmar,FRA,France,Bilateral,constant,USD million,0.1275
2020,MMR,Myanmar,FRA,France,Bilateral,constant,USD million,0.8637
2021,MMR,Myanmar,FRA,France,Bilateral,constant,USD million,0.1601
2023,MMR,Myanmar,FRA,France,Bilateral,constant,USD million,36.9218
2024,MMR,Myanmar,FRA,France,Bilateral,constant,USD million,47.8168
2025,MMR,Myanmar,FRA,France,Bilateral,constant,USD million,29.0912
2023,MMR,Myanmar,DEU,"Germany, Fed. Rep. of",Bilateral,constant,USD million,19.2569
2024,MMR,Myanmar,DEU,"Germany, Fed. Rep. of",Bilateral,constant,USD million,22.1396
2025,MMR,Myanmar,DEU,"Germany, Fed. Rep. of",Bilateral,constant,USD million,13.5977
2016,MMR,Myanmar,IND,India,Bilateral,constant,USD million,8.9448
2017,MMR,Myanmar,IND,India,Bilateral,constant,USD million,0.806
2018,MMR,Myanmar,IND,India,Bilateral,constant,USD million,42.5425
2019,MMR,Myanmar,IND,India,Bilateral,constant,USD million,20.8304
2020,MMR,Myanmar,IND,India,Bilateral,constant,USD million,7.5511
2021,MMR,Myanmar,IND,India,Bilateral,constant,USD million,10.2075
2022,MMR,Myanmar,IND,India,Bilateral,constant,USD million,0.3017
2023,MMR,Myanmar,IND,India,Bilateral,constant,USD million,47.6813
2024,MMR,Myanmar,IND,India,Bilateral,constant,USD million,37.0948
2025,MMR,Myanmar,IND,India,Bilateral,constant,USD million,28.3474
2019,MMR,Myanmar,ITA,Italy,Bilateral,constant,USD million,8.6012
2020,MMR,Myanmar,ITA,Italy,Bilateral,constant,USD million,15.5555
2023,MMR,Myanmar,ITA,Italy,Bilateral,constant,USD million,11.0712
2024,MMR,Myanmar,ITA,Italy,Bilateral,constant,USD million,7.3645
2025,MMR,Myanmar,ITA,Italy,Bilateral,constant,USD million,4.2064
2023,MMR,Myanmar,JPN,Japan,Bilateral,constant,USD million,1220.0811
2024,MMR,Myanmar,JPN,Japan,Bilateral,constant,USD million,1116.079
2025,MMR,Myanmar,JPN,Japan,Bilateral,constant,USD million,700.1399
2021,MMR,Myanmar,KOR,"Korea, Republic of",Bilateral,constant,USD million,0.0075
2023,MMR,Myanmar,KOR,"Korea, Republic of",Bilateral,constant,USD million,125.3001
2024,MMR,Myanmar,KOR,"Korea, Republic of",Bilateral,constant,USD million,135.7756
2025,MMR,Myanmar,KOR,"Korea, Republic of",Bilateral,constant,USD million,100.9532
2023,MMR,Myanmar,THA,Thailand,Bilateral,constant,USD million,10.4926
2024,MMR,Myanmar,THA,Thailand,Bilateral,constant,USD million,15.599
2025,MMR,Myanmar,THA,Thailand,Bilateral,constant,USD million,12.0484
2021,MMR,Myanmar,GBR,United Kingdom,Bilateral,constant,USD million,0.0072
2023,MMR,Myanmar,GBR,United Kingdom,Bilateral,constant,USD million,0.782
2024,MMR,Myanmar,GBR,United Kingdom,Bilateral,constant,USD million,0.4228
2015,NPL,Nepal,CHN,China,Bilateral,constant,USD million,9.3706
2018,NPL,Nepal,CHN,China,Bilateral,constant,USD million,41.8251
2019,NPL,Nepal,CHN,China,Bilateral,constant,USD million,87.2492
2020,NPL,Nepal,CHN,China,Bilateral,constant,USD million,13.7992
2021,NPL,Nepal,CHN,China,Bilateral,constant,USD million,32.3716
2022,NPL,Nepal,CHN,China,Bilateral,constant,USD million,7.9612
2023,NPL,Nepal,CHN,China,Bilateral,constant,USD million,37.59
2024,NPL,Nepal,CHN,China,Bilateral,constant,USD million,21.1912
2025,NPL,Nepal,CHN,China,Bilateral,constant,USD million,10.9516
2015,NPL,Nepal,IND,India,Bilateral,constant,USD million,12.349
2016,NPL,Nepal,IND,India,Bilateral,constant,USD million,16.8114
2017,NPL,Nepal,IND,India,Bilateral,constant,USD million,14.8407
2018,NPL,Nepal,IND,India,Bilateral,constant,USD million,25.3892
2019,NPL,Nepal,IND,India,Bilateral,constant,USD million,49.9163
2020,NPL,Nepal,IND,India,Bilateral,constant,USD million,28.5898
2021,NPL,Nepal,IND,India,Bilateral,constant,USD million,25.7066
2022,NPL,Nepal,IND,India,Bilateral,constant,USD million,4.2135
2023,NPL,Nepal,IND,India,Bilateral,constant,USD million,293.8416
2024,NPL,Nepal,IND,India,Bilateral,constant,USD million,207.0127
2025,NPL,Nepal,IND,India,Bilateral,constant,USD million,137.7249
2023,NPL,Nepal,JPN,Japan,Bilateral,constant,USD million,99.5691
2024,NPL,Nepal,JPN,Japan,Bilateral,constant,USD million,88.3303
2025,NPL,Nepal,JPN,Japan,Bilateral,constant,USD million,54.1923
2023,NPL,Nepal,KOR,"Korea, Republic of",Bilateral,constant,USD million,1.8826
2024,NPL,Nepal,KOR,"Korea, Republic of",Bilateral,constant,USD million,1.4549
2025,NPL,Nepal,KOR,"Korea, Republic of",Bilateral,constant,USD million,0.3484
2016,NPL,Nepal,KWT,Kuwait,Bilateral,constant,USD million,0.4788
2017,NPL,Nepal,KWT,Kuwait,Bilateral,constant,USD million,0.1092
2019,NPL,Nepal,KWT,Kuwait,Bilateral,constant,USD million,0.3096
2020,NPL,Nepal,KWT,Kuwait,Bilateral,constant,USD million,0.2918
2023,NPL,Nepal,KWT,Kuwait,Bilateral,constant,USD million,7.6836
2024,NPL,Nepal,KWT,Kuwait,Bilateral,constant,USD million,4.451
2025,NPL,Nepal,KWT,Kuwait,Bilateral,constant,USD million,2.4568
2015,NPL,Nepal,RUS,Russian Federation,Bilateral,constant,USD million,0.06
2015,NPL,Nepal,SAU,Saudi Arabia,Bilateral,constant,USD million,0.3109
2016,NPL,Nepal,SAU,Saudi Arabia,Bilateral,constant,USD million,1.4097
2017,NPL,Nepal,SAU,Saudi Arabia,Bilateral,constant,USD million,2.3191
2018,NPL,Nepal,SAU,Saudi Arabia,Bilateral,constant,USD million,0.9131
2019,NPL,Nepal,SAU,Saudi Arabia,Bilateral,constant,USD million,0.536
2020,NPL,Nepal,SAU,Saudi Arabia,Bilateral,constant,USD million,1.0186
2021,NPL,Nepal,SAU,Saudi Arabia,Bilateral,constant,USD million,8.3058
2022,NPL,Nepal,SAU,Saudi Arabia,Bilateral,constant,USD million,8.0098
2023,NPL,Nepal,SAU,Saudi Arabia,Bilateral,constant,USD million,25.0783
2024,NPL,Nepal,SAU,Saudi Arabia,Bilateral,constant,USD million,14.1638
2025,NPL,Nepal,SAU,Saudi Arabia,Bilateral,constant,USD million,7.6096
2023,NIC,Nicaragua,DEU,"Germany, Fed. Rep. of",Bilateral,constant,USD million,4.064
2024,NIC,Nicaragua,DEU,"Germany, Fed. Rep. of",Bilateral,constant,USD million,5.2115
2025,NIC,Nicaragua,DEU,"Germany, Fed. Rep. of",Bilateral,constant,USD million,3.339
2015,NIC,Nicaragua,IND,India,Bilateral,constant,USD million,3.0
2016,NIC,Nicaragua,IND,India,Bilateral,constant,USD million,3.2981
2017,NIC,Nicaragua,IND,India,Bilateral,constant,USD million,0.738
2018,NIC,Nicaragua,IND,India,Bilateral,constant,USD million,1.6351
2019,NIC,Nicaragua,IND,India,Bilateral,constant,USD million,9.0471
2020,NIC,Nicaragua,IND,India,Bilateral,constant,USD million,13.1423
2021,NIC,Nicaragua,IND,India,Bilateral,constant,USD million,6.1102
2022,NIC,Nicaragua,IND,India,Bilateral,constant,USD million,11.2449
2023,NIC,Nicaragua,IND,India,Bilateral,constant,USD million,14.7113
2024,NIC,Nicaragua,IND,India,Bilateral,constant,USD million,13.2109
2025,NIC,Nicaragua,IND,India,Bilateral,constant,USD million,6.5091
2023,NIC,Nicaragua,JPN,Japan,Bilateral,constant,USD million,11.5278
2024,NIC,Nicaragua,JPN,Japan,Bilateral,constant,USD million,7.5565
2025,NIC,Nicaragua,JPN,Japan,Bilateral,constant,USD million,4.5411
2023,NIC,Nicaragua,KOR,"Korea, Republic of",Bilateral,constant,USD million,19.1568
2024,NIC,Nicaragua,KOR,"Korea, Republic of",Bilateral,constant,USD million,14.6707
2025,NIC,Nicaragua,KOR,"Korea, Republic of",Bilateral,constant,USD million,8.3292
2018,NIC,Nicaragua,KWT,Kuwait,Bilateral,constant,USD million,0.4012
2019,NIC,Nicaragua,KWT,Kuwait,Bilateral,constant,USD million,2.7145
2020,NIC,Nicaragua,KWT,Kuwait,Bilateral,constant,USD million,8.0269
2021,NIC,Nicaragua,KWT,Kuwait,Bilateral,constant,USD million,17.2653
2022,NIC,Nicaragua,KWT,Kuwait,Bilateral,constant,USD million,3.2656
2023,NIC,Nicaragua,KWT,Kuwait,Bilateral,constant,USD million,0.9035
2024,NIC,Nicaragua,KWT,Kuwait,Bilateral,constant,USD million,0.5758
2023,NIC,Nicaragua,,Multiple Lenders,Bilateral,constant,USD million,17.2614
2024,NIC,Nicaragua,,Multiple Lenders,Bilateral,constant,USD million,33.8267
2025,NIC,Nicaragua,,Multiple Lenders,Bilateral,constant,USD million,18.2457
2023,NIC,Nicaragua,RUS,Russian Federation,Bilateral,constant,USD million,3.0989
2024,NIC,Nicaragua,RUS,Russian Federation,Bilateral,constant,USD million,6.0729
2025,NIC,Nicaragua,RUS,Russian Federation,Bilateral,constant,USD million,3.2757
2023,NER,Niger,BEL,Belgium,Bilateral,constant,USD million,0.4834
2024,NER,Niger,BEL,Belgium,Bilateral,constant,USD million,0.1522
2025,NER,Niger,BEL,Belgium,Bilateral,constant,USD million,0.1455
2015,NER,Niger,CHN,China,Bilateral,constant,USD million,1.971
2016,NER,Niger,CHN,China,Bilateral,constant,USD million,44.6586
2017,NER,Niger,CHN,China,Bilateral,constant,USD million,33.7503
2018,NER,Niger,CHN,China,Bilateral,constant,USD million,31.1836
2023,NER,Niger,CHN,China,Bilateral,constant,USD million,1.0991
2024,NER,Niger,CHN,China,Bilateral,constant,USD million,0.6904
2016,NER,Niger,FRA,France,Bilateral,constant,USD million,1.0949
2017,NER,Niger,FRA,France,Bilateral,constant,USD million,11.2149
2018,NER,Niger,FRA,France,Bilateral,constant,USD million,8.9104
2019,NER,Niger,FRA,France,Bilateral,constant,USD million,5.8548
2020,NER,Niger,FRA,France,Bilateral,constant,USD million,10.1339
2021,NER,Niger,FRA,France,Bilateral,constant,USD million,15.1587
2022,NER,Niger,FRA,France,Bilateral,constant,USD million,33.9054
2023,NER,Niger,FRA,France,Bilateral,constant,USD million,81.0546
2024,NER,Niger,FRA,France,Bilateral,constant,USD million,55.7083
2025,NER,Niger,FRA,France,Bilateral,constant,USD million,31.7735
2015,NER,Niger,IND,India,Bilateral,constant,USD million,2.288
2016,NER,Niger,IND,India,Bilateral,constant,USD million,13.1664
2017,NER,Niger,IND,India,Bilateral,constant,USD million,2.6984
2018,NER,Niger,IND,India,Bilateral,constant,USD million,22.4624
2020,NER,Niger,IND,India,Bilateral,constant,USD million,7.6698
2021,NER,Niger,IND,India,Bilateral,constant,USD million,2.4789
2022,NER,Niger,IND,India,Bilateral,constant,USD million,2.9961
2023,NER,Niger,IND,India,Bilateral,constant,USD million,1.1604
2024,NER,Niger,IND,India,Bilateral,constant,USD million,0.2742
2023,NER,Niger,ITA,Italy,Bilateral,constant,USD million,3.7257
2024,NER,Niger,ITA,Italy,Bilateral,constant,USD million,5.4416
2025,NER,Niger,ITA,Italy,Bilateral,constant,USD million,3.5395
2015,NER,Niger,KWT,Kuwait,Bilateral,constant,USD million,2.3967
2016,NER,Niger,KWT,Kuwait,Bilateral,constant,USD million,0.9071
2018,NER,Niger,KWT,Kuwait,Bilateral,constant,USD million,1.9031
2019,NER,Niger,KWT,Kuwait,Bilateral,constant,USD million,2.8119
2020,NER,Niger,KWT,Kuwait,Bilateral,constant,USD million,1.0981
2021,NER,Niger,KWT,Kuwait,Bilateral,constant,USD million,0.9938
2022,NER,Niger,KWT,Kuwait,Bilateral,constant,USD million,2.6291
2023,NER,Niger,KWT,Kuwait,Bilateral,constant,USD million,14.2633
2024,NER,Niger,KWT,Kuwait,Bilateral,constant,USD million,12.8991
2025,NER,Niger,KWT,Kuwait,Bilateral,constant,USD million,8.087
2023,NER,Niger,SAU,Saudi Arabia,Bilateral,constant,USD million,11.9558
2024,NER,Niger,SAU,Saudi Arabia,Bilateral,constant,USD million,13.7052
2025,NER,Niger,SAU,Saudi Arabia,Bilateral,constant,USD million,8.5313
2023,NER,Niger,ESP,Spain,Bilateral,constant,USD million,2.0957
2024,NER,Niger,ESP,Spain,Bilateral,constant,USD million,2.8963
2025,NER,Niger,ESP,Spain,Bilateral,constant,USD million,2.149
2019,NER,Niger,ARE,United Arab Emirates,Bilateral,constant,USD million,0.5983
2023,NER,Niger,ARE,United Arab Emirates,Bilateral,constant,USD million,5.4499
2024,NER,Niger,ARE,United Arab Emirates,Bilateral,constant,USD million,5.1538
2025,NER,Niger,ARE,United Arab Emirates,Bilateral,constant,USD million,2.9863
2015,NGA,Nigeria,CHN,China,Bilateral,constant,USD million,171.594
2016,NGA,Nigeria,CHN,China,Bilateral,constant,USD million,260.1891
2017,NGA,Nigeria,CHN,China,Bilateral,constant,USD million,401.5468
2018,NGA,Nigeria,CHN,China,Bilateral,constant,USD million,747.4588
2019,NGA,Nigeria,CHN,China,Bilateral,constant,USD million,814.0611
2020,NGA,Nigeria,CHN,China,Bilateral,constant,USD million,390.0192
2021,NGA,Nigeria,CHN,China,Bilateral,constant,USD million,403.6724
2022,NGA,Nigeria,CHN,China,Bilateral,constant,USD million,921.8908
2023,NGA,Nigeria,CHN,China,Bilateral,constant,USD million,1081.0732
2024,NGA,Nigeria,CHN,China,Bilateral,constant,USD million,2216.821
2025,NGA,Nigeria,CHN,China,Bilateral,constant,USD million,1223.0279
2015,NGA,Nigeria,FRA,France,Bilateral,constant,USD million,9.996
2017,NGA,Nigeria,FRA,France,Bilateral,constant,USD million,59.1393
2018,NGA,Nigeria,FRA,France,Bilateral,constant,USD million,53.703
2020,NGA,Nigeria,FRA,France,Bilateral,constant,USD million,126.3091
2021,NGA,Nigeria,FRA,France,Bilateral,constant,USD million,69.0386
2022,NGA,Nigeria,FRA,France,Bilateral,constant,USD million,30.2406
2023,NGA,Nigeria,FRA,France,Bilateral,constant,USD million,737.3308
2024,NGA,Nigeria,FRA,France,Bilateral,constant,USD million,1072.7575
2025,NGA,Nigeria,FRA,France,Bilateral,constant,USD million,691.3721
2016,NGA,Nigeria,IND,India,Bilateral,constant,USD million,3.6972
2017,NGA,Nigeria,IND,India,Bilateral,constant,USD million,6.157
2018,NGA,Nigeria,IND,India,Bilateral,constant,USD million,30.2991
2019,NGA,Nigeria,IND,India,Bilateral,constant,USD million,33.0017
2020,NGA,Nigeria,IND,India,Bilateral,constant,USD million,34.173
2021,NGA,Nigeria,IND,India,Bilateral,constant,USD million,5.0668
2022,NGA,Nigeria,IND,India,Bilateral,constant,USD million,2.8583
2023,NGA,Nigeria,IND,India,Bilateral,constant,USD million,33.1497
2024,NGA,Nigeria,IND,India,Bilateral,constant,USD million,45.1114
2025,NGA,Nigeria,IND,India,Bilateral,constant,USD million,31.2906
2023,NGA,Nigeria,JPN,Japan,Bilateral,constant,USD million,0.1368
2024,NGA,Nigeria,JPN,Japan,Bilateral,constant,USD million,0.1708
2015,MKD,North Macedonia,CHN,China,Bilateral,constant,USD million,71.32
2016,MKD,North Macedonia,CHN,China,Bilateral,constant,USD million,126.388
2017,MKD,North Macedonia,CHN,China,Bilateral,constant,USD million,77.6552
2018,MKD,North Macedonia,CHN,China,Bilateral,constant,USD million,52.6977
2019,MKD,North Macedonia,CHN,China,Bilateral,constant,USD million,68.7917
2020,MKD,North Macedonia,CHN,China,Bilateral,constant,USD million,23.4345
2021,MKD,North Macedonia,CHN,China,Bilateral,constant,USD million,16.6885
2022,MKD,North Macedonia,CHN,China,Bilateral,constant,USD million,40.5288
2023,MKD,North Macedonia,CHN,China,Bilateral,constant,USD million,64.6463
2024,MKD,North Macedonia,CHN,China,Bilateral,constant,USD million,27.9815
2025,MKD,North Macedonia,CHN,China,Bilateral,constant,USD million,12.5298
2015,MKD,North Macedonia,DEU,"Germany, Fed. Rep. of",Bilateral,constant,USD million,0.4594
2016,MKD,North Macedonia,DEU,"Germany, Fed. Rep. of",Bilateral,constant,USD million,0.0225
2017,MKD,North Macedonia,DEU,"Germany, Fed. Rep. of",Bilateral,constant,USD million,0.3223
2018,MKD,North Macedonia,DEU,"Germany, Fed. Rep. of",Bilateral,constant,USD million,0.2074
2019,MKD,North Macedonia,DEU,"Germany, Fed. Rep. of",Bilateral,constant,USD million,2.1737
2020,MKD,North Macedonia,DEU,"Germany, Fed. Rep. of",Bilateral,constant,USD million,1.9853
2021,MKD,North Macedonia,DEU,"Germany, Fed. Rep. of",Bilateral,constant,USD million,5.96
2022,MKD,North Macedonia,DEU,"Germany, Fed. Rep. of",Bilateral,constant,USD million,11.8344
2023,MKD,North Macedonia,DEU,"Germany, Fed. Rep. of",Bilateral,constant,USD million,42.031
2024,MKD,North Macedonia,DEU,"Germany, Fed. Rep. of",Bilateral,constant,USD million,33.1194
2025,MKD,North Macedonia,DEU,"Germany, Fed. Rep. of",Bilateral,constant,USD million,18.3812
2023,MKD,North Macedonia,JPN,Japan,Bilateral,constant,USD million,0.0106
2024,MKD,North Macedonia,JPN,Japan,Bilateral,constant,USD million,0.0067
2023,MKD,North Macedonia,,Multiple Lenders,Bilateral,constant,USD million,28.0071
2024,MKD,North Macedonia,,Multiple Lenders,Bilateral,constant,USD million,54.6376
2025,MKD,North Macedonia,,Multiple Lenders,Bilateral,constant,USD million,29.4702
2015,PAK,Pakistan,CHN,China,Bilateral,constant,USD million,931.9134
2016,PAK,Pakistan,CHN,China,Bilateral,constant,USD million,1996.6849
2017,PAK,Pakistan,CHN,China,Bilateral,constant,USD million,3070.1192
2018,PAK,Pakistan,CHN,China,Bilateral,constant,USD million,6829.6358
2019,PAK,Pakistan,CHN,China,Bilateral,constant,USD million,5174.805
2020,PAK,Pakistan,CHN,China,Bilateral,constant,USD million,3963.8824
2021,PAK,Pakistan,CHN,China,Bilateral,constant,USD million,4927.1453
2022,PAK,Pakistan,CHN,China,Bilateral,constant,USD million,2871.9573
2023,PAK,Pakistan,CHN,China,Bilateral,constant,USD million,664.8699
2024,PAK,Pakistan,CHN,China,Bilateral,constant,USD million,185.6226
2025,PAK,Pakistan,CHN,China,Bilateral,constant,USD million,
2015,PAK,Pakistan,FRA,France,Bilateral,constant,USD million,10.8384
2016,PAK,Pakistan,FRA,France,Bilateral,constant,USD million,4.7066
2017,PAK,Pakistan,FRA,France,Bilateral,constant,USD million,19.6151
2018,PAK,Pakistan,FRA,France,Bilateral,constant,USD million,58.1937
2019,PAK,Pakistan,FRA,France,Bilateral,constant,USD million,18.9705
2020,PAK,Pakistan,FRA,France,Bilateral,constant,USD million,53.873
2021,PAK,Pakistan,FRA,France,Bilateral,constant,USD million,8.0422
2022,PAK,Pakistan,FRA,France,Bilateral,constant,USD million,10.9936
2023,PAK,Pakistan,FRA,France,Bilateral,constant,USD million,269.3812
2024,PAK,Pakistan,FRA,France,Bilateral,constant,USD million,191.1777
2025,PAK,Pakistan,FRA,France,Bilateral,constant,USD million,
2023,PAK,Pakistan,DEU,"Germany, Fed. Rep. of",Bilateral,constant,USD million,71.5508
2024,PAK,Pakistan,DEU,"Germany, Fed. Rep. of",Bilateral,constant,USD million,54.159
2025,PAK,Pakistan,DEU,"Germany, Fed. Rep. of",Bilateral,constant,USD million,
2023,PAK,Pakistan,ITA,Italy,Bilateral,constant,USD million,20.4454
2024,PAK,Pakistan,ITA,Italy,Bilateral,constant,USD million,16.3301
2025,PAK,Pakistan,ITA,Italy,Bilateral,constant,USD million,
2020,PAK,Pakistan,JPN,Japan,Bilateral,constant,USD million,0.331
2021,PAK,Pakistan,JPN,Japan,Bilateral,constant,USD million,0.1371
2022,PAK,Pakistan,JPN,Japan,Bilateral,constant,USD million,0.4299
2023,PAK,Pakistan,JPN,Japan,Bilateral,constant,USD million,118.3604
2024,PAK,Pakistan,JPN,Japan,Bilateral,constant,USD million,55.1538
2025,PAK,Pakistan,JPN,Japan,Bilateral,constant,USD million,
2023,PAK,Pakistan,KOR,"Korea, Republic of",Bilateral,constant,USD million,39.203
2024,PAK,Pakistan,KOR,"Korea, Republic of",Bilateral,constant,USD million,38.6267
2025,PAK,Pakistan,KOR,"Korea, Republic of",Bilateral,constant,USD million,
2015,PAK,Pakistan,KWT,Kuwait,Bilateral,constant,USD million,10.069
2016,PAK,Pakistan,KWT,Kuwait,Bilateral,constant,USD million,7.4119
2017,PAK,Pakistan,KWT,Kuwait,Bilateral,constant,USD million,2.053
2018,PAK,Pakistan,KWT,Kuwait,Bilateral,constant,USD million,2.9894
2020,PAK,Pakistan,KWT,Kuwait,Bilateral,constant,USD million,10.7823
2023,PAK,Pakistan,KWT,Kuwait,Bilateral,constant,USD million,11.4607
2024,PAK,Pakistan,KWT,Kuwait,Bilateral,constant,USD million,6.3855
2025,PAK,Pakistan,KWT,Kuwait,Bilateral,constant,USD million,
2015,PAK,Pakistan,SAU,Saudi Arabia,Bilateral,constant,USD million,19.8567
2016,PAK,Pakistan,SAU,Saudi Arabia,Bilateral,constant,USD million,85.6193
2017,PAK,Pakistan,SAU,Saudi Arabia,Bilateral,constant,USD million,112.2578
2018,PAK,Pakistan,SAU,Saudi Arabia,Bilateral,constant,USD million,42.4716
2019,PAK,Pakistan,SAU,Saudi Arabia,Bilateral,constant,USD million,549.4988
2020,PAK,Pakistan,SAU,Saudi Arabia,Bilateral,constant,USD million,350.924
2021,PAK,Pakistan,SAU,Saudi Arabia,Bilateral,constant,USD million,7.5852
2022,PAK,Pakistan,SAU,Saudi Arabia,Bilateral,constant,USD million,1060.2163
2023,PAK,Pakistan,SAU,Saudi Arabia,Bilateral,constant,USD million,209.7948
2024,PAK,Pakistan,SAU,Saudi Arabia,Bilateral,constant,USD million,121.0367
2025,PAK,Pakistan,SAU,Saudi Arabia,Bilateral,constant,USD million,
2022,PAK,Pakistan,SRB,Serbia,Bilateral,constant,USD million,212.0437
2022,PAK,Pakistan,ARE,United Arab Emirates,Bilateral,constant,USD million,636.1311
2019,PNG,Papua New Guinea,AUS,Australia,Bilateral,constant,USD million,299.6265
2020,PNG,Papua New Guinea,AUS,Australia,Bilateral,constant,USD million,386.0162
2021,PNG,Papua New Guinea,AUS,Australia,Bilateral,constant,USD million,444.41
2022,PNG,Papua New Guinea,AUS,Australia,Bilateral,constant,USD million,467.5667
2023,PNG,Papua New Guinea,AUS,Australia,Bilateral,constant,USD million,187.9419
2024,PNG,Papua New Guinea,AUS,Australia,Bilateral,constant,USD million,119.6732
2025,PNG,Papua New Guinea,AUS,Australia,Bilateral,constant,USD million,55.3245
2015,PNG,Papua New Guinea,CHN,China,Bilateral,constant,USD million,88.6879
2016,PNG,Papua New Guinea,CHN,China,Bilateral,constant,USD million,150.5681
2017,PNG,Papua New Guinea,CHN,China,Bilateral,constant,USD million,125.519
2018,PNG,Papua New Guinea,CHN,China,Bilateral,constant,USD million,84.9573
2019,PNG,Papua New Guinea,CHN,China,Bilateral,constant,USD million,266.1743
2020,PNG,Papua New Guinea,CHN,China,Bilateral,constant,USD million,106.8388
2021,PNG,Papua New Guinea,CHN,China,Bilateral,constant,USD million,147.2577
2022,PNG,Papua New Guinea,CHN,China,Bilateral,constant,USD million,134.9858
2023,PNG,Papua New Guinea,CHN,China,Bilateral,constant,USD million,131.9752
2024,PNG,Papua New Guinea,CHN,China,Bilateral,constant,USD million,55.5727
2025,PNG,Papua New Guinea,CHN,China,Bilateral,constant,USD million,23.3186
2023,PNG,Papua New Guinea,IND,India,Bilateral,constant,USD million,16.6141
2024,PNG,Papua New Guinea,IND,India,Bilateral,constant,USD million,34.5569
2025,PNG,Papua New Guinea,IND,India,Bilateral,constant,USD million,19.6393
2021,PNG,Papua New Guinea,JPN,Japan,Bilateral,constant,USD million,248.7595
2023,PNG,Papua New Guinea,JPN,Japan,Bilateral,constant,USD million,41.4457
2024,PNG,Papua New Guinea,JPN,Japan,Bilateral,constant,USD million,22.3305
2025,PNG,Papua New Guinea,JPN,Japan,Bilateral,constant,USD million,10.1466
2023,PRY,Paraguay,JPN,Japan,Bilateral,constant,USD million,0.0464
2024,PRY,Paraguay,JPN,Japan,Bilateral,constant,USD million,0.0307
2017,PRY,Paraguay,ESP,Spain,Bilateral,constant,USD million,6.6294
2018,PRY,Paraguay,ESP,Spain,Bilateral,constant,USD million,6.1203
2019,PRY,Paraguay,ESP,Spain,Bilateral,constant,USD million,5.7156
2020,PRY,Paraguay,ESP,Spain,Bilateral,constant,USD million,3.1858
2021,PRY,Paraguay,ESP,Spain,Bilateral,constant,USD million,9.9408
2022,PRY,Paraguay,ESP,Spain,Bilateral,constant,USD million,4.9349
2023,PRY,Paraguay,ESP,Spain,Bilateral,constant,USD million,5.4065
2024,PRY,Paraguay,ESP,Spain,Bilateral,constant,USD million,2.1855
2025,PRY,Paraguay,ESP,Spain,Bilateral,constant,USD million,0.99
2018,PRY,Paraguay,VEN,"Venezuela, Republic Bolivarian",Bilateral,constant,USD million,4.7415
2019,PRY,Paraguay,VEN,"Venezuela, Republic Bolivarian",Bilateral,constant,USD million,9.5296
2020,PRY,Paraguay,VEN,"Venezuela, Republic Bolivarian",Bilateral,constant,USD million,33.0674
2021,PRY,Paraguay,VEN,"Venezuela, Republic Bolivarian",Bilateral,constant,USD million,21.5285
2022,PRY,Paraguay,VEN,"Venezuela, Republic Bolivarian",Bilateral,constant,USD million,14.6304
2023,PRY,Paraguay,VEN,"Venezuela, Republic Bolivarian",Bilateral,constant,USD million,13.7151
2024,PRY,Paraguay,VEN,"Venezuela, Republic Bolivarian",Bilateral,constant,USD million,5.6702
2025,PRY,Paraguay,VEN,"Venezuela, Republic Bolivarian",Bilateral,constant,USD million,2.2604
2015,PER,Peru,DEU,"Germany, Fed. Rep. of",Bilateral,constant,USD million,74.3121
2016,PER,Peru,DEU,"Germany, Fed. Rep. of",Bilateral,constant,USD million,18.5859
2017,PER,Peru,DEU,"Germany, Fed. Rep. of",Bilateral,constant,USD million,92.9754
2018,PER,Peru,DEU,"Germany, Fed. Rep. of",Bilateral,constant,USD million,49.9495
2019,PER,Peru,DEU,"Germany, Fed. Rep. of",Bilateral,constant,USD million,132.3605
2020,PER,Peru,DEU,"Germany, Fed. Rep. of",Bilateral,constant,USD million,21.8522
2021,PER,Peru,DEU,"Germany, Fed. Rep. of",Bilateral,constant,USD million,0.1732
2022,PER,Peru,DEU,"Germany, Fed. Rep. of",Bilateral,constant,USD million,40.0208
2023,PER,Peru,DEU,"Germany, Fed. Rep. of",Bilateral,constant,USD million,221.1571
2024,PER,Peru,DEU,"Germany, Fed. Rep. of",Bilateral,constant,USD million,240.5459
2025,PER,Peru,DEU,"Germany, Fed. Rep. of",Bilateral,constant,USD million,137.9951
2015,PER,Peru,JPN,Japan,Bilateral,constant,USD million,21.1679
2016,PER,Peru,JPN,Japan,Bilateral,constant,USD million,19.0484
2017,PER,Peru,JPN,Japan,Bilateral,constant,USD million,21.6859
2018,PER,Peru,JPN,Japan,Bilateral,constant,USD million,42.4328
2019,PER,Peru,JPN,Japan,Bilateral,constant,USD million,17.9699
2020,PER,Peru,JPN,Japan,Bilateral,constant,USD million,2.8979
2021,PER,Peru,JPN,Japan,Bilateral,constant,USD million,1.4053
2022,PER,Peru,JPN,Japan,Bilateral,constant,USD million,0.2344
2023,PER,Peru,JPN,Japan,Bilateral,constant,USD million,28.3852
2024,PER,Peru,JPN,Japan,Bilateral,constant,USD million,31.8613
2025,PER,Peru,JPN,Japan,Bilateral,constant,USD million,20.4049
2018,PHL,Philippines,CHN,China,Bilateral,constant,USD million,10.0255
2019,PHL,Philippines,CHN,China,Bilateral,constant,USD million,9.9891
2020,PHL,Philippines,CHN,China,Bilateral,constant,USD million,37.599
2021,PHL,Philippines,CHN,China,Bilateral,constant,USD million,9.4459
2022,PHL,Philippines,CHN,China,Bilateral,constant,USD million,17.8376
2023,PHL,Philippines,CHN,China,Bilateral,constant,USD million,324.1368
2024,PHL,Philippines,CHN,China,Bilateral,constant,USD million,382.6465
2025,PHL,Philippines,CHN,China,Bilateral,constant,USD million,247.2143
2016,PHL,Philippines,FRA,France,Bilateral,constant,USD million,3.4215
2018,PHL,Philippines,FRA,France,Bilateral,constant,USD million,127.1628
2021,PHL,Philippines,FRA,France,Bilateral,constant,USD million,284.4875
2023,PHL,Philippines,FRA,France,Bilateral,constant,USD million,82.8567
2024,PHL,Philippines,FRA,France,Bilateral,constant,USD million,78.9502
2025,PHL,Philippines,FRA,France,Bilateral,constant,USD million,42.6527
2023,PHL,Philippines,ITA,Italy,Bilateral,constant,USD million,1.6997
2024,PHL,Philippines,ITA,Italy,Bilateral,constant,USD million,0.5572
2025,PHL,Philippines,ITA,Italy,Bilateral,constant,USD million,0.5475
2015,PHL,Philippines,JPN,Japan,Bilateral,constant,USD million,29.9755
2016,PHL,Philippines,JPN,Japan,Bilateral,constant,USD million,20.3553
2017,PHL,Philippines,JPN,Japan,Bilateral,constant,USD million,9.9499
2018,PHL,Philippines,JPN,Japan,Bilateral,constant,USD million,18.9085
2019,PHL,Philippines,JPN,Japan,Bilateral,constant,USD million,7.8621
2020,PHL,Philippines,JPN,Japan,Bilateral,constant,USD million,0.0836
2021,PHL,Philippines,JPN,Japan,Bilateral,constant,USD million,9.5056
2023,PHL,Philippines,JPN,Japan,Bilateral,constant,USD million,2358.6281
2024,PHL,Philippines,JPN,Japan,Bilateral,constant,USD million,1739.9117
2025,PHL,Philippines,JPN,Japan,Bilateral,constant,USD million,1038.5408
2023,PHL,Philippines,KOR,"Korea, Republic of",Bilateral,constant,USD million,87.0601
2024,PHL,Philippines,KOR,"Korea, Republic of",Bilateral,constant,USD million,92.8353
2025,PHL,Philippines,KOR,"Korea, Republic of",Bilateral,constant,USD million,70.6374
2020,RUS,Russian Federation,IND,India,Bilateral,constant,USD million,180.6271
2021,RUS,Russian Federation,IND,India,Bilateral,constant,USD million,341.6896
2022,RUS,Russian Federation,IND,India,Bilateral,constant,USD million,152.5519
2023,RUS,Russian Federation,IND,India,Bilateral,constant,USD million,71.4273
2024,RUS,Russian Federation,IND,India,Bilateral,constant,USD million,30.2705
2025,RUS,Russian Federation,IND,India,Bilateral,constant,USD million,15.2595
2023,RWA,Rwanda,AUT,Austria,Bilateral,constant,USD million,1.3522
2024,RWA,Rwanda,AUT,Austria,Bilateral,constant,USD million,2.3139
2025,RWA,Rwanda,AUT,Austria,Bilateral,constant,USD million,1.627
2015,RWA,Rwanda,CHN,China,Bilateral,constant,USD million,37.3049
2016,RWA,Rwanda,CHN,China,Bilateral,constant,USD million,24.2275
2017,RWA,Rwanda,CHN,China,Bilateral,constant,USD million,23.5443
2018,RWA,Rwanda,CHN,China,Bilateral,constant,USD million,11.477
2019,RWA,Rwanda,CHN,China,Bilateral,constant,USD million,43.1969
2020,RWA,Rwanda,CHN,China,Bilateral,constant,USD million,60.9567
2021,RWA,Rwanda,CHN,China,Bilateral,constant,USD million,85.2033
2022,RWA,Rwanda,CHN,China,Bilateral,constant,USD million,38.8213
2023,RWA,Rwanda,CHN,China,Bilateral,constant,USD million,103.9507
2024,RWA,Rwanda,CHN,China,Bilateral,constant,USD million,63.2758
2025,RWA,Rwanda,CHN,China,Bilateral,constant,USD million,28.7192
2023,RWA,Rwanda,FRA,France,Bilateral,constant,USD million,38.4112
2024,RWA,Rwanda,FRA,France,Bilateral,constant,USD million,38.1813
2025,RWA,Rwanda,FRA,France,Bilateral,constant,USD million,25.6573
2015,RWA,Rwanda,IND,India,Bilateral,constant,USD million,4.13
2016,RWA,Rwanda,IND,India,Bilateral,constant,USD million,2.482
2017,RWA,Rwanda,IND,India,Bilateral,constant,USD million,3.0013
2018,RWA,Rwanda,IND,India,Bilateral,constant,USD million,6.5509
2019,RWA,Rwanda,IND,India,Bilateral,constant,USD million,3.6699
2020,RWA,Rwanda,IND,India,Bilateral,constant,USD million,3.225
2021,RWA,Rwanda,IND,India,Bilateral,constant,USD million,13.5378
2022,RWA,Rwanda,IND,India,Bilateral,constant,USD million,9.8805
2023,RWA,Rwanda,IND,India,Bilateral,constant,USD million,98.0453
2024,RWA,Rwanda,IND,India,Bilateral,constant,USD million,106.713
2025,RWA,Rwanda,IND,India,Bilateral,constant,USD million,77.0324
2023,RWA,Rwanda,JPN,Japan,Bilateral,constant,USD million,18.2398
2024,RWA,Rwanda,JPN,Japan,Bilateral,constant,USD million,13.2151
2025,RWA,Rwanda,JPN,Japan,Bilateral,constant,USD million,7.8185
2023,RWA,Rwanda,KOR,"Korea, Republic of",Bilateral,constant,USD million,14.156
2024,RWA,Rwanda,KOR,"Korea, Republic of",Bilateral,constant,USD million,19.307
2025,RWA,Rwanda,KOR,"Korea, Republic of",Bilateral,constant,USD million,15.2852
2015,RWA,Rwanda,KWT,Kuwait,Bilateral,constant,USD million,6.1763
2016,RWA,Rwanda,KWT,Kuwait,Bilateral,constant,USD million,3.1611
2017,RWA,Rwanda,KWT,Kuwait,Bilateral,constant,USD million,3.1583
2018,RWA,Rwanda,KWT,Kuwait,Bilateral,constant,USD million,4.6746
2019,RWA,Rwanda,KWT,Kuwait,Bilateral,constant,USD million,3.5288
2020,RWA,Rwanda,KWT,Kuwait,Bilateral,constant,USD million,2.5583
2021,RWA,Rwanda,KWT,Kuwait,Bilateral,constant,USD million,5.8611
2022,RWA,Rwanda,KWT,Kuwait,Bilateral,constant,USD million,2.001
2023,RWA,Rwanda,KWT,Kuwait,Bilateral,constant,USD million,2.6418
2024,RWA,Rwanda,KWT,Kuwait,Bilateral,constant,USD million,1.9018
2025,RWA,Rwanda,KWT,Kuwait,Bilateral,constant,USD million,1.0533
2023,RWA,Rwanda,SAU,Saudi Arabia,Bilateral,constant,USD million,6.469
2024,RWA,Rwanda,SAU,Saudi Arabia,Bilateral,constant,USD million,4.3085
2025,RWA,Rwanda,SAU,Saudi Arabia,Bilateral,constant,USD million,2.3259
2022,RWA,Rwanda,ARE,United Arab Emirates,Bilateral,constant,USD million,2.1138
2023,RWA,Rwanda,ARE,United Arab Emirates,Bilateral,constant,USD million,5.8527
2024,RWA,Rwanda,ARE,United Arab Emirates,Bilateral,constant,USD million,3.9762
2025,RWA,Rwanda,ARE,United Arab Emirates,Bilateral,constant,USD million,2.2355
2015,WSM,Samoa,CHN,China,Bilateral,constant,USD million,11.9056
2016,WSM,Samoa,CHN,China,Bilateral,constant,USD million,9.9297
2017,WSM,Samoa,CHN,China,Bilateral,constant,USD million,4.7205
2018,WSM,Samoa,CHN,China,Bilateral,constant,USD million,14.0721
2019,WSM,Samoa,CHN,China,Bilateral,constant,USD million,0.4159
2023,STP,Sao Tome and Principe,BEL,Belgium,Bilateral,constant,USD million,0.0012
2024,STP,Sao Tome and Principe,BEL,Belgium,Bilateral,constant,USD million,0.0007
2019,STP,Sao Tome and Principe,KWT,Kuwait,Bilateral,constant,USD million,0.1814
2022,STP,Sao Tome and Principe,KWT,Kuwait,Bilateral,constant,USD million,0.6182
2023,STP,Sao Tome and Principe,PRT,Portugal,Bilateral,constant,USD million,0.04
2024,STP,Sao Tome and Principe,PRT,Portugal,Bilateral,constant,USD million,0.0227
2023,SEN,Senegal,BEL,Belgium,Bilateral,constant,USD million,0.111
2024,SEN,Senegal,BEL,Belgium,Bilateral,constant,USD million,0.0463
2025,SEN,Senegal,BEL,Belgium,Bilateral,constant,USD million,0.0226
2017,SEN,Senegal,BRA,Brazil,Bilateral,constant,USD million,0.6966
2015,SEN,Senegal,CHN,China,Bilateral,constant,USD million,180.8886
2016,SEN,Senegal,CHN,China,Bilateral,constant,USD million,434.5811
2017,SEN,Senegal,CHN,China,Bilateral,constant,USD million,222.2629
2018,SEN,Senegal,CHN,China,Bilateral,constant,USD million,235.8674
2019,SEN,Senegal,CHN,China,Bilateral,constant,USD million,22.4317
2020,SEN,Senegal,CHN,China,Bilateral,constant,USD million,88.3644
2021,SEN,Senegal,CHN,China,Bilateral,constant,USD million,31.6039
2022,SEN,Senegal,CHN,China,Bilateral,constant,USD million,26.9771
2023,SEN,Senegal,CHN,China,Bilateral,constant,USD million,406.9508
2024,SEN,Senegal,CHN,China,Bilateral,constant,USD million,293.1799
2025,SEN,Senegal,CHN,China,Bilateral,constant,USD million,139.3679
2020,SEN,Senegal,CZE,Czechia,Bilateral,constant,USD million,5.014
2021,SEN,Senegal,CZE,Czechia,Bilateral,constant,USD million,13.0054
2022,SEN,Senegal,CZE,Czechia,Bilateral,constant,USD million,8.3215
2023,SEN,Senegal,CZE,Czechia,Bilateral,constant,USD million,14.9139
2024,SEN,Senegal,CZE,Czechia,Bilateral,constant,USD million,6.2917
2025,SEN,Senegal,CZE,Czechia,Bilateral,constant,USD million,2.3567
2017,SEN,Senegal,FRA,France,Bilateral,constant,USD million,44.7733
2018,SEN,Senegal,FRA,France,Bilateral,constant,USD million,33.8404
2019,SEN,Senegal,FRA,France,Bilateral,constant,USD million,62.0889
2020,SEN,Senegal,FRA,France,Bilateral,constant,USD million,19.0476
2021,SEN,Senegal,FRA,France,Bilateral,constant,USD million,25.1455
2023,SEN,Senegal,FRA,France,Bilateral,constant,USD million,234.4714
2024,SEN,Senegal,FRA,France,Bilateral,constant,USD million,174.3263
2025,SEN,Senegal,FRA,France,Bilateral,constant,USD million,92.8299
2020,SEN,Senegal,DEU,"Germany, Fed. Rep. of",Bilateral,constant,USD million,3.1076
2021,SEN,Senegal,DEU,"Germany, Fed. Rep. of",Bilateral,constant,USD million,1.1255
2022,SEN,Senegal,DEU,"Germany, Fed. Rep. of",Bilateral,constant,USD million,4.8784
2023,SEN,Senegal,DEU,"Germany, Fed. Rep. of",Bilateral,constant,USD million,66.4885
2024,SEN,Senegal,DEU,"Germany, Fed. Rep. of",Bilateral,constant,USD million,28.7437
2025,SEN,Senegal,DEU,"Germany, Fed. Rep. of",Bilateral,constant,USD million,12.4411
2016,SEN,Senegal,IND,India,Bilateral,constant,USD million,112.7203
2017,SEN,Senegal,IND,India,Bilateral,constant,USD million,61.2435
2018,SEN,Senegal,IND,India,Bilateral,constant,USD million,3.7099
2019,SEN,Senegal,IND,India,Bilateral,constant,USD million,3.9593
2020,SEN,Senegal,IND,India,Bilateral,constant,USD million,19.6517
2021,SEN,Senegal,IND,India,Bilateral,constant,USD million,15.8611
2022,SEN,Senegal,IND,India,Bilateral,constant,USD million,3.5405
2023,SEN,Senegal,IND,India,Bilateral,constant,USD million,86.2909
2024,SEN,Senegal,IND,India,Bilateral,constant,USD million,53.4751
2025,SEN,Senegal,IND,India,Bilateral,constant,USD million,26.018
2023,SEN,Senegal,ITA,Italy,Bilateral,constant,USD million,22.3507
2024,SEN,Senegal,ITA,Italy,Bilateral,constant,USD million,13.8491
2025,SEN,Senegal,ITA,Italy,Bilateral,constant,USD million,7.9822
2023,SEN,Senegal,JPN,Japan,Bilateral,constant,USD million,66.0642
2024,SEN,Senegal,JPN,Japan,Bilateral,constant,USD million,43.1749
2025,SEN,Senegal,JPN,Japan,Bilateral,constant,USD million,26.0685
2023,SEN,Senegal,KOR,"Korea, Republic of",Bilateral,constant,USD million,27.8221
2024,SEN,Senegal,KOR,"Korea, Republic of",Bilateral,constant,USD million,20.1336
2025,SEN,Senegal,KOR,"Korea, Republic of",Bilateral,constant,USD million,15.5446
2015,SEN,Senegal,KWT,Kuwait,Bilateral,constant,USD million,9.4108
2016,SEN,Senegal,KWT,Kuwait,Bilateral,constant,USD million,9.4385
2019,SEN,Senegal,KWT,Kuwait,Bilateral,constant,USD million,1.6067
2020,SEN,Senegal,KWT,Kuwait,Bilateral,constant,USD million,1.9296
2022,SEN,Senegal,KWT,Kuwait,Bilateral,constant,USD million,7.6692
2023,SEN,Senegal,KWT,Kuwait,Bilateral,constant,USD million,26.234
2024,SEN,Senegal,KWT,Kuwait,Bilateral,constant,USD million,16.1599
2025,SEN,Senegal,KWT,Kuwait,Bilateral,constant,USD million,8.5413
2016,SEN,Senegal,SAU,Saudi Arabia,Bilateral,constant,USD million,0.7567
2017,SEN,Senegal,SAU,Saudi Arabia,Bilateral,constant,USD million,1.6998
2018,SEN,Senegal,SAU,Saudi Arabia,Bilateral,constant,USD million,0.1263
2019,SEN,Senegal,SAU,Saudi Arabia,Bilateral,constant,USD million,0.8597
2020,SEN,Senegal,SAU,Saudi Arabia,Bilateral,constant,USD million,0.1275
2022,SEN,Senegal,SAU,Saudi Arabia,Bilateral,constant,USD million,2.5443
2023,SEN,Senegal,SAU,Saudi Arabia,Bilateral,constant,USD million,30.4251
2024,SEN,Senegal,SAU,Saudi Arabia,Bilateral,constant,USD million,40.4512
2025,SEN,Senegal,SAU,Saudi Arabia,Bilateral,constant,USD million,24.6499
2020,SEN,Senegal,ESP,Spain,Bilateral,constant,USD million,0.2149
2023,SEN,Senegal,ESP,Spain,Bilateral,constant,USD million,10.9992
2024,SEN,Senegal,ESP,Spain,Bilateral,constant,USD million,14.4494
2025,SEN,Senegal,ESP,Spain,Bilateral,constant,USD million,10.7458
2015,SEN,Senegal,TUR,Turkiye,Bilateral,constant,USD million,8.0145
2018,SEN,Senegal,TUR,Turkiye,Bilateral,constant,USD million,128.9391
2019,SEN,Senegal,TUR,Turkiye,Bilateral,constant,USD million,19.5933
2020,SEN,Senegal,TUR,Turkiye,Bilateral,constant,USD million,3.0184
2023,SEN,Senegal,TUR,Turkiye,Bilateral,constant,USD million,38.7424
2024,SEN,Senegal,TUR,Turkiye,Bilateral,constant,USD million,15.5048
2025,SEN,Senegal,TUR,Turkiye,Bilateral,constant,USD million,6.26
2020,SEN,Senegal,ARE,United Arab Emirates,Bilateral,constant,USD million,1.2202
2015,SRB,Serbia,AZE,Azerbaijan,Bilateral,constant,USD million,72.6234
2016,SRB,Serbia,AZE,Azerbaijan,Bilateral,constant,USD million,67.3562
2017,SRB,Serbia,AZE,Azerbaijan,Bilateral,constant,USD million,22.4613
2015,SRB,Serbia,CHN,China,Bilateral,constant,USD million,220.651
2016,SRB,Serbia,CHN,China,Bilateral,constant,USD million,96.1532
2017,SRB,Serbia,CHN,China,Bilateral,constant,USD million,166.9554
2018,SRB,Serbia,CHN,China,Bilateral,constant,USD million,160.24
2019,SRB,Serbia,CHN,China,Bilateral,constant,USD million,240.5865
2020,SRB,Serbia,CHN,China,Bilateral,constant,USD million,137.655
2021,SRB,Serbia,CHN,China,Bilateral,constant,USD million,406.676
2022,SRB,Serbia,CHN,China,Bilateral,constant,USD million,514.5656
2023,SRB,Serbia,CHN,China,Bilateral,constant,USD million,645.1183
2024,SRB,Serbia,CHN,China,Bilateral,constant,USD million,278.8016
2025,SRB,Serbia,CHN,China,Bilateral,constant,USD million,112.9037
2019,SRB,Serbia,CZE,Czechia,Bilateral,constant,USD million,8.6779
2022,SRB,Serbia,FRA,France,Bilateral,constant,USD million,44.013
2023,SRB,Serbia,FRA,France,Bilateral,constant,USD million,76.8319
2024,SRB,Serbia,FRA,France,Bilateral,constant,USD million,71.6495
2025,SRB,Serbia,FRA,France,Bilateral,constant,USD million,37.5907
2015,SRB,Serbia,DEU,"Germany, Fed. Rep. of",Bilateral,constant,USD million,82.9314
2016,SRB,Serbia,DEU,"Germany, Fed. Rep. of",Bilateral,constant,USD million,33.3025
2017,SRB,Serbia,DEU,"Germany, Fed. Rep. of",Bilateral,constant,USD million,69.2605
2018,SRB,Serbia,DEU,"Germany, Fed. Rep. of",Bilateral,constant,USD million,77.1154
2019,SRB,Serbia,DEU,"Germany, Fed. Rep. of",Bilateral,constant,USD million,31.6467
2020,SRB,Serbia,DEU,"Germany, Fed. Rep. of",Bilateral,constant,USD million,24.0335
2021,SRB,Serbia,DEU,"Germany, Fed. Rep. of",Bilateral,constant,USD million,27.2695
2022,SRB,Serbia,DEU,"Germany, Fed. Rep. of",Bilateral,constant,USD million,34.2345
2023,SRB,Serbia,DEU,"Germany, Fed. Rep. of",Bilateral,constant,USD million,95.114
2024,SRB,Serbia,DEU,"Germany, Fed. Rep. of",Bilateral,constant,USD million,66.6561
2025,SRB,Serbia,DEU,"Germany, Fed. Rep. of",Bilateral,constant,USD million,31.7511
2022,SRB,Serbia,HUN,Hungary,Bilateral,constant,USD million,5.642
2023,SRB,Serbia,HUN,Hungary,Bilateral,constant,USD million,78.1552
2024,SRB,Serbia,HUN,Hungary,Bilateral,constant,USD million,41.2535
2025,SRB,Serbia,HUN,Hungary,Bilateral,constant,USD million,16.5541
2015,SRB,Serbia,JPN,Japan,Bilateral,constant,USD million,0.5453
2016,SRB,Serbia,JPN,Japan,Bilateral,constant,USD million,0.5842
2017,SRB,Serbia,JPN,Japan,Bilateral,constant,USD million,28.9727
2018,SRB,Serbia,JPN,Japan,Bilateral,constant,USD million,1.6971
2019,SRB,Serbia,JPN,Japan,Bilateral,constant,USD million,22.6173
2020,SRB,Serbia,JPN,Japan,Bilateral,constant,USD million,38.0788
2021,SRB,Serbia,JPN,Japan,Bilateral,constant,USD million,45.628
2022,SRB,Serbia,JPN,Japan,Bilateral,constant,USD million,36.3432
2023,SRB,Serbia,JPN,Japan,Bilateral,constant,USD million,13.6245
2024,SRB,Serbia,JPN,Japan,Bilateral,constant,USD million,6.4476
2017,SRB,Serbia,KWT,Kuwait,Bilateral,constant,USD million,26.9502
2018,SRB,Serbia,KWT,Kuwait,Bilateral,constant,USD million,2.7735
2019,SRB,Serbia,KWT,Kuwait,Bilateral,constant,USD million,0.4462
2021,SRB,Serbia,,Multiple Lenders,Bilateral,constant,USD million,30.2263
2023,SRB,Serbia,,Multiple Lenders,Bilateral,constant,USD million,48.9679
2024,SRB,Serbia,,Multiple Lenders,Bilateral,constant,USD million,25.9994
2025,SRB,Serbia,,Multiple Lenders,Bilateral,constant,USD million,10.9622
2015,SRB,Serbia,RUS,Russian Federation,Bilateral,constant,USD million,65.711
2016,SRB,Serbia,RUS,Russian Federation,Bilateral,constant,USD million,168.7253
2017,SRB,Serbia,RUS,Russian Federation,Bilateral,constant,USD million,71.2883
2018,SRB,Serbia,RUS,Russian Federation,Bilateral,constant,USD million,120.3844
2019,SRB,Serbia,RUS,Russian Federation,Bilateral,constant,USD million,130.7181
2020,SRB,Serbia,RUS,Russian Federation,Bilateral,constant,USD million,105.6859
2021,SRB,Serbia,RUS,Russian Federation,Bilateral,constant,USD million,82.0118
2022,SRB,Serbia,RUS,Russian Federation,Bilateral,constant,USD million,32.6934
2023,SRB,Serbia,RUS,Russian Federation,Bilateral,constant,USD million,41.6859
2024,SRB,Serbia,RUS,Russian Federation,Bilateral,constant,USD million,16.7383
2025,SRB,Serbia,RUS,Russian Federation,Bilateral,constant,USD million,6.9566
2020,SRB,Serbia,SVK,Slovak Republic,Bilateral,constant,USD million,6.1084
2020,SRB,Serbia,TUR,Turkiye,Bilateral,constant,USD million,47.3842
2021,SRB,Serbia,TUR,Turkiye,Bilateral,constant,USD million,57.461
2022,SRB,Serbia,TUR,Turkiye,Bilateral,constant,USD million,41.492
2023,SRB,Serbia,TUR,Turkiye,Bilateral,constant,USD million,25.0385
2024,SRB,Serbia,TUR,Turkiye,Bilateral,constant,USD million,11.0592
2025,SRB,Serbia,TUR,Turkiye,Bilateral,constant,USD million,4.5963
2016,SRB,Serbia,ARE,United Arab Emirates,Bilateral,constant,USD million,201.4375
2017,SRB,Serbia,ARE,United Arab Emirates,Bilateral,constant,USD million,191.6924
2018,SRB,Serbia,ARE,United Arab Emirates,Bilateral,constant,USD million,354.2622
2019,SRB,Serbia,ARE,United Arab Emirates,Bilateral,constant,USD million,183.7405
2020,SRB,Serbia,ARE,United Arab Emirates,Bilateral,constant,USD million,6.8291
2021,SRB,Serbia,ARE,United Arab Emirates,Bilateral,constant,USD million,12.673
2022,SRB,Serbia,ARE,United Arab Emirates,Bilateral,constant,USD million,10.6845
2023,SRB,Serbia,ARE,United Arab Emirates,Bilateral,constant,USD million,15.2286
2024,SRB,Serbia,ARE,United Arab Emirates,Bilateral,constant,USD million,6.8934
2025,SRB,Serbia,ARE,United Arab Emirates,Bilateral,constant,USD million,3.0386
2015,SLE,Sierra Leone,CHN,China,Bilateral,constant,USD million,12.006
2023,SLE,Sierra Leone,CHN,China,Bilateral,constant,USD million,1.315
2024,SLE,Sierra Leone,CHN,China,Bilateral,constant,USD million,0.8321
2025,SLE,Sierra Leone,CHN,China,Bilateral,constant,USD million,0.0353
2015,SLE,Sierra Leone,IND,India,Bilateral,constant,USD million,0.84
2016,SLE,Sierra Leone,IND,India,Bilateral,constant,USD million,0.6311
2023,SLE,Sierra Leone,IND,India,Bilateral,constant,USD million,20.7027
2024,SLE,Sierra Leone,IND,India,Bilateral,constant,USD million,26.9034
2025,SLE,Sierra Leone,IND,India,Bilateral,constant,USD million,20.4121
2023,SLE,Sierra Leone,KOR,"Korea, Republic of",Bilateral,constant,USD million,3.5481
2024,SLE,Sierra Leone,KOR,"Korea, Republic of",Bilateral,constant,USD million,2.548
2025,SLE,Sierra Leone,KOR,"Korea, Republic of",Bilateral,constant,USD million,0.6324
2015,SLE,Sierra Leone,KWT,Kuwait,Bilateral,constant,USD million,2.6461
2016,SLE,Sierra Leone,KWT,Kuwait,Bilateral,constant,USD million,19.0135
2017,SLE,Sierra Leone,KWT,Kuwait,Bilateral,constant,USD million,7.8896
2018,SLE,Sierra Leone,KWT,Kuwait,Bilateral,constant,USD million,13.5866
2019,SLE,Sierra Leone,KWT,Kuwait,Bilateral,constant,USD million,6.9585
2021,SLE,Sierra Leone,KWT,Kuwait,Bilateral,constant,USD million,5.5081
2023,SLE,Sierra Leone,KWT,Kuwait,Bilateral,constant,USD million,17.6018
2024,SLE,Sierra Leone,KWT,Kuwait,Bilateral,constant,USD million,13.8694
2025,SLE,Sierra Leone,KWT,Kuwait,Bilateral,constant,USD million,7.2942
2023,SLE,Sierra Leone,SAU,Saudi Arabia,Bilateral,constant,USD million,6.6946
2024,SLE,Sierra Leone,SAU,Saudi Arabia,Bilateral,constant,USD million,9.9523
2025,SLE,Sierra Leone,SAU,Saudi Arabia,Bilateral,constant,USD million,6.7613
2015,SLE,Sierra Leone,ARE,United Arab Emirates,Bilateral,constant,USD million,0.3466
2018,SLE,Sierra Leone,ARE,United Arab Emirates,Bilateral,constant,USD million,2.704
2019,SLE,Sierra Leone,ARE,United Arab Emirates,Bilateral,constant,USD million,5.2695
2020,SLE,Sierra Leone,ARE,United Arab Emirates,Bilateral,constant,USD million,1.2245
2022,SLE,Sierra Leone,ARE,United Arab Emirates,Bilateral,constant,USD million,1.7404
2023,SLE,Sierra Leone,ARE,United Arab Emirates,Bilateral,constant,USD million,0.7218
2024,SLE,Sierra Leone,ARE,United Arab Emirates,Bilateral,constant,USD million,0.3599
2025,SLE,Sierra Leone,ARE,United Arab Emirates,Bilateral,constant,USD million,0.0715
2017,ZAF,South Africa,CHN,China,Bilateral,constant,USD million,925.7591
2018,ZAF,South Africa,CHN,China,Bilateral,constant,USD million,353.9949
2019,ZAF,South Africa,CHN,China,Bilateral,constant,USD million,829.9633
2020,ZAF,South Africa,CHN,China,Bilateral,constant,USD million,618.2126
2021,ZAF,South Africa,CHN,China,Bilateral,constant,USD million,324.1776
2022,ZAF,South Africa,CHN,China,Bilateral,constant,USD million,128.9846
2023,ZAF,South Africa,CHN,China,Bilateral,constant,USD million,418.666
2024,ZAF,South Africa,CHN,China,Bilateral,constant,USD million,184.7186
2025,ZAF,South Africa,CHN,China,Bilateral,constant,USD million,76.5051
2015,ZAF,South Africa,FRA,France,Bilateral,constant,USD million,180.5733
2016,ZAF,South Africa,FRA,France,Bilateral,constant,USD million,0.2713
2017,ZAF,South Africa,FRA,France,Bilateral,constant,USD million,0.0513
2018,ZAF,South Africa,FRA,France,Bilateral,constant,USD million,0.0099
2020,ZAF,South Africa,FRA,France,Bilateral,constant,USD million,0.0023
2022,ZAF,South Africa,FRA,France,Bilateral,constant,USD million,280.2831
2023,ZAF,South Africa,FRA,France,Bilateral,constant,USD million,20.3362
2024,ZAF,South Africa,FRA,France,Bilateral,constant,USD million,12.6879
2025,ZAF,South Africa,FRA,France,Bilateral,constant,USD million,7.303
2015,ZAF,South Africa,DEU,"Germany, Fed. Rep. of",Bilateral,constant,USD million,99.214
2016,ZAF,South Africa,DEU,"Germany, Fed. Rep. of",Bilateral,constant,USD million,103.9973
2017,ZAF,South Africa,DEU,"Germany, Fed. Rep. of",Bilateral,constant,USD million,55.5137
2018,ZAF,South Africa,DEU,"Germany, Fed. Rep. of",Bilateral,constant,USD million,24.8775
2019,ZAF,South Africa,DEU,"Germany, Fed. Rep. of",Bilateral,constant,USD million,5.9137
2022,ZAF,South Africa,DEU,"Germany, Fed. Rep. of",Bilateral,constant,USD million,5.0401
2023,ZAF,South Africa,DEU,"Germany, Fed. Rep. of",Bilateral,constant,USD million,47.3799
2024,ZAF,South Africa,DEU,"Germany, Fed. Rep. of",Bilateral,constant,USD million,24.4137
2025,ZAF,South Africa,DEU,"Germany, Fed. Rep. of",Bilateral,constant,USD million,10.6173
2016,LKA,Sri Lanka,AUS,Australia,Bilateral,constant,USD million,2.8179
2017,LKA,Sri Lanka,AUS,Australia,Bilateral,constant,USD million,10.0686
2018,LKA,Sri Lanka,AUS,Australia,Bilateral,constant,USD million,1.0367
2015,LKA,Sri Lanka,CHN,China,Bilateral,constant,USD million,495.5722
2016,LKA,Sri Lanka,CHN,China,Bilateral,constant,USD million,513.5624
2017,LKA,Sri Lanka,CHN,China,Bilateral,constant,USD million,677.602
2018,LKA,Sri Lanka,CHN,China,Bilateral,constant,USD million,389.9958
2019,LKA,Sri Lanka,CHN,China,Bilateral,constant,USD million,739.9811
2020,LKA,Sri Lanka,CHN,China,Bilateral,constant,USD million,761.7707
2021,LKA,Sri Lanka,CHN,China,Bilateral,constant,USD million,1856.8534
2022,LKA,Sri Lanka,CHN,China,Bilateral,constant,USD million,77.8911
2023,LKA,Sri Lanka,CHN,China,Bilateral,constant,USD million,
2024,LKA,Sri Lanka,CHN,China,Bilateral,constant,USD million,
2025,LKA,Sri Lanka,CHN,China,Bilateral,constant,USD million,
2015,LKA,Sri Lanka,FRA,France,Bilateral,constant,USD million,5.1576
2016,LKA,Sri Lanka,FRA,France,Bilateral,constant,USD million,2.3181
2017,LKA,Sri Lanka,FRA,France,Bilateral,constant,USD million,11.3919
2018,LKA,Sri Lanka,FRA,France,Bilateral,constant,USD million,16.191
2019,LKA,Sri Lanka,FRA,France,Bilateral,constant,USD million,24.5625
2020,LKA,Sri Lanka,FRA,France,Bilateral,constant,USD million,18.8917
2021,LKA,Sri Lanka,FRA,France,Bilateral,constant,USD million,24.4928
2022,LKA,Sri Lanka,FRA,France,Bilateral,constant,USD million,17.2541
2023,LKA,Sri Lanka,FRA,France,Bilateral,constant,USD million,
2024,LKA,Sri Lanka,FRA,France,Bilateral,constant,USD million,
2025,LKA,Sri Lanka,FRA,France,Bilateral,constant,USD million,
2015,LKA,Sri Lanka,DEU,"Germany, Fed. Rep. of",Bilateral,constant,USD million,6.561
2016,LKA,Sri Lanka,DEU,"Germany, Fed. Rep. of",Bilateral,constant,USD million,5.2062
2017,LKA,Sri Lanka,DEU,"Germany, Fed. Rep. of",Bilateral,constant,USD million,7.1837
2018,LKA,Sri Lanka,DEU,"Germany, Fed. Rep. of",Bilateral,constant,USD million,2.5964
2019,LKA,Sri Lanka,DEU,"Germany, Fed. Rep. of",Bilateral,constant,USD million,3.5962
2020,LKA,Sri Lanka,DEU,"Germany, Fed. Rep. of",Bilateral,constant,USD million,0.7302
2021,LKA,Sri Lanka,DEU,"Germany, Fed. Rep. of",Bilateral,constant,USD million,4.9254
2023,LKA,Sri Lanka,DEU,"Germany, Fed. Rep. of",Bilateral,constant,USD million,
2024,LKA,Sri Lanka,DEU,"Germany, Fed. Rep. of",Bilateral,constant,USD million,
2025,LKA,Sri Lanka,DEU,"Germany, Fed. Rep. of",Bilateral,constant,USD million,
2023,LKA,Sri Lanka,HUN,Hungary,Bilateral,constant,USD million,
2024,LKA,Sri Lanka,HUN,Hungary,Bilateral,constant,USD million,
2025,LKA,Sri Lanka,HUN,Hungary,Bilateral,constant,USD million,
2015,LKA,Sri Lanka,IND,India,Bilateral,constant,USD million,73.081
2016,LKA,Sri Lanka,IND,India,Bilateral,constant,USD million,44.7658
2017,LKA,Sri Lanka,IND,India,Bilateral,constant,USD million,104.9114
2018,LKA,Sri Lanka,IND,India,Bilateral,constant,USD million,84.629
2019,LKA,Sri Lanka,IND,India,Bilateral,constant,USD million,76.6345
2020,LKA,Sri Lanka,IND,India,Bilateral,constant,USD million,117.4984
2021,LKA,Sri Lanka,IND,India,Bilateral,constant,USD million,148.3318
2022,LKA,Sri Lanka,IND,India,Bilateral,constant,USD million,1146.9609
2023,LKA,Sri Lanka,IND,India,Bilateral,constant,USD million,
2024,LKA,Sri Lanka,IND,India,Bilateral,constant,USD million,
2025,LKA,Sri Lanka,IND,India,Bilateral,constant,USD million,
2023,LKA,Sri Lanka,JPN,Japan,Bilateral,constant,USD million,
2024,LKA,Sri Lanka,JPN,Japan,Bilateral,constant,USD million,
2025,LKA,Sri Lanka,JPN,Japan,Bilateral,constant,USD million,
2023,LKA,Sri Lanka,KOR,"Korea, Republic of",Bilateral,constant,USD million,
2024,LKA,Sri Lanka,KOR,"Korea, Republic of",Bilateral,constant,USD million,
2025,LKA,Sri Lanka,KOR,"Korea, Republic of",Bilateral,constant,USD million,
2015,LKA,Sri Lanka,KWT,Kuwait,Bilateral,constant,USD million,0.7247
2016,LKA,Sri Lanka,KWT,Kuwait,Bilateral,constant,USD million,1.2339
2017,LKA,Sri Lanka,KWT,Kuwait,Bilateral,constant,USD million,1.5125
2018,LKA,Sri Lanka,KWT,Kuwait,Bilateral,constant,USD million,3.3172
2019,LKA,Sri Lanka,KWT,Kuwait,Bilateral,constant,USD million,5.9852
2020,LKA,Sri Lanka,KWT,Kuwait,Bilateral,constant,USD million,9.6368
2021,LKA,Sri Lanka,KWT,Kuwait,Bilateral,constant,USD million,12.0081
2022,LKA,Sri Lanka,KWT,Kuwait,Bilateral,constant,USD million,4.1439
2023,LKA,Sri Lanka,KWT,Kuwait,Bilateral,constant,USD million,
2024,LKA,Sri Lanka,KWT,Kuwait,Bilateral,constant,USD million,
2025,LKA,Sri Lanka,KWT,Kuwait,Bilateral,constant,USD million,
2019,LKA,Sri Lanka,PAK,Pakistan,Bilateral,constant,USD million,0.8469
2021,LKA,Sri Lanka,PAK,Pakistan,Bilateral,constant,USD million,0.0654
2023,LKA,Sri Lanka,PAK,Pakistan,Bilateral,constant,USD million,
2023,LKA,Sri Lanka,RUS,Russian Federation,Bilateral,constant,USD million,
2015,LKA,Sri Lanka,SAU,Saudi Arabia,Bilateral,constant,USD million,21.164
2016,LKA,Sri Lanka,SAU,Saudi Arabia,Bilateral,constant,USD million,14.6594
2017,LKA,Sri Lanka,SAU,Saudi Arabia,Bilateral,constant,USD million,26.8408
2018,LKA,Sri Lanka,SAU,Saudi Arabia,Bilateral,constant,USD million,24.8716
2019,LKA,Sri Lanka,SAU,Saudi Arabia,Bilateral,constant,USD million,18.0881
2020,LKA,Sri Lanka,SAU,Saudi Arabia,Bilateral,constant,USD million,9.1005
2021,LKA,Sri Lanka,SAU,Saudi Arabia,Bilateral,constant,USD million,23.1453
2022,LKA,Sri Lanka,SAU,Saudi Arabia,Bilateral,constant,USD million,10.7698
2023,LKA,Sri Lanka,SAU,Saudi Arabia,Bilateral,constant,USD million,
2024,LKA,Sri Lanka,SAU,Saudi Arabia,Bilateral,constant,USD million,
2025,LKA,Sri Lanka,SAU,Saudi Arabia,Bilateral,constant,USD million,
2023,LKA,Sri Lanka,ESP,Spain,Bilateral,constant,USD million,
2024,LKA,Sri Lanka,ESP,Spain,Bilateral,constant,USD million,
2025,LKA,Sri Lanka,ESP,Spain,Bilateral,constant,USD million,
2015,LKA,Sri Lanka,USA,United States,Bilateral,constant,USD million,9.534
2016,LKA,Sri Lanka,USA,United States,Bilateral,constant,USD million,16.8147
2017,LKA,Sri Lanka,USA,United States,Bilateral,constant,USD million,15.7186
2018,LKA,Sri Lanka,USA,United States,Bilateral,constant,USD million,10.6285
2015,LCA,St. Lucia,KWT,Kuwait,Bilateral,constant,USD million,0.1463
2023,LCA,St. Lucia,KWT,Kuwait,Bilateral,constant,USD million,0.0498
2015,LCA,St. Lucia,,Multiple Lenders,Bilateral,constant,USD million,10.0
2019,LCA,St. Lucia,,Multiple Lenders,Bilateral,constant,USD million,19.9615
2020,LCA,St. Lucia,,Multiple Lenders,Bilateral,constant,USD million,28.7818
2021,LCA,St. Lucia,,Multiple Lenders,Bilateral,constant,USD million,59.8361
2022,LCA,St. Lucia,,Multiple Lenders,Bilateral,constant,USD million,3.0225
2023,LCA,St. Lucia,,Multiple Lenders,Bilateral,constant,USD million,43.626
2024,LCA,St. Lucia,,Multiple Lenders,Bilateral,constant,USD million,20.1198
2025,LCA,St. Lucia,,Multiple Lenders,Bilateral,constant,USD million,7.7586
2015,VCT,St. Vincent and the Grenadines,FRA,France,Bilateral,constant,USD million,1.7842
2017,VCT,St. Vincent and the Grenadines,KWT,Kuwait,Bilateral,constant,USD million,0.1268
2018,VCT,St. Vincent and the Grenadines,KWT,Kuwait,Bilateral,constant,USD million,0.5148
2019,VCT,St. Vincent and the Grenadines,KWT,Kuwait,Bilateral,constant,USD million,1.6361
2020,VCT,St. Vincent and the Grenadines,KWT,Kuwait,Bilateral,constant,USD million,0.784
2021,VCT,St. Vincent and the Grenadines,KWT,Kuwait,Bilateral,constant,USD million,1.7482
2022,VCT,St. Vincent and the Grenadines,KWT,Kuwait,Bilateral,constant,USD million,2.1256
2023,VCT,St. Vincent and the Grenadines,KWT,Kuwait,Bilateral,constant,USD million,2.4613
2024,VCT,St. Vincent and the Grenadines,KWT,Kuwait,Bilateral,constant,USD million,1.3421
2025,VCT,St. Vincent and the Grenadines,KWT,Kuwait,Bilateral,constant,USD million,0.5059
2015,VCT,St. Vincent and the Grenadines,,Multiple Lenders,Bilateral,constant,USD million,7.5
2017,VCT,St. Vincent and the Grenadines,,Multiple Lenders,Bilateral,constant,USD million,9.8609
2022,VCT,St. Vincent and the Grenadines,,Multiple Lenders,Bilateral,constant,USD million,13.9174
2023,VCT,St. Vincent and the Grenadines,,Multiple Lenders,Bilateral,constant,USD million,23.213
2024,VCT,St. Vincent and the Grenadines,,Multiple Lenders,Bilateral,constant,USD million,12.2157
2025,VCT,St. Vincent and the Grenadines,,Multiple Lenders,Bilateral,constant,USD million,5.4871
2018,VCT,St. Vincent and the Grenadines,ARE,United Arab Emirates,Bilateral,constant,USD million,2.9148
2019,VCT,St. Vincent and the Grenadines,ARE,United Arab Emirates,Bilateral,constant,USD million,5.1294
2020,VCT,St. Vincent and the Grenadines,ARE,United Arab Emirates,Bilateral,constant,USD million,3.2267
2021,VCT,St. Vincent and the Grenadines,ARE,United Arab Emirates,Bilateral,constant,USD million,1.8395
2022,VCT,St. Vincent and the Grenadines,ARE,United Arab Emirates,Bilateral,constant,USD million,0.6821
2023,VCT,St. Vincent and the Grenadines,ARE,United Arab Emirates,Bilateral,constant,USD million,0.2636
2024,VCT,St. Vincent and the Grenadines,ARE,United Arab Emirates,Bilateral,constant,USD million,0.1695
2018,VCT,St. Vincent and the Grenadines,GBR,United Kingdom,Bilateral,constant,USD million,5.6111
2015,SDN,Sudan,CHN,China,Bilateral,constant,USD million,88.893
2016,SDN,Sudan,CHN,China,Bilateral,constant,USD million,52.7214
2023,SDN,Sudan,CHN,China,Bilateral,constant,USD million,83.2011
2024,SDN,Sudan,CHN,China,Bilateral,constant,USD million,66.8318
2025,SDN,Sudan,CHN,China,Bilateral,constant,USD million,49.7293
2015,SDN,Sudan,IND,India,Bilateral,constant,USD million,39.566
2023,SDN,Sudan,IND,India,Bilateral,constant,USD million,7.5599
2024,SDN,Sudan,IND,India,Bilateral,constant,USD million,5.8735
2025,SDN,Sudan,IND,India,Bilateral,constant,USD million,4.734
2015,SDN,Sudan,KWT,Kuwait,Bilateral,constant,USD million,66.5236
2016,SDN,Sudan,KWT,Kuwait,Bilateral,constant,USD million,6.1967
2017,SDN,Sudan,KWT,Kuwait,Bilateral,constant,USD million,46.5186
2018,SDN,Sudan,KWT,Kuwait,Bilateral,constant,USD million,65.8543
2019,SDN,Sudan,KWT,Kuwait,Bilateral,constant,USD million,3.5625
2023,SDN,Sudan,KWT,Kuwait,Bilateral,constant,USD million,86.0971
2024,SDN,Sudan,KWT,Kuwait,Bilateral,constant,USD million,55.1352
2025,SDN,Sudan,KWT,Kuwait,Bilateral,constant,USD million,32.9521
2015,SDN,Sudan,SAU,Saudi Arabia,Bilateral,constant,USD million,165.7163
2016,SDN,Sudan,SAU,Saudi Arabia,Bilateral,constant,USD million,9.7967
2017,SDN,Sudan,SAU,Saudi Arabia,Bilateral,constant,USD million,10.6444
2018,SDN,Sudan,SAU,Saudi Arabia,Bilateral,constant,USD million,17.9581
2019,SDN,Sudan,SAU,Saudi Arabia,Bilateral,constant,USD million,13.9831
2023,SDN,Sudan,SAU,Saudi Arabia,Bilateral,constant,USD million,24.8866
2024,SDN,Sudan,SAU,Saudi Arabia,Bilateral,constant,USD million,13.7118
2025,SDN,Sudan,SAU,Saudi Arabia,Bilateral,constant,USD million,8.7093
2015,SDN,Sudan,ARE,United Arab Emirates,Bilateral,constant,USD million,59.7351
2016,SDN,Sudan,ARE,United Arab Emirates,Bilateral,constant,USD million,9.0876
2018,SDN,Sudan,ARE,United Arab Emirates,Bilateral,constant,USD million,5.7548
2023,SDN,Sudan,ARE,United Arab Emirates,Bilateral,constant,USD million,34.8769
2024,SDN,Sudan,ARE,United Arab Emirates,Bilateral,constant,USD million,19.2848
2025,SDN,Sudan,ARE,United Arab Emirates,Bilateral,constant,USD million,10.5649
2015,SUR,Suriname,CHN,China,Bilateral,constant,USD million,13.1653
2016,SUR,Suriname,CHN,China,Bilateral,constant,USD million,11.2726
2017,SUR,Suriname,CHN,China,Bilateral,constant,USD million,95.495
2018,SUR,Suriname,CHN,China,Bilateral,constant,USD million,124.2655
2019,SUR,Suriname,CHN,China,Bilateral,constant,USD million,168.2536
2020,SUR,Suriname,CHN,China,Bilateral,constant,USD million,21.9807
2023,SUR,Suriname,CHN,China,Bilateral,constant,USD million,60.1259
2024,SUR,Suriname,CHN,China,Bilateral,constant,USD million,87.0049
2025,SUR,Suriname,CHN,China,Bilateral,constant,USD million,51.2653
2015,SUR,Suriname,FRA,France,Bilateral,constant,USD million,1.7964
2016,SUR,Suriname,FRA,France,Bilateral,constant,USD million,0.9123
2017,SUR,Suriname,FRA,France,Bilateral,constant,USD million,3.4642
2018,SUR,Suriname,FRA,France,Bilateral,constant,USD million,0.3701
2019,SUR,Suriname,FRA,France,Bilateral,constant,USD million,0.5642
2022,SUR,Suriname,FRA,France,Bilateral,constant,USD million,0.0435
2023,SUR,Suriname,FRA,France,Bilateral,constant,USD million,9.1373
2024,SUR,Suriname,FRA,France,Bilateral,constant,USD million,4.8765
2025,SUR,Suriname,FRA,France,Bilateral,constant,USD million,2.5819
2018,SUR,Suriname,IND,India,Bilateral,constant,USD million,9.3586
2019,SUR,Suriname,IND,India,Bilateral,constant,USD million,13.3324
2020,SUR,Suriname,IND,India,Bilateral,constant,USD million,9.1876
2021,SUR,Suriname,IND,India,Bilateral,constant,USD million,0.6176
2023,SUR,Suriname,IND,India,Bilateral,constant,USD million,20.4209
2024,SUR,Suriname,IND,India,Bilateral,constant,USD million,29.644
2025,SUR,Suriname,IND,India,Bilateral,constant,USD million,16.8323
2023,SUR,Suriname,KWT,Kuwait,Bilateral,constant,USD million,3.9315
2024,SUR,Suriname,KWT,Kuwait,Bilateral,constant,USD million,5.5514
2025,SUR,Suriname,KWT,Kuwait,Bilateral,constant,USD million,3.6238
2015,TJK,Tajikistan,CHN,China,Bilateral,constant,USD million,198.8269
2016,TJK,Tajikistan,CHN,China,Bilateral,constant,USD million,214.4019
2017,TJK,Tajikistan,CHN,China,Bilateral,constant,USD million,96.2382
2019,TJK,Tajikistan,CHN,China,Bilateral,constant,USD million,7.202
2020,TJK,Tajikistan,CHN,China,Bilateral,constant,USD million,39.4642
2015,TJK,Tajikistan,KWT,Kuwait,Bilateral,constant,USD million,0.0898
2016,TJK,Tajikistan,KWT,Kuwait,Bilateral,constant,USD million,1.5859
2017,TJK,Tajikistan,KWT,Kuwait,Bilateral,constant,USD million,5.7222
2018,TJK,Tajikistan,KWT,Kuwait,Bilateral,constant,USD million,1.2307
2019,TJK,Tajikistan,KWT,Kuwait,Bilateral,constant,USD million,0.4702
2021,TJK,Tajikistan,KWT,Kuwait,Bilateral,constant,USD million,0.2247
2023,TJK,Tajikistan,KWT,Kuwait,Bilateral,constant,USD million,1.6965
2024,TJK,Tajikistan,KWT,Kuwait,Bilateral,constant,USD million,0.9918
2025,TJK,Tajikistan,KWT,Kuwait,Bilateral,constant,USD million,0.6339
2015,TJK,Tajikistan,SAU,Saudi Arabia,Bilateral,constant,USD million,3.1944
2016,TJK,Tajikistan,SAU,Saudi Arabia,Bilateral,constant,USD million,5.5993
2017,TJK,Tajikistan,SAU,Saudi Arabia,Bilateral,constant,USD million,32.283
2018,TJK,Tajikistan,SAU,Saudi Arabia,Bilateral,constant,USD million,3.2611
2019,TJK,Tajikistan,SAU,Saudi Arabia,Bilateral,constant,USD million,0.2224
2023,TJK,Tajikistan,SAU,Saudi Arabia,Bilateral,constant,USD million,8.6499
2024,TJK,Tajikistan,SAU,Saudi Arabia,Bilateral,constant,USD million,10.5408
2025,TJK,Tajikistan,SAU,Saudi Arabia,Bilateral,constant,USD million,7.1648
2015,TJK,Tajikistan,ARE,United Arab Emirates,Bilateral,constant,USD million,3.0094
2016,TJK,Tajikistan,ARE,United Arab Emirates,Bilateral,constant,USD million,0.9689
2017,TJK,Tajikistan,ARE,United Arab Emirates,Bilateral,constant,USD million,2.1009
2018,TJK,Tajikistan,ARE,United Arab Emirates,Bilateral,constant,USD million,1.1898
2023,TJK,Tajikistan,ARE,United Arab Emirates,Bilateral,constant,USD million,0.2062
2024,TJK,Tajikistan,ARE,United Arab Emirates,Bilateral,constant,USD million,0.1339
2023,TZA,Tanzania,BEL,Belgium,Bilateral,constant,USD million,7.3769
2024,TZA,Tanzania,BEL,Belgium,Bilateral,constant,USD million,11.9453
2025,TZA,Tanzania,BEL,Belgium,Bilateral,constant,USD million,8.0147
2015,TZA,Tanzania,CHN,China,Bilateral,constant,USD million,395.113
2016,TZA,Tanzania,CHN,China,Bilateral,constant,USD million,70.5705
2017,TZA,Tanzania,CHN,China,Bilateral,constant,USD million,1.9172
2018,TZA,Tanzania,CHN,China,Bilateral,constant,USD million,29.7404
2019,TZA,Tanzania,CHN,China,Bilateral,constant,USD million,2.6146
2023,TZA,Tanzania,CHN,China,Bilateral,constant,USD million,124.9145
2024,TZA,Tanzania,CHN,China,Bilateral,constant,USD million,261.4903
2025,TZA,Tanzania,CHN,China,Bilateral,constant,USD million,145.2397
2015,TZA,Tanzania,FRA,France,Bilateral,constant,USD million,13.315
2016,TZA,Tanzania,FRA,France,Bilateral,constant,USD million,13.5223
2019,TZA,Tanzania,FRA,France,Bilateral,constant,USD million,14.1434
2021,TZA,Tanzania,FRA,France,Bilateral,constant,USD million,0.5976
2023,TZA,Tanzania,FRA,France,Bilateral,constant,USD million,236.8146
2024,TZA,Tanzania,FRA,France,Bilateral,constant,USD million,226.1258
2025,TZA,Tanzania,FRA,France,Bilateral,constant,USD million,144.0887
2015,TZA,Tanzania,IND,India,Bilateral,constant,USD million,45.435
2016,TZA,Tanzania,IND,India,Bilateral,constant,USD million,54.6375
2017,TZA,Tanzania,IND,India,Bilateral,constant,USD million,57.0922
2018,TZA,Tanzania,IND,India,Bilateral,constant,USD million,115.6858
2019,TZA,Tanzania,IND,India,Bilateral,constant,USD million,75.6966
2020,TZA,Tanzania,IND,India,Bilateral,constant,USD million,45.2597
2021,TZA,Tanzania,IND,India,Bilateral,constant,USD million,26.7052
2022,TZA,Tanzania,IND,India,Bilateral,constant,USD million,60.4353
2023,TZA,Tanzania,IND,India,Bilateral,constant,USD million,115.7376
2024,TZA,Tanzania,IND,India,Bilateral,constant,USD million,125.6198
2025,TZA,Tanzania,IND,India,Bilateral,constant,USD million,87.6706
2016,TZA,Tanzania,JPN,Japan,Bilateral,constant,USD million,93.0721
2017,TZA,Tanzania,JPN,Japan,Bilateral,constant,USD million,167.7006
2018,TZA,Tanzania,JPN,Japan,Bilateral,constant,USD million,20.1487
2019,TZA,Tanzania,JPN,Japan,Bilateral,constant,USD million,2.8738
2023,TZA,Tanzania,JPN,Japan,Bilateral,constant,USD million,68.4965
2024,TZA,Tanzania,JPN,Japan,Bilateral,constant,USD million,87.8261
2025,TZA,Tanzania,JPN,Japan,Bilateral,constant,USD million,56.1122
2023,TZA,Tanzania,KOR,"Korea, Republic of",Bilateral,constant,USD million,58.1418
2024,TZA,Tanzania,KOR,"Korea, Republic of",Bilateral,constant,USD million,60.9932
2025,TZA,Tanzania,KOR,"Korea, Republic of",Bilateral,constant,USD million,46.3518
2023,TZA,Tanzania,KWT,Kuwait,Bilateral,constant,USD million,21.5869
2024,TZA,Tanzania,KWT,Kuwait,Bilateral,constant,USD million,16.9854
2025,TZA,Tanzania,KWT,Kuwait,Bilateral,constant,USD million,10.5414
2023,TZA,Tanzania,POL,Poland,Bilateral,constant,USD million,14.6078
2024,TZA,Tanzania,POL,Poland,Bilateral,constant,USD million,9.1564
2025,TZA,Tanzania,POL,Poland,Bilateral,constant,USD million,5.0383
2023,TZA,Tanzania,SAU,Saudi Arabia,Bilateral,constant,USD million,5.564
2024,TZA,Tanzania,SAU,Saudi Arabia,Bilateral,constant,USD million,6.8853
2025,TZA,Tanzania,SAU,Saudi Arabia,Bilateral,constant,USD million,4.7559
2023,TZA,Tanzania,SWE,Sweden,Bilateral,constant,USD million,0.0128
2024,TZA,Tanzania,SWE,Sweden,Bilateral,constant,USD million,0.0089
2015,TZA,Tanzania,ARE,United Arab Emirates,Bilateral,constant,USD million,1.429
2017,TZA,Tanzania,ARE,United Arab Emirates,Bilateral,constant,USD million,0.9565
2022,TZA,Tanzania,ARE,United Arab Emirates,Bilateral,constant,USD million,1.6433
2023,TZA,Tanzania,ARE,United Arab Emirates,Bilateral,constant,USD million,8.5426
2024,TZA,Tanzania,ARE,United Arab Emirates,Bilateral,constant,USD million,5.1163
2025,TZA,Tanzania,ARE,United Arab Emirates,Bilateral,constant,USD million,2.5049
2015,THA,Thailand,JPN,Japan,Bilateral,constant,USD million,51.3747
2016,THA,Thailand,JPN,Japan,Bilateral,constant,USD million,324.9903
2017,THA,Thailand,JPN,Japan,Bilateral,constant,USD million,6.7404
2018,THA,Thailand,JPN,Japan,Bilateral,constant,USD million,0.9749
2019,THA,Thailand,JPN,Japan,Bilateral,constant,USD million,0.6209
2023,THA,Thailand,JPN,Japan,Bilateral,constant,USD million,65.3781
2024,THA,Thailand,JPN,Japan,Bilateral,constant,USD million,43.819
2025,THA,Thailand,JPN,Japan,Bilateral,constant,USD million,9.887
2023,TLS,Timor-Leste,AUS,Australia,Bilateral,constant,USD million,7.0332
2024,TLS,Timor-Leste,AUS,Australia,Bilateral,constant,USD million,10.412
2025,TLS,Timor-Leste,AUS,Australia,Bilateral,constant,USD million,6.8016
2023,TLS,Timor-Leste,JPN,Japan,Bilateral,constant,USD million,3.5394
2024,TLS,Timor-Leste,JPN,Japan,Bilateral,constant,USD million,1.5366
2025,TLS,Timor-Leste,JPN,Japan,Bilateral,constant,USD million,0.5927
2015,TGO,Togo,BEL,Belgium,Bilateral,constant,USD million,5.0009
2015,TGO,Togo,CHN,China,Bilateral,constant,USD million,87.2137
2016,TGO,Togo,CHN,China,Bilateral,constant,USD million,97.6103
2017,TGO,Togo,CHN,China,Bilateral,constant,USD million,41.3706
2018,TGO,Togo,CHN,China,Bilateral,constant,USD million,18.3154
2019,TGO,Togo,CHN,China,Bilateral,constant,USD million,8.9995
2023,TGO,Togo,CHN,China,Bilateral,constant,USD million,40.8259
2024,TGO,Togo,CHN,China,Bilateral,constant,USD million,25.9057
2025,TGO,Togo,CHN,China,Bilateral,constant,USD million,14.7488
2019,TGO,Togo,FRA,France,Bilateral,constant,USD million,0.1248
2021,TGO,Togo,FRA,France,Bilateral,constant,USD million,7.71
2022,TGO,Togo,FRA,France,Bilateral,constant,USD million,10.1667
2023,TGO,Togo,FRA,France,Bilateral,constant,USD million,41.4657
2024,TGO,Togo,FRA,France,Bilateral,constant,USD million,39.9126
2025,TGO,Togo,FRA,France,Bilateral,constant,USD million,25.0678
2015,TGO,Togo,IND,India,Bilateral,constant,USD million,7.857
2016,TGO,Togo,IND,India,Bilateral,constant,USD million,2.7347
2017,TGO,Togo,IND,India,Bilateral,constant,USD million,0.461
2018,TGO,Togo,IND,India,Bilateral,constant,USD million,0.7253
2019,TGO,Togo,IND,India,Bilateral,constant,USD million,5.2581
2020,TGO,Togo,IND,India,Bilateral,constant,USD million,11.1605
2021,TGO,Togo,IND,India,Bilateral,constant,USD million,14.627
2022,TGO,Togo,IND,India,Bilateral,constant,USD million,12.4453
2023,TGO,Togo,IND,India,Bilateral,constant,USD million,25.1943
2024,TGO,Togo,IND,India,Bilateral,constant,USD million,16.2919
2025,TGO,Togo,IND,India,Bilateral,constant,USD million,9.5588
2015,TGO,Togo,KWT,Kuwait,Bilateral,constant,USD million,6.6251
2016,TGO,Togo,KWT,Kuwait,Bilateral,constant,USD million,2.881
2017,TGO,Togo,KWT,Kuwait,Bilateral,constant,USD million,3.9676
2018,TGO,Togo,KWT,Kuwait,Bilateral,constant,USD million,2.6083
2019,TGO,Togo,KWT,Kuwait,Bilateral,constant,USD million,1.0261
2021,TGO,Togo,KWT,Kuwait,Bilateral,constant,USD million,3.8944
2022,TGO,Togo,KWT,Kuwait,Bilateral,constant,USD million,1.7586
2023,TGO,Togo,KWT,Kuwait,Bilateral,constant,USD million,15.465
2024,TGO,Togo,KWT,Kuwait,Bilateral,constant,USD million,13.2522
2025,TGO,Togo,KWT,Kuwait,Bilateral,constant,USD million,7.0324
2015,TGO,Togo,SAU,Saudi Arabia,Bilateral,constant,USD million,0.6987
2023,TGO,Togo,SAU,Saudi Arabia,Bilateral,constant,USD million,6.0578
2024,TGO,Togo,SAU,Saudi Arabia,Bilateral,constant,USD million,4.0938
2025,TGO,Togo,SAU,Saudi Arabia,Bilateral,constant,USD million,2.7996
2020,TGO,Togo,ARE,United Arab Emirates,Bilateral,constant,USD million,9.3626
2021,TGO,Togo,ARE,United Arab Emirates,Bilateral,constant,USD million,4.728
2022,TGO,Togo,ARE,United Arab Emirates,Bilateral,constant,USD million,12.8189
2023,TGO,Togo,ARE,United Arab Emirates,Bilateral,constant,USD million,10.7742
2024,TGO,Togo,ARE,United Arab Emirates,Bilateral,constant,USD million,14.8343
2025,TGO,Togo,ARE,United Arab Emirates,Bilateral,constant,USD million,8.8997
2015,TUN,Tunisia,DZA,Algeria,Bilateral,constant,USD million,100.0
2022,TUN,Tunisia,DZA,Algeria,Bilateral,constant,USD million,216.5086
2023,TUN,Tunisia,AUT,Austria,Bilateral,constant,USD million,1.4645
2024,TUN,Tunisia,AUT,Austria,Bilateral,constant,USD million,0.4575
2025,TUN,Tunisia,AUT,Austria,Bilateral,constant,USD million,0.4477
2015,TUN,Tunisia,CAN,Canada,Bilateral,constant,USD million,6.499
2015,TUN,Tunisia,CHN,China,Bilateral,constant,USD million,2.0302
2023,TUN,Tunisia,CHN,China,Bilateral,constant,USD million,4.9219
2024,TUN,Tunisia,CHN,China,Bilateral,constant,USD million,3.0754
2025,TUN,Tunisia,CHN,China,Bilateral,constant,USD million,0.0785
2015,TUN,Tunisia,FRA,France,Bilateral,constant,USD million,38.2806
2016,TUN,Tunisia,FRA,France,Bilateral,constant,USD million,35.8009
2017,TUN,Tunisia,FRA,France,Bilateral,constant,USD million,53.4652
2018,TUN,Tunisia,FRA,France,Bilateral,constant,USD million,69.4833
2019,TUN,Tunisia,FRA,France,Bilateral,constant,USD million,157.7607
2020,TUN,Tunisia,FRA,France,Bilateral,constant,USD million,152.453
2021,TUN,Tunisia,FRA,France,Bilateral,constant,USD million,146.1826
2022,TUN,Tunisia,FRA,France,Bilateral,constant,USD million,28.5102
2023,TUN,Tunisia,FRA,France,Bilateral,constant,USD million,462.3372
2024,TUN,Tunisia,FRA,France,Bilateral,constant,USD million,285.72
2025,TUN,Tunisia,FRA,France,Bilateral,constant,USD million,135.1117
2015,TUN,Tunisia,DEU,"Germany, Fed. Rep. of",Bilateral,constant,USD million,49.422
2016,TUN,Tunisia,DEU,"Germany, Fed. Rep. of",Bilateral,constant,USD million,98.1488
2017,TUN,Tunisia,DEU,"Germany, Fed. Rep. of",Bilateral,constant,USD million,89.6594
2018,TUN,Tunisia,DEU,"Germany, Fed. Rep. of",Bilateral,constant,USD million,46.2295
2019,TUN,Tunisia,DEU,"Germany, Fed. Rep. of",Bilateral,constant,USD million,346.2105
2020,TUN,Tunisia,DEU,"Germany, Fed. Rep. of",Bilateral,constant,USD million,251.756
2021,TUN,Tunisia,DEU,"Germany, Fed. Rep. of",Bilateral,constant,USD million,177.682
2022,TUN,Tunisia,DEU,"Germany, Fed. Rep. of",Bilateral,constant,USD million,260.6223
2023,TUN,Tunisia,DEU,"Germany, Fed. Rep. of",Bilateral,constant,USD million,344.0703
2024,TUN,Tunisia,DEU,"Germany, Fed. Rep. of",Bilateral,constant,USD million,229.4059
2025,TUN,Tunisia,DEU,"Germany, Fed. Rep. of",Bilateral,constant,USD million,121.9708
2015,TUN,Tunisia,ITA,Italy,Bilateral,constant,USD million,0.3562
2016,TUN,Tunisia,ITA,Italy,Bilateral,constant,USD million,0.0832
2023,TUN,Tunisia,ITA,Italy,Bilateral,constant,USD million,6.2986
2024,TUN,Tunisia,ITA,Italy,Bilateral,constant,USD million,2.512
2025,TUN,Tunisia,ITA,Italy,Bilateral,constant,USD million,1.7207
2015,TUN,Tunisia,JPN,Japan,Bilateral,constant,USD million,3.2966
2016,TUN,Tunisia,JPN,Japan,Bilateral,constant,USD million,0.221
2018,TUN,Tunisia,JPN,Japan,Bilateral,constant,USD million,1.5872
2019,TUN,Tunisia,JPN,Japan,Bilateral,constant,USD million,3.2394
2020,TUN,Tunisia,JPN,Japan,Bilateral,constant,USD million,10.0649
2021,TUN,Tunisia,JPN,Japan,Bilateral,constant,USD million,30.6306
2022,TUN,Tunisia,JPN,Japan,Bilateral,constant,USD million,18.7822
2023,TUN,Tunisia,JPN,Japan,Bilateral,constant,USD million,253.0775
2024,TUN,Tunisia,JPN,Japan,Bilateral,constant,USD million,128.6551
2025,TUN,Tunisia,JPN,Japan,Bilateral,constant,USD million,57.0474
2015,TUN,Tunisia,KWT,Kuwait,Bilateral,constant,USD million,14.5732
2016,TUN,Tunisia,KWT,Kuwait,Bilateral,constant,USD million,70.3352
2017,TUN,Tunisia,KWT,Kuwait,Bilateral,constant,USD million,49.7977
2018,TUN,Tunisia,KWT,Kuwait,Bilateral,constant,USD million,60.1703
2019,TUN,Tunisia,KWT,Kuwait,Bilateral,constant,USD million,31.1632
2020,TUN,Tunisia,KWT,Kuwait,Bilateral,constant,USD million,46.0567
2021,TUN,Tunisia,KWT,Kuwait,Bilateral,constant,USD million,36.9344
2022,TUN,Tunisia,KWT,Kuwait,Bilateral,constant,USD million,41.3595
2023,TUN,Tunisia,KWT,Kuwait,Bilateral,constant,USD million,205.7024
2024,TUN,Tunisia,KWT,Kuwait,Bilateral,constant,USD million,152.2623
2025,TUN,Tunisia,KWT,Kuwait,Bilateral,constant,USD million,69.1518
2023,TUN,Tunisia,QAT,Qatar,Bilateral,constant,USD million,1.9043
2024,TUN,Tunisia,QAT,Qatar,Bilateral,constant,USD million,0.8924
2025,TUN,Tunisia,QAT,Qatar,Bilateral,constant,USD million,0.5239
2015,TUN,Tunisia,SAU,Saudi Arabia,Bilateral,constant,USD million,23.4304
2016,TUN,Tunisia,SAU,Saudi Arabia,Bilateral,constant,USD million,22.4728
2017,TUN,Tunisia,SAU,Saudi Arabia,Bilateral,constant,USD million,32.3353
2018,TUN,Tunisia,SAU,Saudi Arabia,Bilateral,constant,USD million,44.2502
2019,TUN,Tunisia,SAU,Saudi Arabia,Bilateral,constant,USD million,660.0591
2020,TUN,Tunisia,SAU,Saudi Arabia,Bilateral,constant,USD million,36.2534
2021,TUN,Tunisia,SAU,Saudi Arabia,Bilateral,constant,USD million,25.593
2022,TUN,Tunisia,SAU,Saudi Arabia,Bilateral,constant,USD million,10.2896
2023,TUN,Tunisia,SAU,Saudi Arabia,Bilateral,constant,USD million,181.6411
2024,TUN,Tunisia,SAU,Saudi Arabia,Bilateral,constant,USD million,148.4442
2025,TUN,Tunisia,SAU,Saudi Arabia,Bilateral,constant,USD million,86.0393
2015,TUN,Tunisia,ESP,Spain,Bilateral,constant,USD million,2.187
2016,TUN,Tunisia,ESP,Spain,Bilateral,constant,USD million,1.4771
2020,TUN,Tunisia,ESP,Spain,Bilateral,constant,USD million,427.8685
2023,TUN,Tunisia,ESP,Spain,Bilateral,constant,USD million,2.5304
2024,TUN,Tunisia,ESP,Spain,Bilateral,constant,USD million,1.8293
2025,TUN,Tunisia,ESP,Spain,Bilateral,constant,USD million,0.6073
2021,TUN,Tunisia,TUR,Turkiye,Bilateral,constant,USD million,20.49
2022,TUN,Tunisia,TUR,Turkiye,Bilateral,constant,USD million,110.3046
2023,TUN,Tunisia,TUR,Turkiye,Bilateral,constant,USD million,48.8289
2024,TUN,Tunisia,TUR,Turkiye,Bilateral,constant,USD million,19.0682
2025,TUN,Tunisia,TUR,Turkiye,Bilateral,constant,USD million,7.4635
2015,TUN,Tunisia,ARE,United Arab Emirates,Bilateral,constant,USD million,43.6628
2016,TUN,Tunisia,ARE,United Arab Emirates,Bilateral,constant,USD million,2.2743
2017,TUN,Tunisia,ARE,United Arab Emirates,Bilateral,constant,USD million,1.9605
2018,TUN,Tunisia,ARE,United Arab Emirates,Bilateral,constant,USD million,0.7692
2019,TUN,Tunisia,ARE,United Arab Emirates,Bilateral,constant,USD million,1.6283
2020,TUN,Tunisia,ARE,United Arab Emirates,Bilateral,constant,USD million,0.729
2021,TUN,Tunisia,ARE,United Arab Emirates,Bilateral,constant,USD million,0.3777
2023,TUN,Tunisia,ARE,United Arab Emirates,Bilateral,constant,USD million,0.6561
2024,TUN,Tunisia,ARE,United Arab Emirates,Bilateral,constant,USD million,0.4099
2023,TUR,Turkiye,BEL,Belgium,Bilateral,constant,USD million,0.1248
2015,TUR,Turkiye,CHN,China,Bilateral,constant,USD million,41.512
2016,TUR,Turkiye,CHN,China,Bilateral,constant,USD million,27.9518
2017,TUR,Turkiye,CHN,China,Bilateral,constant,USD million,448.4526
2018,TUR,Turkiye,CHN,China,Bilateral,constant,USD million,497.4724
2020,TUR,Turkiye,CHN,China,Bilateral,constant,USD million,176.0721
2021,TUR,Turkiye,CHN,China,Bilateral,constant,USD million,777.5388
2022,TUR,Turkiye,CHN,China,Bilateral,constant,USD million,38.7579
2023,TUR,Turkiye,CHN,China,Bilateral,constant,USD million,198.447
2024,TUR,Turkiye,CHN,China,Bilateral,constant,USD million,65.7537
2025,TUR,Turkiye,CHN,China,Bilateral,constant,USD million,20.2225
2022,TUR,Turkiye,DNK,Denmark,Bilateral,constant,USD million,107.1617
2023,TUR,Turkiye,DNK,Denmark,Bilateral,constant,USD million,338.5804
2024,TUR,Turkiye,DNK,Denmark,Bilateral,constant,USD million,156.3506
2025,TUR,Turkiye,DNK,Denmark,Bilateral,constant,USD million,61.7977
2015,TUR,Turkiye,FRA,France,Bilateral,constant,USD million,19.9725
2016,TUR,Turkiye,FRA,France,Bilateral,constant,USD million,70.72
2017,TUR,Turkiye,FRA,France,Bilateral,constant,USD million,307.3449
2018,TUR,Turkiye,FRA,France,Bilateral,constant,USD million,152.0993
2019,TUR,Turkiye,FRA,France,Bilateral,constant,USD million,215.4061
2020,TUR,Turkiye,FRA,France,Bilateral,constant,USD million,162.1705
2021,TUR,Turkiye,FRA,France,Bilateral,constant,USD million,142.001
2022,TUR,Turkiye,FRA,France,Bilateral,constant,USD million,162.1897
2023,TUR,Turkiye,FRA,France,Bilateral,constant,USD million,273.9427
2024,TUR,Turkiye,FRA,France,Bilateral,constant,USD million,118.6851
2025,TUR,Turkiye,FRA,France,Bilateral,constant,USD million,49.1479
2015,TUR,Turkiye,DEU,"Germany, Fed. Rep. of",Bilateral,constant,USD million,222.2718
2016,TUR,Turkiye,DEU,"Germany, Fed. Rep. of",Bilateral,constant,USD million,10.178
2017,TUR,Turkiye,DEU,"Germany, Fed. Rep. of",Bilateral,constant,USD million,63.263
2018,TUR,Turkiye,DEU,"Germany, Fed. Rep. of",Bilateral,constant,USD million,75.0315
2019,TUR,Turkiye,DEU,"Germany, Fed. Rep. of",Bilateral,constant,USD million,85.4202
2020,TUR,Turkiye,DEU,"Germany, Fed. Rep. of",Bilateral,constant,USD million,193.784
2021,TUR,Turkiye,DEU,"Germany, Fed. Rep. of",Bilateral,constant,USD million,65.0699
2022,TUR,Turkiye,DEU,"Germany, Fed. Rep. of",Bilateral,constant,USD million,26.4765
2015,TUR,Turkiye,JPN,Japan,Bilateral,constant,USD million,30.035
2016,TUR,Turkiye,JPN,Japan,Bilateral,constant,USD million,53.2806
2017,TUR,Turkiye,JPN,Japan,Bilateral,constant,USD million,97.4241
2018,TUR,Turkiye,JPN,Japan,Bilateral,constant,USD million,97.3267
2019,TUR,Turkiye,JPN,Japan,Bilateral,constant,USD million,76.2393
2020,TUR,Turkiye,JPN,Japan,Bilateral,constant,USD million,47.5386
2022,TUR,Turkiye,JPN,Japan,Bilateral,constant,USD million,642.3817
2023,TUR,Turkiye,JPN,Japan,Bilateral,constant,USD million,383.6957
2024,TUR,Turkiye,JPN,Japan,Bilateral,constant,USD million,187.2017
2025,TUR,Turkiye,JPN,Japan,Bilateral,constant,USD million,84.0342
2020,TUR,Turkiye,KOR,"Korea, Republic of",Bilateral,constant,USD million,63.0485
2021,TUR,Turkiye,KOR,"Korea, Republic of",Bilateral,constant,USD million,170.9988
2023,TUR,Turkiye,KOR,"Korea, Republic of",Bilateral,constant,USD million,10.2156
2024,TUR,Turkiye,KOR,"Korea, Republic of",Bilateral,constant,USD million,2.2113
2023,TUR,Turkiye,KWT,Kuwait,Bilateral,constant,USD million,1.2193
2024,TUR,Turkiye,KWT,Kuwait,Bilateral,constant,USD million,0.7038
2016,TUR,Turkiye,SAU,Saudi Arabia,Bilateral,constant,USD million,0.0258
2023,TUR,Turkiye,SAU,Saudi Arabia,Bilateral,constant,USD million,0.4089
2024,TUR,Turkiye,SAU,Saudi Arabia,Bilateral,constant,USD million,0.236
2019,TUR,Turkiye,ARE,United Arab Emirates,Bilateral,constant,USD million,1867.2189
2020,TUR,Turkiye,ARE,United Arab Emirates,Bilateral,constant,USD million,1603.8717
2021,TUR,Turkiye,ARE,United Arab Emirates,Bilateral,constant,USD million,1863.4522
2022,TUR,Turkiye,ARE,United Arab Emirates,Bilateral,constant,USD million,1931.2942
2023,TUR,Turkiye,ARE,United Arab Emirates,Bilateral,constant,USD million,14.0269
2024,TUR,Turkiye,ARE,United Arab Emirates,Bilateral,constant,USD million,4.7941
2025,TUR,Turkiye,ARE,United Arab Emirates,Bilateral,constant,USD million,2.1223
2015,TKM,Turkmenistan,CHN,China,Bilateral,constant,USD million,584.1605
2015,TKM,Turkmenistan,JPN,Japan,Bilateral,constant,USD million,62.1005
2016,TKM,Turkmenistan,JPN,Japan,Bilateral,constant,USD million,1410.5249
2017,TKM,Turkmenistan,JPN,Japan,Bilateral,constant,USD million,793.4438
2018,TKM,Turkmenistan,JPN,Japan,Bilateral,constant,USD million,558.9264
2019,TKM,Turkmenistan,JPN,Japan,Bilateral,constant,USD million,111.6634
2020,TKM,Turkmenistan,JPN,Japan,Bilateral,constant,USD million,165.6385
2021,TKM,Turkmenistan,JPN,Japan,Bilateral,constant,USD million,160.3188
2022,TKM,Turkmenistan,JPN,Japan,Bilateral,constant,USD million,58.2742
2023,TKM,Turkmenistan,JPN,Japan,Bilateral,constant,USD million,8.5554
2024,TKM,Turkmenistan,JPN,Japan,Bilateral,constant,USD million,2.0279
2015,TKM,Turkmenistan,KOR,"Korea, Republic of",Bilateral,constant,USD million,175.609
2016,TKM,Turkmenistan,KOR,"Korea, Republic of",Bilateral,constant,USD million,804.9865
2017,TKM,Turkmenistan,KOR,"Korea, Republic of",Bilateral,constant,USD million,461.952
2018,TKM,Turkmenistan,KOR,"Korea, Republic of",Bilateral,constant,USD million,265.9649
2019,TKM,Turkmenistan,KOR,"Korea, Republic of",Bilateral,constant,USD million,6.1726
2020,TKM,Turkmenistan,KOR,"Korea, Republic of",Bilateral,constant,USD million,88.9398
2019,TKM,Turkmenistan,SAU,Saudi Arabia,Bilateral,constant,USD million,33.7761
2023,TKM,Turkmenistan,SAU,Saudi Arabia,Bilateral,constant,USD million,7.5463
2024,TKM,Turkmenistan,SAU,Saudi Arabia,Bilateral,constant,USD million,12.8787
2025,TKM,Turkmenistan,SAU,Saudi Arabia,Bilateral,constant,USD million,7.7436
2023,TKM,Turkmenistan,ARE,United Arab Emirates,Bilateral,constant,USD million,14.2492
2024,TKM,Turkmenistan,ARE,United Arab Emirates,Bilateral,constant,USD million,24.3181
2025,TKM,Turkmenistan,ARE,United Arab Emirates,Bilateral,constant,USD million,14.6217
2023,UGA,Uganda,AUT,Austria,Bilateral,constant,USD million,0.6107
2024,UGA,Uganda,AUT,Austria,Bilateral,constant,USD million,0.2972
2025,UGA,Uganda,AUT,Austria,Bilateral,constant,USD million,0.1411
2015,UGA,Uganda,CHN,China,Bilateral,constant,USD million,384.9641
2016,UGA,Uganda,CHN,China,Bilateral,constant,USD million,358.9141
2017,UGA,Uganda,CHN,China,Bilateral,constant,USD million,452.1658
2018,UGA,Uganda,CHN,China,Bilateral,constant,USD million,425.4941
2019,UGA,Uganda,CHN,China,Bilateral,constant,USD million,226.7918
2020,UGA,Uganda,CHN,China,Bilateral,constant,USD million,479.1477
2021,UGA,Uganda,CHN,China,Bilateral,constant,USD million,142.763
2022,UGA,Uganda,CHN,China,Bilateral,constant,USD million,212.7513
2023,UGA,Uganda,CHN,China,Bilateral,constant,USD million,236.3752
2024,UGA,Uganda,CHN,China,Bilateral,constant,USD million,96.8206
2025,UGA,Uganda,CHN,China,Bilateral,constant,USD million,44.3119
2015,UGA,Uganda,FRA,France,Bilateral,constant,USD million,13.315
2016,UGA,Uganda,FRA,France,Bilateral,constant,USD million,7.007
2017,UGA,Uganda,FRA,France,Bilateral,constant,USD million,48.0555
2018,UGA,Uganda,FRA,France,Bilateral,constant,USD million,65.3139
2019,UGA,Uganda,FRA,France,Bilateral,constant,USD million,16.3581
2020,UGA,Uganda,FRA,France,Bilateral,constant,USD million,74.7418
2021,UGA,Uganda,FRA,France,Bilateral,constant,USD million,56.509
2022,UGA,Uganda,FRA,France,Bilateral,constant,USD million,18.0228
2023,UGA,Uganda,FRA,France,Bilateral,constant,USD million,98.3673
2024,UGA,Uganda,FRA,France,Bilateral,constant,USD million,69.9904
2025,UGA,Uganda,FRA,France,Bilateral,constant,USD million,36.9574
2020,UGA,Uganda,DEU,"Germany, Fed. Rep. of",Bilateral,constant,USD million,1.0214
2021,UGA,Uganda,DEU,"Germany, Fed. Rep. of",Bilateral,constant,USD million,6.7578
2022,UGA,Uganda,DEU,"Germany, Fed. Rep. of",Bilateral,constant,USD million,3.7812
2023,UGA,Uganda,DEU,"Germany, Fed. Rep. of",Bilateral,constant,USD million,40.8406
2024,UGA,Uganda,DEU,"Germany, Fed. Rep. of",Bilateral,constant,USD million,33.8286
2025,UGA,Uganda,DEU,"Germany, Fed. Rep. of",Bilateral,constant,USD million,16.7512
2022,UGA,Uganda,IND,India,Bilateral,constant,USD million,5.1333
2023,UGA,Uganda,IND,India,Bilateral,constant,USD million,10.2208
2024,UGA,Uganda,IND,India,Bilateral,constant,USD million,5.5799
2025,UGA,Uganda,IND,India,Bilateral,constant,USD million,2.3032
2023,UGA,Uganda,ITA,Italy,Bilateral,constant,USD million,1.7727
2024,UGA,Uganda,ITA,Italy,Bilateral,constant,USD million,2.674
2025,UGA,Uganda,ITA,Italy,Bilateral,constant,USD million,1.7197
2017,UGA,Uganda,JPN,Japan,Bilateral,constant,USD million,110.6689
2018,UGA,Uganda,JPN,Japan,Bilateral,constant,USD million,23.1875
2023,UGA,Uganda,JPN,Japan,Bilateral,constant,USD million,82.8429
2024,UGA,Uganda,JPN,Japan,Bilateral,constant,USD million,48.1602
2025,UGA,Uganda,JPN,Japan,Bilateral,constant,USD million,28.3812
2023,UGA,Uganda,KOR,"Korea, Republic of",Bilateral,constant,USD million,1.0565
2024,UGA,Uganda,KOR,"Korea, Republic of",Bilateral,constant,USD million,0.8225
2025,UGA,Uganda,KOR,"Korea, Republic of",Bilateral,constant,USD million,0.1952
2015,UGA,Uganda,KWT,Kuwait,Bilateral,constant,USD million,2.3868
2016,UGA,Uganda,KWT,Kuwait,Bilateral,constant,USD million,4.3239
2017,UGA,Uganda,KWT,Kuwait,Bilateral,constant,USD million,6.7927
2018,UGA,Uganda,KWT,Kuwait,Bilateral,constant,USD million,5.087
2019,UGA,Uganda,KWT,Kuwait,Bilateral,constant,USD million,1.432
2020,UGA,Uganda,KWT,Kuwait,Bilateral,constant,USD million,1.5718
2021,UGA,Uganda,KWT,Kuwait,Bilateral,constant,USD million,1.8052
2022,UGA,Uganda,KWT,Kuwait,Bilateral,constant,USD million,0.6201
2023,UGA,Uganda,KWT,Kuwait,Bilateral,constant,USD million,3.0335
2024,UGA,Uganda,KWT,Kuwait,Bilateral,constant,USD million,1.568
2025,UGA,Uganda,KWT,Kuwait,Bilateral,constant,USD million,0.6136
2023,UGA,Uganda,SAU,Saudi Arabia,Bilateral,constant,USD million,2.1204
2024,UGA,Uganda,SAU,Saudi Arabia,Bilateral,constant,USD million,1.1929
2025,UGA,Uganda,SAU,Saudi Arabia,Bilateral,constant,USD million,0.7192
2021,UGA,Uganda,ESP,Spain,Bilateral,constant,USD million,2.8371
2022,UGA,Uganda,ESP,Spain,Bilateral,constant,USD million,3.3567
2023,UGA,Uganda,ESP,Spain,Bilateral,constant,USD million,13.2095
2024,UGA,Uganda,ESP,Spain,Bilateral,constant,USD million,7.3308
2025,UGA,Uganda,ESP,Spain,Bilateral,constant,USD million,3.6182
2019,UGA,Uganda,ARE,United Arab Emirates,Bilateral,constant,USD million,3.7176
2020,UGA,Uganda,ARE,United Arab Emirates,Bilateral,constant,USD million,4.7019
2021,UGA,Uganda,ARE,United Arab Emirates,Bilateral,constant,USD million,1.2187
2022,UGA,Uganda,ARE,United Arab Emirates,Bilateral,constant,USD million,0.2707
2023,UGA,Uganda,ARE,United Arab Emirates,Bilateral,constant,USD million,0.2732
2024,UGA,Uganda,ARE,United Arab Emirates,Bilateral,constant,USD million,0.1772
2018,UGA,Uganda,GBR,United Kingdom,Bilateral,constant,USD million,84.6638
2019,UGA,Uganda,GBR,United Kingdom,Bilateral,constant,USD million,68.9588
2020,UGA,Uganda,GBR,United Kingdom,Bilateral,constant,USD million,109.5308
2021,UGA,Uganda,GBR,United Kingdom,Bilateral,constant,USD million,66.2687
2022,UGA,Uganda,GBR,United Kingdom,Bilateral,constant,USD million,5.9376
2023,UGA,Uganda,GBR,United Kingdom,Bilateral,constant,USD million,146.3351
2024,UGA,Uganda,GBR,United Kingdom,Bilateral,constant,USD million,64.3762
2025,UGA,Uganda,GBR,United Kingdom,Bilateral,constant,USD million,25.451
2015,UKR,Ukraine,CAN,Canada,Bilateral,constant,USD million,156.5887
2022,UKR,Ukraine,CAN,Canada,Bilateral,constant,USD million,849.4565
2015,UKR,Ukraine,CHN,China,Bilateral,constant,USD million,345.0
2016,UKR,Ukraine,CHN,China,Bilateral,constant,USD million,149.6661
2017,UKR,Ukraine,CHN,China,Bilateral,constant,USD million,51.0456
2018,UKR,Ukraine,CHN,China,Bilateral,constant,USD million,22.6021
2019,UKR,Ukraine,FRA,France,Bilateral,constant,USD million,17.2705
2020,UKR,Ukraine,FRA,France,Bilateral,constant,USD million,2.7599
2021,UKR,Ukraine,FRA,France,Bilateral,constant,USD million,10.2707
2022,UKR,Ukraine,FRA,France,Bilateral,constant,USD million,195.7542
2023,UKR,Ukraine,FRA,France,Bilateral,constant,USD million,14.6632
2024,UKR,Ukraine,FRA,France,Bilateral,constant,USD million,12.752
2025,UKR,Ukraine,FRA,France,Bilateral,constant,USD million,6.7081
2017,UKR,Ukraine,DEU,"Germany, Fed. Rep. of",Bilateral,constant,USD million,192.2258
2019,UKR,Ukraine,DEU,"Germany, Fed. Rep. of",Bilateral,constant,USD million,11.9335
2020,UKR,Ukraine,DEU,"Germany, Fed. Rep. of",Bilateral,constant,USD million,16.8006
2021,UKR,Ukraine,DEU,"Germany, Fed. Rep. of",Bilateral,constant,USD million,11.5131
2022,UKR,Ukraine,DEU,"Germany, Fed. Rep. of",Bilateral,constant,USD million,184.4567
2023,UKR,Ukraine,DEU,"Germany, Fed. Rep. of",Bilateral,constant,USD million,26.9876
2024,UKR,Ukraine,DEU,"Germany, Fed. Rep. of",Bilateral,constant,USD million,12.5453
2025,UKR,Ukraine,DEU,"Germany, Fed. Rep. of",Bilateral,constant,USD million,5.8515
2022,UKR,Ukraine,NLD,Netherlands,Bilateral,constant,USD million,94.5876
2023,UKR,Ukraine,POL,Poland,Bilateral,constant,USD million,8.6764
2024,UKR,Ukraine,POL,Poland,Bilateral,constant,USD million,5.9233
2025,UKR,Ukraine,POL,Poland,Bilateral,constant,USD million,3.6235
2021,UKR,Ukraine,GBR,United Kingdom,Bilateral,constant,USD million,10.5876
2022,UKR,Ukraine,GBR,United Kingdom,Bilateral,constant,USD million,3.2321
2015,UZB,Uzbekistan,CHN,China,Bilateral,constant,USD million,244.777
2016,UZB,Uzbekistan,CHN,China,Bilateral,constant,USD million,266.5214
2017,UZB,Uzbekistan,CHN,China,Bilateral,constant,USD million,186.6455
2018,UZB,Uzbekistan,CHN,China,Bilateral,constant,USD million,537.1812
2019,UZB,Uzbekistan,CHN,China,Bilateral,constant,USD million,367.1339
2020,UZB,Uzbekistan,CHN,China,Bilateral,constant,USD million,357.2826
2021,UZB,Uzbekistan,CHN,China,Bilateral,constant,USD million,303.2244
2022,UZB,Uzbekistan,CHN,China,Bilateral,constant,USD million,109.8333
2023,UZB,Uzbekistan,CHN,China,Bilateral,constant,USD million,97.7639
2024,UZB,Uzbekistan,CHN,China,Bilateral,constant,USD million,98.9344
2025,UZB,Uzbekistan,CHN,China,Bilateral,constant,USD million,52.2649
2015,UZB,Uzbekistan,FRA,France,Bilateral,constant,USD million,3.6672
2018,UZB,Uzbekistan,FRA,France,Bilateral,constant,USD million,18.1262
2019,UZB,Uzbekistan,FRA,France,Bilateral,constant,USD million,3.5141
2020,UZB,Uzbekistan,FRA,France,Bilateral,constant,USD million,93.1547
2022,UZB,Uzbekistan,FRA,France,Bilateral,constant,USD million,66.6311
2023,UZB,Uzbekistan,FRA,France,Bilateral,constant,USD million,101.5818
2024,UZB,Uzbekistan,FRA,France,Bilateral,constant,USD million,74.5367
2025,UZB,Uzbekistan,FRA,France,Bilateral,constant,USD million,37.1985
2023,UZB,Uzbekistan,DEU,"Germany, Fed. Rep. of",Bilateral,constant,USD million,30.2429
2024,UZB,Uzbekistan,DEU,"Germany, Fed. Rep. of",Bilateral,constant,USD million,36.5645
2025,UZB,Uzbekistan,DEU,"Germany, Fed. Rep. of",Bilateral,constant,USD million,20.7158
2016,UZB,Uzbekistan,JPN,Japan,Bilateral,constant,USD million,74.14
2017,UZB,Uzbekistan,JPN,Japan,Bilateral,constant,USD million,125.0442
2018,UZB,Uzbekistan,JPN,Japan,Bilateral,constant,USD million,379.7256
2019,UZB,Uzbekistan,JPN,Japan,Bilateral,constant,USD million,352.9772
2020,UZB,Uzbekistan,JPN,Japan,Bilateral,constant,USD million,185.4349
2021,UZB,Uzbekistan,JPN,Japan,Bilateral,constant,USD million,438.6643
2022,UZB,Uzbekistan,JPN,Japan,Bilateral,constant,USD million,19.27
2023,UZB,Uzbekistan,JPN,Japan,Bilateral,constant,USD million,590.5344
2024,UZB,Uzbekistan,JPN,Japan,Bilateral,constant,USD million,602.1244
2025,UZB,Uzbekistan,JPN,Japan,Bilateral,constant,USD million,347.5283
2023,UZB,Uzbekistan,KOR,"Korea, Republic of",Bilateral,constant,USD million,68.7994
2024,UZB,Uzbekistan,KOR,"Korea, Republic of",Bilateral,constant,USD million,82.7449
2025,UZB,Uzbekistan,KOR,"Korea, Republic of",Bilateral,constant,USD million,57.2533
2015,UZB,Uzbekistan,KWT,Kuwait,Bilateral,constant,USD million,1.8915
2016,UZB,Uzbekistan,KWT,Kuwait,Bilateral,constant,USD million,6.4411
2017,UZB,Uzbekistan,KWT,Kuwait,Bilateral,constant,USD million,0.3047
2018,UZB,Uzbekistan,KWT,Kuwait,Bilateral,constant,USD million,1.1397
2019,UZB,Uzbekistan,KWT,Kuwait,Bilateral,constant,USD million,0.2352
2020,UZB,Uzbekistan,KWT,Kuwait,Bilateral,constant,USD million,4.5945
2021,UZB,Uzbekistan,KWT,Kuwait,Bilateral,constant,USD million,22.9561
2022,UZB,Uzbekistan,KWT,Kuwait,Bilateral,constant,USD million,21.383
2023,UZB,Uzbekistan,KWT,Kuwait,Bilateral,constant,USD million,12.0923
2024,UZB,Uzbekistan,KWT,Kuwait,Bilateral,constant,USD million,7.0929
2025,UZB,Uzbekistan,KWT,Kuwait,Bilateral,constant,USD million,3.2922
2022,UZB,Uzbekistan,POL,Poland,Bilateral,constant,USD million,8.2473
2019,UZB,Uzbekistan,RUS,Russian Federation,Bilateral,constant,USD million,118.0425
2020,UZB,Uzbekistan,RUS,Russian Federation,Bilateral,constant,USD million,94.7178
2021,UZB,Uzbekistan,RUS,Russian Federation,Bilateral,constant,USD million,192.9111
2022,UZB,Uzbekistan,RUS,Russian Federation,Bilateral,constant,USD million,8.032
2023,UZB,Uzbekistan,RUS,Russian Federation,Bilateral,constant,USD million,99.8462
2024,UZB,Uzbekistan,RUS,Russian Federation,Bilateral,constant,USD million,121.5011
2025,UZB,Uzbekistan,RUS,Russian Federation,Bilateral,constant,USD million,60.7164
2015,UZB,Uzbekistan,SAU,Saudi Arabia,Bilateral,constant,USD million,3.3469
2016,UZB,Uzbekistan,SAU,Saudi Arabia,Bilateral,constant,USD million,31.7109
2017,UZB,Uzbekistan,SAU,Saudi Arabia,Bilateral,constant,USD million,38.8937
2018,UZB,Uzbekistan,SAU,Saudi Arabia,Bilateral,constant,USD million,29.4256
2019,UZB,Uzbekistan,SAU,Saudi Arabia,Bilateral,constant,USD million,56.7172
2020,UZB,Uzbekistan,SAU,Saudi Arabia,Bilateral,constant,USD million,38.0095
2021,UZB,Uzbekistan,SAU,Saudi Arabia,Bilateral,constant,USD million,11.7684
2022,UZB,Uzbekistan,SAU,Saudi Arabia,Bilateral,constant,USD million,9.0724
2023,UZB,Uzbekistan,SAU,Saudi Arabia,Bilateral,constant,USD million,16.5301
2024,UZB,Uzbekistan,SAU,Saudi Arabia,Bilateral,constant,USD million,7.8249
2025,UZB,Uzbekistan,SAU,Saudi Arabia,Bilateral,constant,USD million,2.8692
2019,UZB,Uzbekistan,ARE,United Arab Emirates,Bilateral,constant,USD million,7.9348
2022,UZB,Uzbekistan,ARE,United Arab Emirates,Bilateral,constant,USD million,3.8393
2023,UZB,Uzbekistan,ARE,United Arab Emirates,Bilateral,constant,USD million,93.7666
2024,UZB,Uzbekistan,ARE,United Arab Emirates,Bilateral,constant,USD million,127.7146
2025,UZB,Uzbekistan,ARE,United Arab Emirates,Bilateral,constant,USD million,74.8876
2023,UZB,Uzbekistan,USA,United States,Bilateral,constant,USD million,0.1294
2024,UZB,Uzbekistan,USA,United States,Bilateral,constant,USD million,0.0822
2015,VUT,Vanuatu,CHN,China,Bilateral,constant,USD million,81.3802
2016,VUT,Vanuatu,CHN,China,Bilateral,constant,USD million,28.5121
2017,VUT,Vanuatu,CHN,China,Bilateral,constant,USD million,20.0482
2018,VUT,Vanuatu,CHN,China,Bilateral,constant,USD million,1.8049
2019,VUT,Vanuatu,CHN,China,Bilateral,constant,USD million,16.8813
2020,VUT,Vanuatu,CHN,China,Bilateral,constant,USD million,2.644
2021,VUT,Vanuatu,CHN,China,Bilateral,constant,USD million,12.5132
2022,VUT,Vanuatu,CHN,China,Bilateral,constant,USD million,27.8044
2023,VUT,Vanuatu,CHN,China,Bilateral,constant,USD million,10.1244
2024,VUT,Vanuatu,CHN,China,Bilateral,constant,USD million,4.2772
2025,VUT,Vanuatu,CHN,China,Bilateral,constant,USD million,1.0045
2023,VUT,Vanuatu,JPN,Japan,Bilateral,constant,USD million,2.8137
2024,VUT,Vanuatu,JPN,Japan,Bilateral,constant,USD million,1.2532
2025,VUT,Vanuatu,JPN,Japan,Bilateral,constant,USD million,0.5515
2015,VNM,Viet Nam,CHN,China,Bilateral,constant,USD million,284.3901
2016,VNM,Viet Nam,CHN,China,Bilateral,constant,USD million,274.5634
2017,VNM,Viet Nam,CHN,China,Bilateral,constant,USD million,527.1872
2018,VNM,Viet Nam,CHN,China,Bilateral,constant,USD million,72.8246
2019,VNM,Viet Nam,CHN,China,Bilateral,constant,USD million,16.5644
2020,VNM,Viet Nam,CHN,China,Bilateral,constant,USD million,33.0505
2021,VNM,Viet Nam,CHN,China,Bilateral,constant,USD million,45.6189
2022,VNM,Viet Nam,CHN,China,Bilateral,constant,USD million,12.2087
2023,VNM,Viet Nam,CHN,China,Bilateral,constant,USD million,46.0552
2024,VNM,Viet Nam,CHN,China,Bilateral,constant,USD million,17.4304
2025,VNM,Viet Nam,CHN,China,Bilateral,constant,USD million,5.4919
2020,VNM,Viet Nam,DNK,Denmark,Bilateral,constant,USD million,2.9783
2021,VNM,Viet Nam,DNK,Denmark,Bilateral,constant,USD million,3.6945
2022,VNM,Viet Nam,DNK,Denmark,Bilateral,constant,USD million,4.6969
2023,VNM,Viet Nam,DNK,Denmark,Bilateral,constant,USD million,1.5767
2024,VNM,Viet Nam,DNK,Denmark,Bilateral,constant,USD million,0.5954
2025,VNM,Viet Nam,DNK,Denmark,Bilateral,constant,USD million,0.2337
2017,VNM,Viet Nam,FRA,France,Bilateral,constant,USD million,0.0341
2023,VNM,Viet Nam,FRA,France,Bilateral,constant,USD million,126.6004
2024,VNM,Viet Nam,FRA,France,Bilateral,constant,USD million,78.218
2025,VNM,Viet Nam,FRA,France,Bilateral,constant,USD million,40.8527
2015,VNM,Viet Nam,DEU,"Germany, Fed. Rep. of",Bilateral,constant,USD million,70.0669
2016,VNM,Viet Nam,DEU,"Germany, Fed. Rep. of",Bilateral,constant,USD million,131.3262
2017,VNM,Viet Nam,DEU,"Germany, Fed. Rep. of",Bilateral,constant,USD million,63.3747
2018,VNM,Viet Nam,DEU,"Germany, Fed. Rep. of",Bilateral,constant,USD million,81.9358
2019,VNM,Viet Nam,DEU,"Germany, Fed. Rep. of",Bilateral,constant,USD million,58.6054
2020,VNM,Viet Nam,DEU,"Germany, Fed. Rep. of",Bilateral,constant,USD million,22.4786
2021,VNM,Viet Nam,DEU,"Germany, Fed. Rep. of",Bilateral,constant,USD million,9.2079
2022,VNM,Viet Nam,DEU,"Germany, Fed. Rep. of",Bilateral,constant,USD million,61.1936
2023,VNM,Viet Nam,DEU,"Germany, Fed. Rep. of",Bilateral,constant,USD million,117.1457
2024,VNM,Viet Nam,DEU,"Germany, Fed. Rep. of",Bilateral,constant,USD million,54.0878
2025,VNM,Viet Nam,DEU,"Germany, Fed. Rep. of",Bilateral,constant,USD million,25.2537
2023,VNM,Viet Nam,HUN,Hungary,Bilateral,constant,USD million,14.9971
2024,VNM,Viet Nam,HUN,Hungary,Bilateral,constant,USD million,10.5178
2025,VNM,Viet Nam,HUN,Hungary,Bilateral,constant,USD million,7.2237
2015,VNM,Viet Nam,IND,India,Bilateral,constant,USD million,2.33
2016,VNM,Viet Nam,IND,India,Bilateral,constant,USD million,4.117
2017,VNM,Viet Nam,IND,India,Bilateral,constant,USD million,4.0983
2018,VNM,Viet Nam,IND,India,Bilateral,constant,USD million,0.2765
2019,VNM,Viet Nam,IND,India,Bilateral,constant,USD million,1.2437
2023,VNM,Viet Nam,IND,India,Bilateral,constant,USD million,2.6947
2024,VNM,Viet Nam,IND,India,Bilateral,constant,USD million,2.0924
2023,VNM,Viet Nam,ITA,Italy,Bilateral,constant,USD million,3.5762
2024,VNM,Viet Nam,ITA,Italy,Bilateral,constant,USD million,2.3281
2025,VNM,Viet Nam,ITA,Italy,Bilateral,constant,USD million,1.4446
2015,VNM,Viet Nam,JPN,Japan,Bilateral,constant,USD million,474.062
2016,VNM,Viet Nam,JPN,Japan,Bilateral,constant,USD million,476.5667
2017,VNM,Viet Nam,JPN,Japan,Bilateral,constant,USD million,278.255
2018,VNM,Viet Nam,JPN,Japan,Bilateral,constant,USD million,102.2238
2019,VNM,Viet Nam,JPN,Japan,Bilateral,constant,USD million,15.7043
2020,VNM,Viet Nam,JPN,Japan,Bilateral,constant,USD million,9.7109
2021,VNM,Viet Nam,JPN,Japan,Bilateral,constant,USD million,0.0162
2022,VNM,Viet Nam,JPN,Japan,Bilateral,constant,USD million,2.8686
2023,VNM,Viet Nam,JPN,Japan,Bilateral,constant,USD million,1016.6321
2024,VNM,Viet Nam,JPN,Japan,Bilateral,constant,USD million,702.7232
2025,VNM,Viet Nam,JPN,Japan,Bilateral,constant,USD million,379.0751
2023,VNM,Viet Nam,PRK,"Korea, D.P.R. of",Bilateral,constant,USD million,0.3441
2024,VNM,Viet Nam,PRK,"Korea, D.P.R. of",Bilateral,constant,USD million,0.4955
2025,VNM,Viet Nam,PRK,"Korea, D.P.R. of",Bilateral,constant,USD million,0.3757
2015,VNM,Viet Nam,KOR,"Korea, Republic of",Bilateral,constant,USD million,310.014
2016,VNM,Viet Nam,KOR,"Korea, Republic of",Bilateral,constant,USD million,181.3213
2017,VNM,Viet Nam,KOR,"Korea, Republic of",Bilateral,constant,USD million,71.0708
2018,VNM,Viet Nam,KOR,"Korea, Republic of",Bilateral,constant,USD million,54.61
2019,VNM,Viet Nam,KOR,"Korea, Republic of",Bilateral,constant,USD million,33.9137
2023,VNM,Viet Nam,KOR,"Korea, Republic of",Bilateral,constant,USD million,154.5512
2024,VNM,Viet Nam,KOR,"Korea, Republic of",Bilateral,constant,USD million,134.3646
2025,VNM,Viet Nam,KOR,"Korea, Republic of",Bilateral,constant,USD million,97.2824
2015,VNM,Viet Nam,KWT,Kuwait,Bilateral,constant,USD million,1.9314
2016,VNM,Viet Nam,KWT,Kuwait,Bilateral,constant,USD million,6.722
2017,VNM,Viet Nam,KWT,Kuwait,Bilateral,constant,USD million,9.9746
2018,VNM,Viet Nam,KWT,Kuwait,Bilateral,constant,USD million,3.6729
2019,VNM,Viet Nam,KWT,Kuwait,Bilateral,constant,USD million,7.6454
2020,VNM,Viet Nam,KWT,Kuwait,Bilateral,constant,USD million,6.1257
2021,VNM,Viet Nam,KWT,Kuwait,Bilateral,constant,USD million,4.5275
2022,VNM,Viet Nam,KWT,Kuwait,Bilateral,constant,USD million,2.6153
2023,VNM,Viet Nam,KWT,Kuwait,Bilateral,constant,USD million,5.6038
2024,VNM,Viet Nam,KWT,Kuwait,Bilateral,constant,USD million,5.2465
2025,VNM,Viet Nam,KWT,Kuwait,Bilateral,constant,USD million,3.0272
2023,VNM,Viet Nam,POL,Poland,Bilateral,constant,USD million,0.9426
2024,VNM,Viet Nam,POL,Poland,Bilateral,constant,USD million,0.5288
2025,VNM,Viet Nam,POL,Poland,Bilateral,constant,USD million,0.3891
2015,VNM,Viet Nam,RUS,Russian Federation,Bilateral,constant,USD million,149.0
2017,VNM,Viet Nam,RUS,Russian Federation,Bilateral,constant,USD million,335.7234
2018,VNM,Viet Nam,RUS,Russian Federation,Bilateral,constant,USD million,462.6495
2019,VNM,Viet Nam,RUS,Russian Federation,Bilateral,constant,USD million,251.4173
2020,VNM,Viet Nam,RUS,Russian Federation,Bilateral,constant,USD million,4.8433
2021,VNM,Viet Nam,RUS,Russian Federation,Bilateral,constant,USD million,200.0604
2023,VNM,Viet Nam,RUS,Russian Federation,Bilateral,constant,USD million,1147.9522
2024,VNM,Viet Nam,RUS,Russian Federation,Bilateral,constant,USD million,1584.5312
2025,VNM,Viet Nam,RUS,Russian Federation,Bilateral,constant,USD million,1159.7657
2015,VNM,Viet Nam,SAU,Saudi Arabia,Bilateral,constant,USD million,6.0859
2016,VNM,Viet Nam,SAU,Saudi Arabia,Bilateral,constant,USD million,3.2583
2017,VNM,Viet Nam,SAU,Saudi Arabia,Bilateral,constant,USD million,2.568
2018,VNM,Viet Nam,SAU,Saudi Arabia,Bilateral,constant,USD million,0.2339
2021,VNM,Viet Nam,SAU,Saudi Arabia,Bilateral,constant,USD million,0.5263
2022,VNM,Viet Nam,SAU,Saudi Arabia,Bilateral,constant,USD million,15.3713
2023,VNM,Viet Nam,SAU,Saudi Arabia,Bilateral,constant,USD million,13.1956
2024,VNM,Viet Nam,SAU,Saudi Arabia,Bilateral,constant,USD million,7.6759
2025,VNM,Viet Nam,SAU,Saudi Arabia,Bilateral,constant,USD million,4.0878
2023,VNM,Viet Nam,ESP,Spain,Bilateral,constant,USD million,0.0628
2024,VNM,Viet Nam,ESP,Spain,Bilateral,constant,USD million,0.0411
2015,VNM,Viet Nam,SWE,Sweden,Bilateral,constant,USD million,184.629
2016,VNM,Viet Nam,SWE,Sweden,Bilateral,constant,USD million,207.7817
2017,VNM,Viet Nam,SWE,Sweden,Bilateral,constant,USD million,180.3527
2016,VNM,Viet Nam,CHE,Switzerland,Bilateral,constant,USD million,0.7759
2023,VNM,Viet Nam,CHE,Switzerland,Bilateral,constant,USD million,0.9906
2023,YEM,"Yemen, Rep.",CHN,China,Bilateral,constant,USD million,17.1617
2024,YEM,"Yemen, Rep.",CHN,China,Bilateral,constant,USD million,24.1672
2025,YEM,"Yemen, Rep.",CHN,China,Bilateral,constant,USD million,17.3707
2023,YEM,"Yemen, Rep.",FRA,France,Bilateral,constant,USD million,27.2876
2024,YEM,"Yemen, Rep.",FRA,France,Bilateral,constant,USD million,21.1999
2025,YEM,"Yemen, Rep.",FRA,France,Bilateral,constant,USD million,13.7485
2023,YEM,"Yemen, Rep.",KOR,"Korea, Republic of",Bilateral,constant,USD million,5.9735
2024,YEM,"Yemen, Rep.",KOR,"Korea, Republic of",Bilateral,constant,USD million,5.3075
2025,YEM,"Yemen, Rep.",KOR,"Korea, Republic of",Bilateral,constant,USD million,3.7963
2023,YEM,"Yemen, Rep.",KWT,Kuwait,Bilateral,constant,USD million,67.1764
2024,YEM,"Yemen, Rep.",KWT,Kuwait,Bilateral,constant,USD million,86.9044
2025,YEM,"Yemen, Rep.",KWT,Kuwait,Bilateral,constant,USD million,56.8734
2023,YEM,"Yemen, Rep.",SAU,Saudi Arabia,Bilateral,constant,USD million,41.3027
2024,YEM,"Yemen, Rep.",SAU,Saudi Arabia,Bilateral,constant,USD million,14.8799
2025,YEM,"Yemen, Rep.",SAU,Saudi Arabia,Bilateral,constant,USD million,10.2471
2015,ZMB,Zambia,CHN,China,Bilateral,constant,USD million,469.5231
2016,ZMB,Zambia,CHN,China,Bilateral,constant,USD million,590.113
2017,ZMB,Zambia,CHN,China,Bilateral,constant,USD million,322.1563
2018,ZMB,Zambia,CHN,China,Bilateral,constant,USD million,405.4064
2019,ZMB,Zambia,CHN,China,Bilateral,constant,USD million,793.9738
2020,ZMB,Zambia,CHN,China,Bilateral,constant,USD million,420.3746
2021,ZMB,Zambia,CHN,China,Bilateral,constant,USD million,57.3004
2023,ZMB,Zambia,CHN,China,Bilateral,constant,USD million,347.7849
2024,ZMB,Zambia,CHN,China,Bilateral,constant,USD million,615.3288
2025,ZMB,Zambia,CHN,China,Bilateral,constant,USD million,303.2494
2015,ZMB,Zambia,FRA,France,Bilateral,constant,USD million,13.5347
2016,ZMB,Zambia,FRA,France,Bilateral,constant,USD million,28.9306
2017,ZMB,Zambia,FRA,France,Bilateral,constant,USD million,6.8468
2018,ZMB,Zambia,FRA,France,Bilateral,constant,USD million,0.1326
2019,ZMB,Zambia,FRA,France,Bilateral,constant,USD million,2.3229
2021,ZMB,Zambia,FRA,France,Bilateral,constant,USD million,10.7725
2022,ZMB,Zambia,FRA,France,Bilateral,constant,USD million,17.099
2023,ZMB,Zambia,FRA,France,Bilateral,constant,USD million,37.7439
2024,ZMB,Zambia,FRA,France,Bilateral,constant,USD million,20.739
2025,ZMB,Zambia,FRA,France,Bilateral,constant,USD million,8.4109
2015,ZMB,Zambia,IND,India,Bilateral,constant,USD million,10.209
2016,ZMB,Zambia,IND,India,Bilateral,constant,USD million,6.6989
2017,ZMB,Zambia,IND,India,Bilateral,constant,USD million,4.2467
2018,ZMB,Zambia,IND,India,Bilateral,constant,USD million,45.9032
2019,ZMB,Zambia,IND,India,Bilateral,constant,USD million,118.4229
2020,ZMB,Zambia,IND,India,Bilateral,constant,USD million,109.0557
2021,ZMB,Zambia,IND,India,Bilateral,constant,USD million,47.9813
2022,ZMB,Zambia,IND,India,Bilateral,constant,USD million,0.9915
2023,ZMB,Zambia,IND,India,Bilateral,constant,USD million,2.1086
2024,ZMB,Zambia,IND,India,Bilateral,constant,USD million,1.3862
2025,ZMB,Zambia,IND,India,Bilateral,constant,USD million,0.3914
2023,ZMB,Zambia,JPN,Japan,Bilateral,constant,USD million,5.0815
2024,ZMB,Zambia,JPN,Japan,Bilateral,constant,USD million,2.1674
2025,ZMB,Zambia,JPN,Japan,Bilateral,constant,USD million,1.3263
2023,ZMB,Zambia,KOR,"Korea, Republic of",Bilateral,constant,USD million,6.1031
2024,ZMB,Zambia,KOR,"Korea, Republic of",Bilateral,constant,USD million,9.9526
2025,ZMB,Zambia,KOR,"Korea, Republic of",Bilateral,constant,USD million,6.675
2018,ZMB,Zambia,KWT,Kuwait,Bilateral,constant,USD million,11.9527
2020,ZMB,Zambia,KWT,Kuwait,Bilateral,constant,USD million,0.5438
2018,ZMB,Zambia,RUS,Russian Federation,Bilateral,constant,USD million,36.9361
2019,ZMB,Zambia,RUS,Russian Federation,Bilateral,constant,USD million,109.8262
2020,ZMB,Zambia,RUS,Russian Federation,Bilateral,constant,USD million,5.6534
2019,ZMB,Zambia,SAU,Saudi Arabia,Bilateral,constant,USD million,9.9863
2021,ZMB,Zambia,SAU,Saudi Arabia,Bilateral,constant,USD million,4.0757
2023,ZMB,Zambia,SAU,Saudi Arabia,Bilateral,constant,USD million,28.5156
2024,ZMB,Zambia,SAU,Saudi Arabia,Bilateral,constant,USD million,21.994
2025,ZMB,Zambia,SAU,Saudi Arabia,Bilateral,constant,USD million,11.7184
2017,ZMB,Zambia,ZAF,South Africa,Bilateral,constant,USD million,35.127
2018,ZMB,Zambia,ZAF,South Africa,Bilateral,constant,USD million,36.9935
2019,ZMB,Zambia,ZAF,South Africa,Bilateral,constant,USD million,24.177
2020,ZMB,Zambia,ZAF,South Africa,Bilateral,constant,USD million,20.1362
2023,ZMB,Zambia,ARE,United Arab Emirates,Bilateral,constant,USD million,1.9596
2024,ZMB,Zambia,ARE,United Arab Emirates,Bilateral,constant,USD million,3.9219
2025,ZMB,Zambia,ARE,United Arab Emirates,Bilateral,constant,USD million,2.1747
2020,ZMB,Zambia,GBR,United Kingdom,Bilateral,constant,USD million,167.3514
2021,ZMB,Zambia,GBR,United Kingdom,Bilateral,constant,USD million,45.1852
2022,ZMB,Zambia,GBR,United Kingdom,Bilateral,constant,USD million,59.2939
2023,ZMB,Zambia,GBR,United Kingdom,Bilateral,constant,USD million,35.3669
2024,ZMB,Zambia,GBR,United Kingdom,Bilateral,constant,USD million,15.1244
2025,ZMB,Zambia,GBR,United Kingdom,Bilateral,constant,USD million,5.2508
2019,ZMB,Zambia,USA,United States,Bilateral,constant,USD million,54.0811
2015,ZWE,Zimbabwe,BRA,Brazil,Bilateral,constant,USD million,20.131
2023,ZWE,Zimbabwe,BRA,Brazil,Bilateral,constant,USD million,23.7563
2024,ZWE,Zimbabwe,BRA,Brazil,Bilateral,constant,USD million,9.8983
2025,ZWE,Zimbabwe,BRA,Brazil,Bilateral,constant,USD million,4.0834
2015,ZWE,Zimbabwe,CHN,China,Bilateral,constant,USD million,274.1316
2016,ZWE,Zimbabwe,CHN,China,Bilateral,constant,USD million,182.7479
2017,ZWE,Zimbabwe,CHN,China,Bilateral,constant,USD million,66.4074
2018,ZWE,Zimbabwe,CHN,China,Bilateral,constant,USD million,156.9982
2019,ZWE,Zimbabwe,CHN,China,Bilateral,constant,USD million,24.76
2020,ZWE,Zimbabwe,CHN,China,Bilateral,constant,USD million,12.5341
2021,ZWE,Zimbabwe,CHN,China,Bilateral,constant,USD million,111.3389
2022,ZWE,Zimbabwe,CHN,China,Bilateral,constant,USD million,163.4195
2023,ZWE,Zimbabwe,CHN,China,Bilateral,constant,USD million,176.3224
2024,ZWE,Zimbabwe,CHN,China,Bilateral,constant,USD million,75.8029
2025,ZWE,Zimbabwe,CHN,China,Bilateral,constant,USD million,33.1777
2022,ZWE,Zimbabwe,FRA,France,Bilateral,constant,USD million,0.2443
2023,ZWE,Zimbabwe,FRA,France,Bilateral,constant,USD million,1.0425
2024,ZWE,Zimbabwe,FRA,France,Bilateral,constant,USD million,0.3081
2023,ZWE,Zimbabwe,DEU,"Germany, Fed. Rep. of",Bilateral,constant,USD million,3.2511
2024,ZWE,Zimbabwe,DEU,"Germany, Fed. Rep. of",Bilateral,constant,USD million,2.1962
2025,ZWE,Zimbabwe,DEU,"Germany, Fed. Rep. of",Bilateral,constant,USD million,1.507
2017,ZWE,Zimbabwe,IND,India,Bilateral,constant,USD million,9.7673
2018,ZWE,Zimbabwe,IND,India,Bilateral,constant,USD million,12.4863
2019,ZWE,Zimbabwe,IND,India,Bilateral,constant,USD million,9.1756
2020,ZWE,Zimbabwe,IND,India,Bilateral,constant,USD million,3.5598
2021,ZWE,Zimbabwe,IND,India,Bilateral,constant,USD million,2.9904
2022,ZWE,Zimbabwe,IND,India,Bilateral,constant,USD million,10.609
2023,ZWE,Zimbabwe,IND,India,Bilateral,constant,USD million,27.418
2024,ZWE,Zimbabwe,IND,India,Bilateral,constant,USD million,13.0996
2025,ZWE,Zimbabwe,IND,India,Bilateral,constant,USD million,3.5982
2015,ZWE,Zimbabwe,KWT,Kuwait,Bilateral,constant,USD million,2.4389
2016,ZWE,Zimbabwe,KWT,Kuwait,Bilateral,constant,USD million,1.4752
2017,ZWE,Zimbabwe,KWT,Kuwait,Bilateral,constant,USD million,1.3803
2018,ZWE,Zimbabwe,KWT,Kuwait,Bilateral,constant,USD million,2.4245
2019,ZWE,Zimbabwe,KWT,Kuwait,Bilateral,constant,USD million,5.6858
2020,ZWE,Zimbabwe,KWT,Kuwait,Bilateral,constant,USD million,3.1413
2021,ZWE,Zimbabwe,KWT,Kuwait,Bilateral,constant,USD million,1.483
2022,ZWE,Zimbabwe,KWT,Kuwait,Bilateral,constant,USD million,0.6856
2023,ZWE,Zimbabwe,KWT,Kuwait,Bilateral,constant,USD million,4.5359
2024,ZWE,Zimbabwe,KWT,Kuwait,Bilateral,constant,USD million,3.2826
2025,ZWE,Zimbabwe,KWT,Kuwait,Bilateral,constant,USD million,2.2681
