year,iso_code,country,debt_type,prices,units,value
2015,AFG,Afghanistan,Bilateral,constant,USD million,2.2333
2015,AFG,Afghanistan,Multilateral,constant,USD million,25.1831
2015,AGO,Angola,Bilateral,constant,USD million,858.4995
2015,AGO,Angola,Multilateral,constant,USD million,46.573
2015,AGO,Angola,Private,constant,USD million,5607.8967
2015,ALB,Albania,Bilateral,constant,USD million,55.526
2015,ALB,Albania,Multilateral,constant,USD million,125.1598
2015,ALB,Albania,Private,constant,USD million,408.5898
2015,ARG,Argentina,Bilateral,constant,USD million,1102.8601
2015,ARG,Argentina,Multilateral,constant,USD million,2389.9965
2015,ARG,Argentina,Private,constant,USD million,8018.0771
2015,ARM,Armenia,Bilateral,constant,USD million,34.5962
2015,ARM,Armenia,Multilateral,constant,USD million,70.6264
2015,ARM,Armenia,Private,constant,USD million,254.5952
2015,AZE,Azerbaijan,Bilateral,constant,USD million,117.5499
2015,AZE,Azerbaijan,Multilateral,constant,USD million,237.7331
2015,AZE,Azerbaijan,Private,constant,USD million,436.6288
2015,BDI,Burundi,Bilateral,constant,USD million,1.3028
2015,BDI,Burundi,Multilateral,constant,USD million,8.1089
2015,BEN,Benin,Bilateral,constant,USD million,20.2192
2015,BEN,Benin,Multilateral,constant,USD million,49.1081
2015,BFA,Burkina Faso,Bilateral,constant,USD million,32.6258
2015,BFA,Burkina Faso,Multilateral,constant,USD million,60.7552
2015,BFA,Burkina Faso,Private,constant,USD million,4.7851
2015,BGD,Bangladesh,Bilateral,constant,USD million,373.8573
2015,BGD,Bangladesh,Multilateral,constant,USD million,803.7961
2015,BGD,Bangladesh,Private,constant,USD million,117.6982
2015,BGR,Bulgaria,Bilateral,constant,USD million,63.4248
2015,BGR,Bulgaria,Multilateral,constant,USD million,231.4247
2015,BGR,Bulgaria,Private,constant,USD million,104.5638
2015,BIH,Bosnia and Herzegovina,Bilateral,constant,USD million,66.859
2015,BIH,Bosnia and Herzegovina,Multilateral,constant,USD million,282.6862
2015,BIH,Bosnia and Herzegovina,Private,constant,USD million,47.8652
2015,BLR,Belarus,Bilateral,constant,USD million,965.1457
2015,BLR,Belarus,Multilateral,constant,USD million,524.9331
2015,BLR,Belarus,Private,constant,USD million,1773.5424
2015,BLZ,Belize,Bilateral,constant,USD million,19.9675
2015,BLZ,Belize,Multilateral,constant,USD million,30.4257
2015,BLZ,Belize,Private,constant,USD million,26.598
2015,BOL,Bolivia,Bilateral,constant,USD million,186.575
2015,BOL,Bolivia,Multilateral,constant,USD million,283.0918
2015,BOL,Bolivia,Private,constant,USD million,56.3557
2015,BRA,Brazil,Bilateral,constant,USD million,2157.3764
2015,BRA,Brazil,Multilateral,constant,USD million,2321.5607
2015,BRA,Brazil,Private,constant,USD million,24345.8545
2015,BTN,Bhutan,Bilateral,constant,USD million,104.3906
2015,BTN,Bhutan,Multilateral,constant,USD million,15.803
2015,BTN,Bhutan,Private,constant,USD million,7.199
2015,BWA,Botswana,Bilateral,constant,USD million,18.2599
2015,BWA,Botswana,Multilateral,constant,USD million,129.2359
2015,BWA,Botswana,Private,constant,USD million,9.038
2015,CAF,Central African Republic,Bilateral,constant,USD million,2.569
2015,CAF,Central African Republic,Multilateral,constant,USD million,0.8625
2015,CHN,China,Bilateral,constant,USD million,4953.1583
2015,CHN,China,Multilateral,constant,USD million,3422.1218
2015,CHN,China,Private,constant,USD million,26246.5422
2015,CIV,Cote d'Ivoire,Bilateral,constant,USD million,102.9779
2015,CIV,Cote d'Ivoire,Multilateral,constant,USD million,55.2297
2015,CIV,Cote d'Ivoire,Private,constant,USD million,239.8674
2015,CMR,Cameroon,Bilateral,constant,USD million,289.392
2015,CMR,Cameroon,Multilateral,constant,USD million,55.3838
2015,CMR,Cameroon,Private,constant,USD million,40.6776
2015,COD,"Congo, Dem. Rep.",Bilateral,constant,USD million,119.9554
2015,COD,"Congo, Dem. Rep.",Multilateral,constant,USD million,173.7206
2015,COD,"Congo, Dem. Rep.",Private,constant,USD million,11.3224
2015,COG,"Congo, Rep.",Bilateral,constant,USD million,207.8856
2015,COG,"Congo, Rep.",Multilateral,constant,USD million,6.3836
2015,COG,"Congo, Rep.",Private,constant,USD million,190.534
2015,COL,Colombia,Bilateral,constant,USD million,259.6512
2015,COL,Colombia,Multilateral,constant,USD million,1760.635
2015,COL,Colombia,Private,constant,USD million,2837.2395
2015,COM,Comoros,Bilateral,constant,USD million,4.9227
2015,COM,Comoros,Multilateral,constant,USD million,2.1343
2015,CPV,Cabo Verde,Bilateral,constant,USD million,10.254
2015,CPV,Cabo Verde,Multilateral,constant,USD million,23.9202
2015,CPV,Cabo Verde,Private,constant,USD million,7.3355
2015,CRI,Costa Rica,Bilateral,constant,USD million,55.3742
2015,CRI,Costa Rica,Multilateral,constant,USD million,248.838
2015,CRI,Costa Rica,Private,constant,USD million,837.041
2015,DJI,Djibouti,Bilateral,constant,USD million,17.151
2015,DJI,Djibouti,Multilateral,constant,USD million,22.7384
2015,DJI,Djibouti,Private,constant,USD million,2.7751
2015,DMA,Dominica,Bilateral,constant,USD million,6.4137
2015,DMA,Dominica,Multilateral,constant,USD million,10.334
2015,DMA,Dominica,Private,constant,USD million,4.3688
2015,DOM,Dominican Republic,Bilateral,constant,USD million,2210.4073
2015,DOM,Dominican Republic,Multilateral,constant,USD million,305.3525
2015,DOM,Dominican Republic,Private,constant,USD million,1015.6804
2015,DZA,Algeria,Bilateral,constant,USD million,130.1103
2015,DZA,Algeria,Multilateral,constant,USD million,0.479
2015,DZA,Algeria,Private,constant,USD million,57.3574
2015,ECU,Ecuador,Bilateral,constant,USD million,1115.1935
2015,ECU,Ecuador,Multilateral,constant,USD million,636.0201
2015,ECU,Ecuador,Private,constant,USD million,1421.2307
2015,EGY,"Egypt, Arab Rep.",Bilateral,constant,USD million,2250.5885
2015,EGY,"Egypt, Arab Rep.",Multilateral,constant,USD million,1048.5305
2015,EGY,"Egypt, Arab Rep.",Private,constant,USD million,277.2475
2015,ERI,Eritrea,Bilateral,constant,USD million,27.5366
2015,ERI,Eritrea,Multilateral,constant,USD million,5.0342
2015,ETH,Ethiopia,Bilateral,constant,USD million,292.2859
2015,ETH,Ethiopia,Multilateral,constant,USD million,100.8224
2015,ETH,Ethiopia,Private,constant,USD million,665.8256
2015,FJI,Fiji,Bilateral,constant,USD million,33.5593
2015,FJI,Fiji,Multilateral,constant,USD million,9.737
2015,FJI,Fiji,Private,constant,USD million,272.206
2015,GAB,Gabon,Bilateral,constant,USD million,54.2325
2015,GAB,Gabon,Multilateral,constant,USD million,53.7878
2015,GAB,Gabon,Private,constant,USD million,358.737
2015,GEO,Georgia,Bilateral,constant,USD million,61.1516
2015,GEO,Georgia,Multilateral,constant,USD million,100.2905
2015,GEO,Georgia,Private,constant,USD million,439.444
2015,GHA,Ghana,Bilateral,constant,USD million,300.5599
2015,GHA,Ghana,Multilateral,constant,USD million,81.1771
2015,GHA,Ghana,Private,constant,USD million,549.9707
2015,GIN,Guinea,Bilateral,constant,USD million,13.7265
2015,GIN,Guinea,Multilateral,constant,USD million,31.7321
2015,GMB,"Gambia, The",Bilateral,constant,USD million,12.9906
2015,GMB,"Gambia, The",Multilateral,constant,USD million,20.4049
2015,GMB,"Gambia, The",Private,constant,USD million,1.8663
2015,GNB,Guinea-Bissau,Bilateral,constant,USD million,0.8589
2015,GNB,Guinea-Bissau,Multilateral,constant,USD million,3.096
2015,GNB,Guinea-Bissau,Private,constant,USD million,0.851
2015,GRD,Grenada,Bilateral,constant,USD million,6.6484
2015,GRD,Grenada,Multilateral,constant,USD million,14.5516
2015,GRD,Grenada,Private,constant,USD million,1.069
2015,GTM,Guatemala,Bilateral,constant,USD million,24.9963
2015,GTM,Guatemala,Multilateral,constant,USD million,541.7012
2015,GTM,Guatemala,Private,constant,USD million,71.2539
2015,GUY,Guyana,Bilateral,constant,USD million,16.1305
2015,GUY,Guyana,Multilateral,constant,USD million,29.4744
2015,GUY,Guyana,Private,constant,USD million,0.0
2015,HND,Honduras,Bilateral,constant,USD million,45.5086
2015,HND,Honduras,Multilateral,constant,USD million,184.1156
2015,HND,Honduras,Private,constant,USD million,101.7742
2015,HTI,Haiti,Bilateral,constant,USD million,32.613
2015,HTI,Haiti,Multilateral,constant,USD million,0.7809
2015,HTI,Haiti,Private,constant,USD million,1.523
2015,IDN,Indonesia,Bilateral,constant,USD million,3832.0499
2015,IDN,Indonesia,Multilateral,constant,USD million,1625.8038
2015,IDN,Indonesia,Private,constant,USD million,8770.6174
2015,IND,India,Bilateral,constant,USD million,1838.4443
2015,IND,India,Multilateral,constant,USD million,3500.047
2015,IND,India,Private,constant,USD million,8334.0438
2015,IRN,"Iran, Islamic Rep.",Bilateral,constant,USD million,174.7871
2015,IRN,"Iran, Islamic Rep.",Multilateral,constant,USD million,87.2171
2015,IRN,"Iran, Islamic Rep.",Private,constant,USD million,428.1
2015,IRQ,Iraq,Bilateral,constant,USD million,1079.1951
2015,IRQ,Iraq,Multilateral,constant,USD million,46.5972
2015,IRQ,Iraq,Private,constant,USD million,157.893
2015,JAM,Jamaica,Bilateral,constant,USD million,66.2682
2015,JAM,Jamaica,Multilateral,constant,USD million,189.2589
2015,JAM,Jamaica,Private,constant,USD million,878.2267
2015,JOR,Jordan,Bilateral,constant,USD million,220.5197
2015,JOR,Jordan,Multilateral,constant,USD million,634.3433
2015,JOR,Jordan,Private,constant,USD million,940.0291
2015,KAZ,Kazakhstan,Bilateral,constant,USD million,57.5502
2015,KAZ,Kazakhstan,Multilateral,constant,USD million,330.3499
2015,KAZ,Kazakhstan,Private,constant,USD million,475.569
2015,KEN,Kenya,Bilateral,constant,USD million,264.5891
2015,KEN,Kenya,Multilateral,constant,USD million,193.003
2015,KEN,Kenya,Private,constant,USD million,222.3082
2015,KGZ,Kyrgyz Republic,Bilateral,constant,USD million,58.625
2015,KGZ,Kyrgyz Republic,Multilateral,constant,USD million,58.7063
2015,KHM,Cambodia,Bilateral,constant,USD million,68.5506
2015,KHM,Cambodia,Multilateral,constant,USD million,68.0811
2015,LAO,Lao PDR,Bilateral,constant,USD million,149.3552
2015,LAO,Lao PDR,Multilateral,constant,USD million,86.1974
2015,LAO,Lao PDR,Private,constant,USD million,13.4752
2015,LBN,Lebanon,Bilateral,constant,USD million,175.2564
2015,LBN,Lebanon,Multilateral,constant,USD million,170.2586
2015,LBN,Lebanon,Private,constant,USD million,3564.477
2015,LBR,Liberia,Bilateral,constant,USD million,1.7936
2015,LBR,Liberia,Multilateral,constant,USD million,3.351
2015,LCA,St. Lucia,Bilateral,constant,USD million,4.3929
2015,LCA,St. Lucia,Multilateral,constant,USD million,21.6579
2015,LCA,St. Lucia,Private,constant,USD million,40.0483
2015,LKA,Sri Lanka,Bilateral,constant,USD million,792.9532
2015,LKA,Sri Lanka,Multilateral,constant,USD million,319.4174
2015,LKA,Sri Lanka,Private,constant,USD million,1336.082
2015,LSO,Lesotho,Bilateral,constant,USD million,9.1606
2015,LSO,Lesotho,Multilateral,constant,USD million,36.7742
2015,LSO,Lesotho,Private,constant,USD million,5.6537
2015,MAR,Morocco,Bilateral,constant,USD million,737.6794
2015,MAR,Morocco,Multilateral,constant,USD million,1188.9814
2015,MAR,Morocco,Private,constant,USD million,623.5937
2015,MDA,Moldova,Bilateral,constant,USD million,10.6356
2015,MDA,Moldova,Multilateral,constant,USD million,38.1873
2015,MDA,Moldova,Private,constant,USD million,6.7387
2015,MDG,Madagascar,Bilateral,constant,USD million,67.3107
2015,MDG,Madagascar,Multilateral,constant,USD million,43.1229
2015,MDG,Madagascar,Private,constant,USD million,9.6431
2015,MDV,Maldives,Bilateral,constant,USD million,56.4034
2015,MDV,Maldives,Multilateral,constant,USD million,19.164
2015,MDV,Maldives,Private,constant,USD million,19.3677
2015,MEX,Mexico,Bilateral,constant,USD million,615.0661
2015,MEX,Mexico,Multilateral,constant,USD million,1461.672
2015,MEX,Mexico,Private,constant,USD million,24107.724
2015,MKD,North Macedonia,Bilateral,constant,USD million,22.9378
2015,MKD,North Macedonia,Multilateral,constant,USD million,147.235
2015,MKD,North Macedonia,Private,constant,USD million,234.1546
2015,MLI,Mali,Bilateral,constant,USD million,49.5914
2015,MLI,Mali,Multilateral,constant,USD million,54.5149
2015,MLI,Mali,Private,constant,USD million,0.5947
2015,MMR,Myanmar,Bilateral,constant,USD million,303.6055
2015,MMR,Myanmar,Multilateral,constant,USD million,58.7236
2015,MMR,Myanmar,Private,constant,USD million,119.8553
2015,MNE,Montenegro,Bilateral,constant,USD million,43.0505
2015,MNE,Montenegro,Multilateral,constant,USD million,71.7728
2015,MNE,Montenegro,Private,constant,USD million,360.6111
2015,MNG,Mongolia,Bilateral,constant,USD million,37.044
2015,MNG,Mongolia,Multilateral,constant,USD million,44.3389
2015,MNG,Mongolia,Private,constant,USD million,74.6194
2015,MOZ,Mozambique,Bilateral,constant,USD million,87.387
2015,MOZ,Mozambique,Multilateral,constant,USD million,79.8156
2015,MOZ,Mozambique,Private,constant,USD million,243.7894
2015,MRT,Mauritania,Bilateral,constant,USD million,78.0673
2015,MRT,Mauritania,Multilateral,constant,USD million,157.5756
2015,MUS,Mauritius,Bilateral,constant,USD million,64.2011
2015,MUS,Mauritius,Multilateral,constant,USD million,47.2792
2015,MUS,Mauritius,Private,constant,USD million,7.1871
2015,MWI,Malawi,Bilateral,constant,USD million,19.7335
2015,MWI,Malawi,Multilateral,constant,USD million,24.2804
2015,MWI,Malawi,Private,constant,USD million,1.9285
2015,NER,Niger,Bilateral,constant,USD million,30.9043
2015,NER,Niger,Multilateral,constant,USD million,46.424
2015,NGA,Nigeria,Bilateral,constant,USD million,195.248
2015,NGA,Nigeria,Multilateral,constant,USD million,153.1839
2015,NGA,Nigeria,Private,constant,USD million,48.75
2015,NIC,Nicaragua,Bilateral,constant,USD million,24.8256
2015,NIC,Nicaragua,Multilateral,constant,USD million,106.848
2015,NIC,Nicaragua,Private,constant,USD million,0.7603
2015,NPL,Nepal,Bilateral,constant,USD million,31.3429
2015,NPL,Nepal,Multilateral,constant,USD million,165.6556
2015,NPL,Nepal,Private,constant,USD million,0.4139
2015,PAK,Pakistan,Bilateral,constant,USD million,900.2091
2015,PAK,Pakistan,Multilateral,constant,USD million,1415.9639
2015,PAK,Pakistan,Private,constant,USD million,856.703
2015,PER,Peru,Bilateral,constant,USD million,241.8584
2015,PER,Peru,Multilateral,constant,USD million,530.4662
2015,PER,Peru,Private,constant,USD million,945.002
2015,PHL,Philippines,Bilateral,constant,USD million,885.837
2015,PHL,Philippines,Multilateral,constant,USD million,766.7009
2015,PHL,Philippines,Private,constant,USD million,3931.6995
2015,PNG,Papua New Guinea,Bilateral,constant,USD million,25.5441
2015,PNG,Papua New Guinea,Multilateral,constant,USD million,61.3993
2015,PNG,Papua New Guinea,Private,constant,USD million,0.41
2015,PRY,Paraguay,Bilateral,constant,USD million,50.8303
2015,PRY,Paraguay,Multilateral,constant,USD million,169.2597
2015,PRY,Paraguay,Private,constant,USD million,97.835
2015,RUS,Russian Federation,Bilateral,constant,USD million,227.5433
2015,RUS,Russian Federation,Multilateral,constant,USD million,281.5691
2015,RUS,Russian Federation,Private,constant,USD million,46644.3225
2015,RWA,Rwanda,Bilateral,constant,USD million,7.3537
2015,RWA,Rwanda,Multilateral,constant,USD million,22.7202
2015,RWA,Rwanda,Private,constant,USD million,26.5
2015,SDN,Sudan,Bilateral,constant,USD million,260.9492
2015,SDN,Sudan,Multilateral,constant,USD million,253.2143
2015,SEN,Senegal,Bilateral,constant,USD million,84.5978
2015,SEN,Senegal,Multilateral,constant,USD million,82.4771
2015,SEN,Senegal,Private,constant,USD million,73.0484
2015,SLB,Solomon Islands,Bilateral,constant,USD million,1.59
2015,SLB,Solomon Islands,Multilateral,constant,USD million,4.8612
2015,SLE,Sierra Leone,Bilateral,constant,USD million,6.4913
2015,SLE,Sierra Leone,Multilateral,constant,USD million,15.0505
2015,SLV,El Salvador,Bilateral,constant,USD million,46.4567
2015,SLV,El Salvador,Multilateral,constant,USD million,472.7238
2015,SLV,El Salvador,Private,constant,USD million,380.4224
2015,SOM,Somalia,Multilateral,constant,USD million,0.0
2015,SRB,Serbia,Bilateral,constant,USD million,364.9731
2015,SRB,Serbia,Multilateral,constant,USD million,561.2238
2015,SRB,Serbia,Private,constant,USD million,494.7032
2015,STP,Sao Tome and Principe,Bilateral,constant,USD million,0.7456
2015,STP,Sao Tome and Principe,Multilateral,constant,USD million,1.0078
2015,SUR,Suriname,Bilateral,constant,USD million,30.4586
2015,SUR,Suriname,Multilateral,constant,USD million,17.6595
2015,SUR,Suriname,Private,constant,USD million,4.243
2015,SWZ,Eswatini,Bilateral,constant,USD million,12.5145
2015,SWZ,Eswatini,Multilateral,constant,USD million,18.5369
2015,SWZ,Eswatini,Private,constant,USD million,2.821
2015,SYR,Syrian Arab Republic,Multilateral,constant,USD million,0.0
2015,TCD,Chad,Bilateral,constant,USD million,16.841
2015,TCD,Chad,Multilateral,constant,USD million,36.827
2015,TCD,Chad,Private,constant,USD million,46.543
2015,TGO,Togo,Bilateral,constant,USD million,14.7313
2015,TGO,Togo,Multilateral,constant,USD million,17.3877
2015,TGO,Togo,Private,constant,USD million,11.4198
2015,THA,Thailand,Bilateral,constant,USD million,360.4041
2015,THA,Thailand,Multilateral,constant,USD million,52.844
2015,THA,Thailand,Private,constant,USD million,1720.7469
2015,TJK,Tajikistan,Bilateral,constant,USD million,82.9132
2015,TJK,Tajikistan,Multilateral,constant,USD million,42.8713
2015,TJK,Tajikistan,Private,constant,USD million,0.3196
2015,TKM,Turkmenistan,Bilateral,constant,USD million,1446.3381
2015,TKM,Turkmenistan,Multilateral,constant,USD million,9.3697
2015,TLS,Timor-Leste,Multilateral,constant,USD million,0.302
2015,TON,Tonga,Bilateral,constant,USD million,2.978
2015,TON,Tonga,Multilateral,constant,USD million,3.3217
2015,TON,Tonga,Private,constant,USD million,0.1302
2015,TUN,Tunisia,Bilateral,constant,USD million,356.978
2015,TUN,Tunisia,Multilateral,constant,USD million,979.8451
2015,TUN,Tunisia,Private,constant,USD million,250.4113
2015,TUR,Turkiye,Bilateral,constant,USD million,568.8243
2015,TUR,Turkiye,Multilateral,constant,USD million,1824.7825
2015,TUR,Turkiye,Private,constant,USD million,8537.2843
2015,TZA,Tanzania,Bilateral,constant,USD million,74.3388
2015,TZA,Tanzania,Multilateral,constant,USD million,97.0275
2015,TZA,Tanzania,Private,constant,USD million,174.4144
2015,UGA,Uganda,Bilateral,constant,USD million,22.1965
2015,UGA,Uganda,Multilateral,constant,USD million,64.1229
2015,UKR,Ukraine,Bilateral,constant,USD million,92.876
2015,UKR,Ukraine,Multilateral,constant,USD million,1548.735
2015,UKR,Ukraine,Private,constant,USD million,13306.232
2015,UZB,Uzbekistan,Bilateral,constant,USD million,177.0574
2015,UZB,Uzbekistan,Multilateral,constant,USD million,148.7882
2015,UZB,Uzbekistan,Private,constant,USD million,32.3363
2015,VCT,St. Vincent and the Grenadines,Bilateral,constant,USD million,2.0494
2015,VCT,St. Vincent and the Grenadines,Multilateral,constant,USD million,23.0609
2015,VCT,St. Vincent and the Grenadines,Private,constant,USD million,7.3553
2015,VNM,Viet Nam,Bilateral,constant,USD million,1307.0566
2015,VNM,Viet Nam,Multilateral,constant,USD million,481.8583
2015,VNM,Viet Nam,Private,constant,USD million,1043.8598
2015,VUT,Vanuatu,Bilateral,constant,USD million,3.8005
2015,VUT,Vanuatu,Multilateral,constant,USD million,2.488
2015,WSM,Samoa,Bilateral,constant,USD million,9.3462
2015,WSM,Samoa,Multilateral,constant,USD million,10.0125
2015,XKX,Kosovo,Bilateral,constant,USD million,2.4866
2015,XKX,Kosovo,Multilateral,constant,USD million,21.34
2015,XKX,Kosovo,Private,constant,USD million,0.02
2015,YEM,"Yemen, Rep.",Bilateral,constant,USD million,84.0205
2015,YEM,"Yemen, Rep.",Multilateral,constant,USD million,272.0174
2015,ZAF,South Africa,Bilateral,constant,USD million,8.7134
2015,ZAF,South Africa,Multilateral,constant,USD million,377.7605
2015,ZAF,South Africa,Private,constant,USD million,15501.9305
2015,ZMB,Zambia,Bilateral,constant,USD million,145.8122
2015,ZMB,Zambia,Multilateral,constant,USD million,28.767
2015,ZMB,Zambia,Private,constant,USD million,170.181
2015,ZWE,Zimbabwe,Bilateral,constant,USD million,85.4724
2015,ZWE,Zimbabwe,Multilateral,constant,USD million,67.4225
2015,ZWE,Zimbabwe,Private,constant,USD million,4.157
2016,AFG,Afghanistan,Bilateral,constant,USD million,3.5891
2016,AFG,Afghanistan,Multilateral,constant,USD million,30.8316
2016,AGO,Angola,Bilateral,constant,USD million,1721.1568
2016,AGO,Angola,Multilateral,constant,USD million,68.9224
2016,AGO,Angola,Private,constant,USD million,8732.5094
2016,ALB,Albania,Bilateral,constant,USD million,72.328
2016,ALB,Albania,Multilateral,constant,USD million,132.524
2016,ALB,Albania,Private,constant,USD million,67.8656
2016,ARG,Argentina,Bilateral,constant,USD million,1834.1442
2016,ARG,Argentina,Multilateral,constant,USD million,2841.5355
2016,ARG,Argentina,Private,constant,USD million,15286.548
2016,ARM,Armenia,Bilateral,constant,USD million,38.2671
2016,ARM,Armenia,Multilateral,constant,USD million,90.7941
2016,ARM,Armenia,Private,constant,USD million,67.2982
2016,AZE,Azerbaijan,Bilateral,constant,USD million,183.8241
2016,AZE,Azerbaijan,Multilateral,constant,USD million,425.4248
2016,AZE,Azerbaijan,Private,constant,USD million,742.093
2016,BDI,Burundi,Bilateral,constant,USD million,6.8502
2016,BDI,Burundi,Multilateral,constant,USD million,9.0726
2016,BEN,Benin,Bilateral,constant,USD million,22.914
2016,BEN,Benin,Multilateral,constant,USD million,65.241
2016,BFA,Burkina Faso,Bilateral,constant,USD million,29.0347
2016,BFA,Burkina Faso,Multilateral,constant,USD million,70.5478
2016,BFA,Burkina Faso,Private,constant,USD million,4.2085
2016,BGD,Bangladesh,Bilateral,constant,USD million,234.8945
2016,BGD,Bangladesh,Multilateral,constant,USD million,825.322
2016,BGD,Bangladesh,Private,constant,USD million,99.1543
2016,BGR,Bulgaria,Bilateral,constant,USD million,64.9072
2016,BGR,Bulgaria,Multilateral,constant,USD million,263.9009
2016,BGR,Bulgaria,Private,constant,USD million,176.6618
2016,BIH,Bosnia and Herzegovina,Bilateral,constant,USD million,46.5524
2016,BIH,Bosnia and Herzegovina,Multilateral,constant,USD million,228.0456
2016,BIH,Bosnia and Herzegovina,Private,constant,USD million,53.5952
2016,BLR,Belarus,Bilateral,constant,USD million,1344.5617
2016,BLR,Belarus,Multilateral,constant,USD million,690.2975
2016,BLR,Belarus,Private,constant,USD million,1485.5115
2016,BLZ,Belize,Bilateral,constant,USD million,24.0142
2016,BLZ,Belize,Multilateral,constant,USD million,33.2928
2016,BLZ,Belize,Private,constant,USD million,25.7837
2016,BOL,Bolivia,Bilateral,constant,USD million,65.1623
2016,BOL,Bolivia,Multilateral,constant,USD million,348.9183
2016,BOL,Bolivia,Private,constant,USD million,56.6946
2016,BRA,Brazil,Bilateral,constant,USD million,2054.6308
2016,BRA,Brazil,Multilateral,constant,USD million,2462.6061
2016,BRA,Brazil,Private,constant,USD million,19244.9722
2016,BTN,Bhutan,Bilateral,constant,USD million,53.3524
2016,BTN,Bhutan,Multilateral,constant,USD million,17.6769
2016,BTN,Bhutan,Private,constant,USD million,7.1236
2016,BWA,Botswana,Bilateral,constant,USD million,16.4565
2016,BWA,Botswana,Multilateral,constant,USD million,128.3993
2016,BWA,Botswana,Private,constant,USD million,8.8111
2016,CAF,Central African Republic,Bilateral,constant,USD million,4.2481
2016,CAF,Central African Republic,Multilateral,constant,USD million,1.4244
2016,CHN,China,Bilateral,constant,USD million,4787.8132
2016,CHN,China,Multilateral,constant,USD million,3780.1607
2016,CHN,China,Private,constant,USD million,11009.16
2016,CIV,Cote d'Ivoire,Bilateral,constant,USD million,664.8266
2016,CIV,Cote d'Ivoire,Multilateral,constant,USD million,64.6465
2016,CIV,Cote d'Ivoire,Private,constant,USD million,325.97
2016,CMR,Cameroon,Bilateral,constant,USD million,287.5162
2016,CMR,Cameroon,Multilateral,constant,USD million,49.9349
2016,CMR,Cameroon,Private,constant,USD million,105.858
2016,COD,"Congo, Dem. Rep.",Bilateral,constant,USD million,108.4744
2016,COD,"Congo, Dem. Rep.",Multilateral,constant,USD million,251.0679
2016,COD,"Congo, Dem. Rep.",Private,constant,USD million,12.3091
2016,COG,"Congo, Rep.",Bilateral,constant,USD million,233.5895
2016,COG,"Congo, Rep.",Multilateral,constant,USD million,4.8523
2016,COG,"Congo, Rep.",Private,constant,USD million,128.5067
2016,COL,Colombia,Bilateral,constant,USD million,426.5252
2016,COL,Colombia,Multilateral,constant,USD million,1959.0727
2016,COL,Colombia,Private,constant,USD million,3806.2721
2016,COM,Comoros,Bilateral,constant,USD million,1.3332
2016,COM,Comoros,Multilateral,constant,USD million,3.1369
2016,CPV,Cabo Verde,Bilateral,constant,USD million,10.09
2016,CPV,Cabo Verde,Multilateral,constant,USD million,25.2636
2016,CPV,Cabo Verde,Private,constant,USD million,7.6398
2016,CRI,Costa Rica,Bilateral,constant,USD million,50.9577
2016,CRI,Costa Rica,Multilateral,constant,USD million,255.7192
2016,CRI,Costa Rica,Private,constant,USD million,736.9301
2016,DJI,Djibouti,Bilateral,constant,USD million,29.7398
2016,DJI,Djibouti,Multilateral,constant,USD million,25.7238
2016,DJI,Djibouti,Private,constant,USD million,0.6928
2016,DMA,Dominica,Bilateral,constant,USD million,8.9691
2016,DMA,Dominica,Multilateral,constant,USD million,11.1177
2016,DMA,Dominica,Private,constant,USD million,4.3501
2016,DOM,Dominican Republic,Bilateral,constant,USD million,274.2619
2016,DOM,Dominican Republic,Multilateral,constant,USD million,331.2266
2016,DOM,Dominican Republic,Private,constant,USD million,1183.0036
2016,DZA,Algeria,Bilateral,constant,USD million,124.4668
2016,DZA,Algeria,Multilateral,constant,USD million,0.4827
2016,DZA,Algeria,Private,constant,USD million,53.7946
2016,ECU,Ecuador,Bilateral,constant,USD million,1163.1467
2016,ECU,Ecuador,Multilateral,constant,USD million,666.2958
2016,ECU,Ecuador,Private,constant,USD million,1193.0125
2016,EGY,"Egypt, Arab Rep.",Bilateral,constant,USD million,3457.364
2016,EGY,"Egypt, Arab Rep.",Multilateral,constant,USD million,1140.326
2016,EGY,"Egypt, Arab Rep.",Private,constant,USD million,1774.917
2016,ERI,Eritrea,Bilateral,constant,USD million,21.787
2016,ERI,Eritrea,Multilateral,constant,USD million,4.4995
2016,ETH,Ethiopia,Bilateral,constant,USD million,338.3008
2016,ETH,Ethiopia,Multilateral,constant,USD million,105.2266
2016,ETH,Ethiopia,Private,constant,USD million,659.9884
2016,FJI,Fiji,Bilateral,constant,USD million,39.1627
2016,FJI,Fiji,Multilateral,constant,USD million,10.3186
2016,FJI,Fiji,Private,constant,USD million,19.855
2016,GAB,Gabon,Bilateral,constant,USD million,78.0354
2016,GAB,Gabon,Multilateral,constant,USD million,39.9663
2016,GAB,Gabon,Private,constant,USD million,265.4992
2016,GEO,Georgia,Bilateral,constant,USD million,68.0427
2016,GEO,Georgia,Multilateral,constant,USD million,116.7718
2016,GEO,Georgia,Private,constant,USD million,231.8973
2016,GHA,Ghana,Bilateral,constant,USD million,504.2465
2016,GHA,Ghana,Multilateral,constant,USD million,83.8269
2016,GHA,Ghana,Private,constant,USD million,774.4441
2016,GIN,Guinea,Bilateral,constant,USD million,25.6817
2016,GIN,Guinea,Multilateral,constant,USD million,38.067
2016,GMB,"Gambia, The",Bilateral,constant,USD million,11.6297
2016,GMB,"Gambia, The",Multilateral,constant,USD million,19.6199
2016,GMB,"Gambia, The",Private,constant,USD million,1.691
2016,GNB,Guinea-Bissau,Bilateral,constant,USD million,0.8373
2016,GNB,Guinea-Bissau,Multilateral,constant,USD million,3.1257
2016,GNB,Guinea-Bissau,Private,constant,USD million,1.2854
2016,GRD,Grenada,Bilateral,constant,USD million,4.9322
2016,GRD,Grenada,Multilateral,constant,USD million,15.7744
2016,GRD,Grenada,Private,constant,USD million,24.8653
2016,GTM,Guatemala,Bilateral,constant,USD million,27.7096
2016,GTM,Guatemala,Multilateral,constant,USD million,535.6459
2016,GTM,Guatemala,Private,constant,USD million,118.5219
2016,GUY,Guyana,Bilateral,constant,USD million,17.2068
2016,GUY,Guyana,Multilateral,constant,USD million,31.9913
2016,GUY,Guyana,Private,constant,USD million,0.0605
2016,HND,Honduras,Bilateral,constant,USD million,45.078
2016,HND,Honduras,Multilateral,constant,USD million,224.5182
2016,HND,Honduras,Private,constant,USD million,128.0989
2016,HTI,Haiti,Bilateral,constant,USD million,89.612
2016,HTI,Haiti,Multilateral,constant,USD million,1.8821
2016,HTI,Haiti,Private,constant,USD million,1.6453
2016,IDN,Indonesia,Bilateral,constant,USD million,3828.2322
2016,IDN,Indonesia,Multilateral,constant,USD million,1785.6878
2016,IDN,Indonesia,Private,constant,USD million,9900.5377
2016,IND,India,Bilateral,constant,USD million,1904.7306
2016,IND,India,Multilateral,constant,USD million,3973.9792
2016,IND,India,Private,constant,USD million,16525.8622
2016,IRN,"Iran, Islamic Rep.",Bilateral,constant,USD million,117.4137
2016,IRN,"Iran, Islamic Rep.",Multilateral,constant,USD million,86.3478
2016,IRN,"Iran, Islamic Rep.",Private,constant,USD million,1756.7652
2016,IRQ,Iraq,Bilateral,constant,USD million,1267.4168
2016,IRQ,Iraq,Multilateral,constant,USD million,81.473
2016,IRQ,Iraq,Private,constant,USD million,192.7153
2016,JAM,Jamaica,Bilateral,constant,USD million,101.6358
2016,JAM,Jamaica,Multilateral,constant,USD million,241.7153
2016,JAM,Jamaica,Private,constant,USD million,1433.1086
2016,JOR,Jordan,Bilateral,constant,USD million,221.0525
2016,JOR,Jordan,Multilateral,constant,USD million,281.7667
2016,JOR,Jordan,Private,constant,USD million,1320.354
2016,KAZ,Kazakhstan,Bilateral,constant,USD million,92.2947
2016,KAZ,Kazakhstan,Multilateral,constant,USD million,625.5286
2016,KAZ,Kazakhstan,Private,constant,USD million,950.2211
2016,KEN,Kenya,Bilateral,constant,USD million,313.9326
2016,KEN,Kenya,Multilateral,constant,USD million,195.411
2016,KEN,Kenya,Private,constant,USD million,246.4664
2016,KGZ,Kyrgyz Republic,Bilateral,constant,USD million,68.3097
2016,KGZ,Kyrgyz Republic,Multilateral,constant,USD million,67.7538
2016,KHM,Cambodia,Bilateral,constant,USD million,108.7705
2016,KHM,Cambodia,Multilateral,constant,USD million,74.1672
2016,LAO,Lao PDR,Bilateral,constant,USD million,174.7538
2016,LAO,Lao PDR,Multilateral,constant,USD million,86.4396
2016,LAO,Lao PDR,Private,constant,USD million,101.9557
2016,LBN,Lebanon,Bilateral,constant,USD million,170.2211
2016,LBN,Lebanon,Multilateral,constant,USD million,144.8179
2016,LBN,Lebanon,Private,constant,USD million,3992.9022
2016,LBR,Liberia,Bilateral,constant,USD million,1.3218
2016,LBR,Liberia,Multilateral,constant,USD million,3.0558
2016,LCA,St. Lucia,Bilateral,constant,USD million,4.3863
2016,LCA,St. Lucia,Multilateral,constant,USD million,21.0909
2016,LCA,St. Lucia,Private,constant,USD million,18.9915
2016,LKA,Sri Lanka,Bilateral,constant,USD million,907.4009
2016,LKA,Sri Lanka,Multilateral,constant,USD million,351.3601
2016,LKA,Sri Lanka,Private,constant,USD million,884.9781
2016,LSO,Lesotho,Bilateral,constant,USD million,9.4025
2016,LSO,Lesotho,Multilateral,constant,USD million,44.9884
2016,LSO,Lesotho,Private,constant,USD million,0.8767
2016,MAR,Morocco,Bilateral,constant,USD million,878.5013
2016,MAR,Morocco,Multilateral,constant,USD million,1435.7277
2016,MAR,Morocco,Private,constant,USD million,699.164
2016,MDA,Moldova,Bilateral,constant,USD million,11.7199
2016,MDA,Moldova,Multilateral,constant,USD million,37.7207
2016,MDA,Moldova,Private,constant,USD million,2.7618
2016,MDG,Madagascar,Bilateral,constant,USD million,40.933
2016,MDG,Madagascar,Multilateral,constant,USD million,46.9998
2016,MDG,Madagascar,Private,constant,USD million,7.6335
2016,MDV,Maldives,Bilateral,constant,USD million,60.2318
2016,MDV,Maldives,Multilateral,constant,USD million,21.1156
2016,MDV,Maldives,Private,constant,USD million,16.0888
2016,MEX,Mexico,Bilateral,constant,USD million,783.9181
2016,MEX,Mexico,Multilateral,constant,USD million,2236.5248
2016,MEX,Mexico,Private,constant,USD million,42266.3133
2016,MKD,North Macedonia,Bilateral,constant,USD million,27.7366
2016,MKD,North Macedonia,Multilateral,constant,USD million,144.5029
2016,MKD,North Macedonia,Private,constant,USD million,210.5643
2016,MLI,Mali,Bilateral,constant,USD million,44.7941
2016,MLI,Mali,Multilateral,constant,USD million,73.8679
2016,MLI,Mali,Private,constant,USD million,0.3372
2016,MMR,Myanmar,Bilateral,constant,USD million,463.4958
2016,MMR,Myanmar,Multilateral,constant,USD million,66.6757
2016,MMR,Myanmar,Private,constant,USD million,268.5665
2016,MNE,Montenegro,Bilateral,constant,USD million,45.7082
2016,MNE,Montenegro,Multilateral,constant,USD million,66.2344
2016,MNE,Montenegro,Private,constant,USD million,330.4385
2016,MNG,Mongolia,Bilateral,constant,USD million,70.7205
2016,MNG,Mongolia,Multilateral,constant,USD million,49.8929
2016,MNG,Mongolia,Private,constant,USD million,86.6215
2016,MOZ,Mozambique,Bilateral,constant,USD million,147.8947
2016,MOZ,Mozambique,Multilateral,constant,USD million,120.9404
2016,MOZ,Mozambique,Private,constant,USD million,179.927
2016,MRT,Mauritania,Bilateral,constant,USD million,104.7027
2016,MRT,Mauritania,Multilateral,constant,USD million,136.8688
2016,MUS,Mauritius,Bilateral,constant,USD million,85.3469
2016,MUS,Mauritius,Multilateral,constant,USD million,46.6102
2016,MUS,Mauritius,Private,constant,USD million,5.401
2016,MWI,Malawi,Bilateral,constant,USD million,31.8266
2016,MWI,Malawi,Multilateral,constant,USD million,27.5842
2016,NER,Niger,Bilateral,constant,USD million,49.9523
2016,NER,Niger,Multilateral,constant,USD million,53.135
2016,NGA,Nigeria,Bilateral,constant,USD million,74.9781
2016,NGA,Nigeria,Multilateral,constant,USD million,273.4532
2016,NGA,Nigeria,Private,constant,USD million,76.3262
2016,NIC,Nicaragua,Bilateral,constant,USD million,25.5803
2016,NIC,Nicaragua,Multilateral,constant,USD million,137.2095
2016,NIC,Nicaragua,Private,constant,USD million,0.8526
2016,NPL,Nepal,Bilateral,constant,USD million,33.6384
2016,NPL,Nepal,Multilateral,constant,USD million,170.7021
2016,NPL,Nepal,Private,constant,USD million,0.2009
2016,PAK,Pakistan,Bilateral,constant,USD million,1062.2226
2016,PAK,Pakistan,Multilateral,constant,USD million,1545.2823
2016,PAK,Pakistan,Private,constant,USD million,1124.6742
2016,PER,Peru,Bilateral,constant,USD million,209.2867
2016,PER,Peru,Multilateral,constant,USD million,672.5427
2016,PER,Peru,Private,constant,USD million,1013.293
2016,PHL,Philippines,Bilateral,constant,USD million,835.5816
2016,PHL,Philippines,Multilateral,constant,USD million,802.8506
2016,PHL,Philippines,Private,constant,USD million,5070.6973
2016,PNG,Papua New Guinea,Bilateral,constant,USD million,35.8036
2016,PNG,Papua New Guinea,Multilateral,constant,USD million,71.4109
2016,PNG,Papua New Guinea,Private,constant,USD million,1.1688
2016,PRY,Paraguay,Bilateral,constant,USD million,71.1521
2016,PRY,Paraguay,Multilateral,constant,USD million,196.8489
2016,PRY,Paraguay,Private,constant,USD million,161.604
2016,RUS,Russian Federation,Bilateral,constant,USD million,242.4654
2016,RUS,Russian Federation,Multilateral,constant,USD million,230.7647
2016,RUS,Russian Federation,Private,constant,USD million,55046.2244
2016,RWA,Rwanda,Bilateral,constant,USD million,14.9101
2016,RWA,Rwanda,Multilateral,constant,USD million,24.9335
2016,RWA,Rwanda,Private,constant,USD million,27.6005
2016,SDN,Sudan,Bilateral,constant,USD million,254.1904
2016,SDN,Sudan,Multilateral,constant,USD million,39.929
2016,SEN,Senegal,Bilateral,constant,USD million,105.9435
2016,SEN,Senegal,Multilateral,constant,USD million,96.6573
2016,SEN,Senegal,Private,constant,USD million,61.8712
2016,SLB,Solomon Islands,Bilateral,constant,USD million,1.5518
2016,SLB,Solomon Islands,Multilateral,constant,USD million,6.0696
2016,SLE,Sierra Leone,Bilateral,constant,USD million,10.5896
2016,SLE,Sierra Leone,Multilateral,constant,USD million,27.1107
2016,SLV,El Salvador,Bilateral,constant,USD million,49.8211
2016,SLV,El Salvador,Multilateral,constant,USD million,538.7206
2016,SLV,El Salvador,Private,constant,USD million,374.8046
2016,SOM,Somalia,Multilateral,constant,USD million,0.0
2016,SRB,Serbia,Bilateral,constant,USD million,421.1956
2016,SRB,Serbia,Multilateral,constant,USD million,628.9202
2016,SRB,Serbia,Private,constant,USD million,579.455
2016,STP,Sao Tome and Principe,Bilateral,constant,USD million,0.7065
2016,STP,Sao Tome and Principe,Multilateral,constant,USD million,0.9573
2016,SUR,Suriname,Bilateral,constant,USD million,40.3481
2016,SUR,Suriname,Multilateral,constant,USD million,37.3045
2016,SUR,Suriname,Private,constant,USD million,139.3079
2016,SWZ,Eswatini,Bilateral,constant,USD million,20.6314
2016,SWZ,Eswatini,Multilateral,constant,USD million,20.2162
2016,SWZ,Eswatini,Private,constant,USD million,1.8053
2016,SYR,Syrian Arab Republic,Multilateral,constant,USD million,0.0
2016,SYR,Syrian Arab Republic,Private,constant,USD million,0.0
2016,TCD,Chad,Bilateral,constant,USD million,15.1691
2016,TCD,Chad,Multilateral,constant,USD million,21.1771
2016,TCD,Chad,Private,constant,USD million,127.3199
2016,TGO,Togo,Bilateral,constant,USD million,18.559
2016,TGO,Togo,Multilateral,constant,USD million,32.3683
2016,TGO,Togo,Private,constant,USD million,14.4697
2016,THA,Thailand,Bilateral,constant,USD million,447.3699
2016,THA,Thailand,Multilateral,constant,USD million,57.3333
2016,THA,Thailand,Private,constant,USD million,296.0613
2016,TJK,Tajikistan,Bilateral,constant,USD million,111.3061
2016,TJK,Tajikistan,Multilateral,constant,USD million,65.3331
2016,TJK,Tajikistan,Private,constant,USD million,0.3748
2016,TKM,Turkmenistan,Bilateral,constant,USD million,1548.9964
2016,TKM,Turkmenistan,Multilateral,constant,USD million,13.0413
2016,TLS,Timor-Leste,Multilateral,constant,USD million,0.8089
2016,TON,Tonga,Bilateral,constant,USD million,3.099
2016,TON,Tonga,Multilateral,constant,USD million,3.7584
2016,TUN,Tunisia,Bilateral,constant,USD million,379.5131
2016,TUN,Tunisia,Multilateral,constant,USD million,1055.1888
2016,TUN,Tunisia,Private,constant,USD million,295.2181
2016,TUR,Turkiye,Bilateral,constant,USD million,674.0289
2016,TUR,Turkiye,Multilateral,constant,USD million,2432.5655
2016,TUR,Turkiye,Private,constant,USD million,10230.5029
2016,TZA,Tanzania,Bilateral,constant,USD million,102.9137
2016,TZA,Tanzania,Multilateral,constant,USD million,116.5073
2016,TZA,Tanzania,Private,constant,USD million,409.2128
2016,UGA,Uganda,Bilateral,constant,USD million,32.4496
2016,UGA,Uganda,Multilateral,constant,USD million,68.8899
2016,UKR,Ukraine,Bilateral,constant,USD million,100.6025
2016,UKR,Ukraine,Multilateral,constant,USD million,1637.7031
2016,UKR,Ukraine,Private,constant,USD million,1671.2332
2016,UZB,Uzbekistan,Bilateral,constant,USD million,219.704
2016,UZB,Uzbekistan,Multilateral,constant,USD million,184.9962
2016,UZB,Uzbekistan,Private,constant,USD million,52.9787
2016,VCT,St. Vincent and the Grenadines,Bilateral,constant,USD million,2.3787
2016,VCT,St. Vincent and the Grenadines,Multilateral,constant,USD million,23.7811
2016,VCT,St. Vincent and the Grenadines,Private,constant,USD million,4.6875
2016,VNM,Viet Nam,Bilateral,constant,USD million,1487.2836
2016,VNM,Viet Nam,Multilateral,constant,USD million,593.8691
2016,VNM,Viet Nam,Private,constant,USD million,1587.4059
2016,VUT,Vanuatu,Bilateral,constant,USD million,5.4365
2016,VUT,Vanuatu,Multilateral,constant,USD million,2.6542
2016,WSM,Samoa,Bilateral,constant,USD million,10.499
2016,WSM,Samoa,Multilateral,constant,USD million,12.0049
2016,XKX,Kosovo,Bilateral,constant,USD million,7.8484
2016,XKX,Kosovo,Multilateral,constant,USD million,21.2073
2016,XKX,Kosovo,Private,constant,USD million,0.0892
2016,YEM,"Yemen, Rep.",Bilateral,constant,USD million,8.4275
2016,YEM,"Yemen, Rep.",Multilateral,constant,USD million,149.8208
2016,ZAF,South Africa,Bilateral,constant,USD million,11.2009
2016,ZAF,South Africa,Multilateral,constant,USD million,415.5965
2016,ZAF,South Africa,Private,constant,USD million,5713.5296
2016,ZMB,Zambia,Bilateral,constant,USD million,244.1723
2016,ZMB,Zambia,Multilateral,constant,USD million,32.7634
2016,ZMB,Zambia,Private,constant,USD million,299.2563
2016,ZWE,Zimbabwe,Bilateral,constant,USD million,33.3927
2016,ZWE,Zimbabwe,Multilateral,constant,USD million,111.0171
2016,ZWE,Zimbabwe,Private,constant,USD million,2.881
2017,AFG,Afghanistan,Bilateral,constant,USD million,2.6128
2017,AFG,Afghanistan,Multilateral,constant,USD million,31.4694
2017,AGO,Angola,Bilateral,constant,USD million,788.042
2017,AGO,Angola,Multilateral,constant,USD million,66.1041
2017,AGO,Angola,Private,constant,USD million,6647.4904
2017,ALB,Albania,Bilateral,constant,USD million,58.1719
2017,ALB,Albania,Multilateral,constant,USD million,143.4354
2017,ALB,Albania,Private,constant,USD million,83.9703
2017,ARG,Argentina,Bilateral,constant,USD million,1497.7411
2017,ARG,Argentina,Multilateral,constant,USD million,2540.0
2017,ARG,Argentina,Private,constant,USD million,26355.8705
2017,ARM,Armenia,Bilateral,constant,USD million,41.802
2017,ARM,Armenia,Multilateral,constant,USD million,119.0361
2017,ARM,Armenia,Private,constant,USD million,66.4327
2017,AZE,Azerbaijan,Bilateral,constant,USD million,153.7397
2017,AZE,Azerbaijan,Multilateral,constant,USD million,510.2767
2017,AZE,Azerbaijan,Private,constant,USD million,1316.7546
2017,BDI,Burundi,Bilateral,constant,USD million,0.6765
2017,BDI,Burundi,Multilateral,constant,USD million,9.7314
2017,BEN,Benin,Bilateral,constant,USD million,14.6271
2017,BEN,Benin,Multilateral,constant,USD million,68.9518
2017,BEN,Benin,Private,constant,USD million,1.4098
2017,BFA,Burkina Faso,Bilateral,constant,USD million,31.4145
2017,BFA,Burkina Faso,Multilateral,constant,USD million,75.0753
2017,BFA,Burkina Faso,Private,constant,USD million,2.9298
2017,BGD,Bangladesh,Bilateral,constant,USD million,288.7335
2017,BGD,Bangladesh,Multilateral,constant,USD million,943.5955
2017,BGD,Bangladesh,Private,constant,USD million,118.5764
2017,BGR,Bulgaria,Bilateral,constant,USD million,67.808
2017,BGR,Bulgaria,Multilateral,constant,USD million,247.1185
2017,BGR,Bulgaria,Private,constant,USD million,1189.0272
2017,BIH,Bosnia and Herzegovina,Bilateral,constant,USD million,57.9681
2017,BIH,Bosnia and Herzegovina,Multilateral,constant,USD million,239.8046
2017,BIH,Bosnia and Herzegovina,Private,constant,USD million,52.4596
2017,BLR,Belarus,Bilateral,constant,USD million,1241.9794
2017,BLR,Belarus,Multilateral,constant,USD million,603.8339
2017,BLR,Belarus,Private,constant,USD million,775.6844
2017,BLZ,Belize,Bilateral,constant,USD million,20.8846
2017,BLZ,Belize,Multilateral,constant,USD million,35.7433
2017,BLZ,Belize,Private,constant,USD million,25.1125
2017,BOL,Bolivia,Bilateral,constant,USD million,78.7063
2017,BOL,Bolivia,Multilateral,constant,USD million,401.4514
2017,BOL,Bolivia,Private,constant,USD million,74.8574
2017,BRA,Brazil,Bilateral,constant,USD million,1772.4913
2017,BRA,Brazil,Multilateral,constant,USD million,2470.9779
2017,BRA,Brazil,Private,constant,USD million,21329.6275
2017,BTN,Bhutan,Bilateral,constant,USD million,49.3604
2017,BTN,Bhutan,Multilateral,constant,USD million,18.7067
2017,BTN,Bhutan,Private,constant,USD million,6.6811
2017,BWA,Botswana,Bilateral,constant,USD million,16.8821
2017,BWA,Botswana,Multilateral,constant,USD million,136.9655
2017,BWA,Botswana,Private,constant,USD million,8.5736
2017,CAF,Central African Republic,Bilateral,constant,USD million,15.1165
2017,CAF,Central African Republic,Multilateral,constant,USD million,1.4019
2017,CHN,China,Bilateral,constant,USD million,4863.0178
2017,CHN,China,Multilateral,constant,USD million,3948.6201
2017,CHN,China,Private,constant,USD million,10649.1701
2017,CIV,Cote d'Ivoire,Bilateral,constant,USD million,596.0943
2017,CIV,Cote d'Ivoire,Multilateral,constant,USD million,57.4048
2017,CIV,Cote d'Ivoire,Private,constant,USD million,1101.1255
2017,CMR,Cameroon,Bilateral,constant,USD million,206.5577
2017,CMR,Cameroon,Multilateral,constant,USD million,62.1854
2017,CMR,Cameroon,Private,constant,USD million,132.0343
2017,COD,"Congo, Dem. Rep.",Bilateral,constant,USD million,71.1579
2017,COD,"Congo, Dem. Rep.",Multilateral,constant,USD million,190.5082
2017,COD,"Congo, Dem. Rep.",Private,constant,USD million,2.4059
2017,COG,"Congo, Rep.",Bilateral,constant,USD million,222.2338
2017,COG,"Congo, Rep.",Multilateral,constant,USD million,25.3726
2017,COG,"Congo, Rep.",Private,constant,USD million,118.5105
2017,COL,Colombia,Bilateral,constant,USD million,655.7157
2017,COL,Colombia,Multilateral,constant,USD million,1650.1303
2017,COL,Colombia,Private,constant,USD million,7605.7265
2017,COM,Comoros,Bilateral,constant,USD million,1.5195
2017,COM,Comoros,Multilateral,constant,USD million,0.3666
2017,CPV,Cabo Verde,Bilateral,constant,USD million,10.8877
2017,CPV,Cabo Verde,Multilateral,constant,USD million,30.26
2017,CPV,Cabo Verde,Private,constant,USD million,8.0768
2017,CRI,Costa Rica,Bilateral,constant,USD million,49.2032
2017,CRI,Costa Rica,Multilateral,constant,USD million,305.7476
2017,CRI,Costa Rica,Private,constant,USD million,781.5145
2017,DJI,Djibouti,Bilateral,constant,USD million,35.6459
2017,DJI,Djibouti,Multilateral,constant,USD million,24.3622
2017,DJI,Djibouti,Private,constant,USD million,0.2027
2017,DMA,Dominica,Bilateral,constant,USD million,9.7665
2017,DMA,Dominica,Multilateral,constant,USD million,12.4372
2017,DMA,Dominica,Private,constant,USD million,5.1138
2017,DOM,Dominican Republic,Bilateral,constant,USD million,206.1157
2017,DOM,Dominican Republic,Multilateral,constant,USD million,357.2511
2017,DOM,Dominican Republic,Private,constant,USD million,949.9819
2017,DZA,Algeria,Bilateral,constant,USD million,110.6228
2017,DZA,Algeria,Multilateral,constant,USD million,15.7225
2017,DZA,Algeria,Private,constant,USD million,46.6792
2017,ECU,Ecuador,Bilateral,constant,USD million,1837.7357
2017,ECU,Ecuador,Multilateral,constant,USD million,704.1511
2017,ECU,Ecuador,Private,constant,USD million,2018.9678
2017,EGY,"Egypt, Arab Rep.",Bilateral,constant,USD million,5069.1077
2017,EGY,"Egypt, Arab Rep.",Multilateral,constant,USD million,2398.2853
2017,EGY,"Egypt, Arab Rep.",Private,constant,USD million,2016.517
2017,ERI,Eritrea,Bilateral,constant,USD million,22.3217
2017,ERI,Eritrea,Multilateral,constant,USD million,5.2216
2017,ETH,Ethiopia,Bilateral,constant,USD million,454.6579
2017,ETH,Ethiopia,Multilateral,constant,USD million,136.7899
2017,ETH,Ethiopia,Private,constant,USD million,791.4432
2017,FJI,Fiji,Bilateral,constant,USD million,30.6614
2017,FJI,Fiji,Multilateral,constant,USD million,10.4012
2017,FJI,Fiji,Private,constant,USD million,12.5083
2017,GAB,Gabon,Bilateral,constant,USD million,32.0824
2017,GAB,Gabon,Multilateral,constant,USD million,82.904
2017,GAB,Gabon,Private,constant,USD million,495.8253
2017,GEO,Georgia,Bilateral,constant,USD million,77.4336
2017,GEO,Georgia,Multilateral,constant,USD million,148.406
2017,GEO,Georgia,Private,constant,USD million,386.6529
2017,GHA,Ghana,Bilateral,constant,USD million,714.0804
2017,GHA,Ghana,Multilateral,constant,USD million,103.4017
2017,GHA,Ghana,Private,constant,USD million,814.3611
2017,GIN,Guinea,Bilateral,constant,USD million,44.7502
2017,GIN,Guinea,Multilateral,constant,USD million,37.8699
2017,GMB,"Gambia, The",Bilateral,constant,USD million,9.5923
2017,GMB,"Gambia, The",Multilateral,constant,USD million,20.0662
2017,GMB,"Gambia, The",Private,constant,USD million,1.7734
2017,GNB,Guinea-Bissau,Bilateral,constant,USD million,2.4808
2017,GNB,Guinea-Bissau,Multilateral,constant,USD million,6.9243
2017,GNB,Guinea-Bissau,Private,constant,USD million,1.7807
2017,GRD,Grenada,Bilateral,constant,USD million,10.9802
2017,GRD,Grenada,Multilateral,constant,USD million,16.8532
2017,GRD,Grenada,Private,constant,USD million,24.7142
2017,GTM,Guatemala,Bilateral,constant,USD million,40.4327
2017,GTM,Guatemala,Multilateral,constant,USD million,587.5624
2017,GTM,Guatemala,Private,constant,USD million,137.6074
2017,GUY,Guyana,Bilateral,constant,USD million,21.8397
2017,GUY,Guyana,Multilateral,constant,USD million,33.9447
2017,GUY,Guyana,Private,constant,USD million,0.2601
2017,HND,Honduras,Bilateral,constant,USD million,38.1754
2017,HND,Honduras,Multilateral,constant,USD million,241.6001
2017,HND,Honduras,Private,constant,USD million,137.576
2017,HTI,Haiti,Bilateral,constant,USD million,6.572
2017,HTI,Haiti,Multilateral,constant,USD million,2.5701
2017,HTI,Haiti,Private,constant,USD million,1.5658
2017,IDN,Indonesia,Bilateral,constant,USD million,3363.964
2017,IDN,Indonesia,Multilateral,constant,USD million,1794.8427
2017,IDN,Indonesia,Private,constant,USD million,12002.4896
2017,IND,India,Bilateral,constant,USD million,1793.2608
2017,IND,India,Multilateral,constant,USD million,3862.5237
2017,IND,India,Private,constant,USD million,7307.8508
2017,IRN,"Iran, Islamic Rep.",Bilateral,constant,USD million,118.6563
2017,IRN,"Iran, Islamic Rep.",Multilateral,constant,USD million,97.606
2017,IRN,"Iran, Islamic Rep.",Private,constant,USD million,167.8174
2017,IRQ,Iraq,Bilateral,constant,USD million,1200.2303
2017,IRQ,Iraq,Multilateral,constant,USD million,115.1722
2017,IRQ,Iraq,Private,constant,USD million,173.6763
2017,JAM,Jamaica,Bilateral,constant,USD million,96.5385
2017,JAM,Jamaica,Multilateral,constant,USD million,248.6561
2017,JAM,Jamaica,Private,constant,USD million,871.7433
2017,JOR,Jordan,Bilateral,constant,USD million,226.5613
2017,JOR,Jordan,Multilateral,constant,USD million,421.1384
2017,JOR,Jordan,Private,constant,USD million,262.8744
2017,KAZ,Kazakhstan,Bilateral,constant,USD million,80.3669
2017,KAZ,Kazakhstan,Multilateral,constant,USD million,744.5994
2017,KAZ,Kazakhstan,Private,constant,USD million,1392.0084
2017,KEN,Kenya,Bilateral,constant,USD million,458.7041
2017,KEN,Kenya,Multilateral,constant,USD million,269.9294
2017,KEN,Kenya,Private,constant,USD million,361.7971
2017,KGZ,Kyrgyz Republic,Bilateral,constant,USD million,58.2034
2017,KGZ,Kyrgyz Republic,Multilateral,constant,USD million,67.2768
2017,KHM,Cambodia,Bilateral,constant,USD million,128.7255
2017,KHM,Cambodia,Multilateral,constant,USD million,75.1911
2017,LAO,Lao PDR,Bilateral,constant,USD million,252.5794
2017,LAO,Lao PDR,Multilateral,constant,USD million,88.0039
2017,LAO,Lao PDR,Private,constant,USD million,118.2019
2017,LBN,Lebanon,Bilateral,constant,USD million,166.4931
2017,LBN,Lebanon,Multilateral,constant,USD million,151.756
2017,LBN,Lebanon,Private,constant,USD million,4305.193
2017,LBR,Liberia,Bilateral,constant,USD million,4.0465
2017,LBR,Liberia,Multilateral,constant,USD million,4.7144
2017,LCA,St. Lucia,Bilateral,constant,USD million,4.1819
2017,LCA,St. Lucia,Multilateral,constant,USD million,19.7695
2017,LCA,St. Lucia,Private,constant,USD million,17.2144
2017,LKA,Sri Lanka,Bilateral,constant,USD million,1022.2555
2017,LKA,Sri Lanka,Multilateral,constant,USD million,387.1262
2017,LKA,Sri Lanka,Private,constant,USD million,2075.7987
2017,LSO,Lesotho,Bilateral,constant,USD million,9.8077
2017,LSO,Lesotho,Multilateral,constant,USD million,33.9261
2017,LSO,Lesotho,Private,constant,USD million,0.6966
2017,MAR,Morocco,Bilateral,constant,USD million,842.3977
2017,MAR,Morocco,Multilateral,constant,USD million,1177.0085
2017,MAR,Morocco,Private,constant,USD million,1247.4189
2017,MDA,Moldova,Bilateral,constant,USD million,20.3867
2017,MDA,Moldova,Multilateral,constant,USD million,40.288
2017,MDA,Moldova,Private,constant,USD million,0.7167
2017,MDG,Madagascar,Bilateral,constant,USD million,43.7474
2017,MDG,Madagascar,Multilateral,constant,USD million,48.5095
2017,MDG,Madagascar,Private,constant,USD million,14.0903
2017,MDV,Maldives,Bilateral,constant,USD million,83.3382
2017,MDV,Maldives,Multilateral,constant,USD million,16.6351
2017,MDV,Maldives,Private,constant,USD million,14.7426
2017,MEX,Mexico,Bilateral,constant,USD million,804.0214
2017,MEX,Mexico,Multilateral,constant,USD million,1857.194
2017,MEX,Mexico,Private,constant,USD million,35736.8593
2017,MKD,North Macedonia,Bilateral,constant,USD million,28.8979
2017,MKD,North Macedonia,Multilateral,constant,USD million,147.3584
2017,MKD,North Macedonia,Private,constant,USD million,169.3758
2017,MLI,Mali,Bilateral,constant,USD million,59.1251
2017,MLI,Mali,Multilateral,constant,USD million,78.3148
2017,MLI,Mali,Private,constant,USD million,0.3605
2017,MMR,Myanmar,Bilateral,constant,USD million,361.1681
2017,MMR,Myanmar,Multilateral,constant,USD million,60.0171
2017,MMR,Myanmar,Private,constant,USD million,297.7514
2017,MNE,Montenegro,Bilateral,constant,USD million,47.036
2017,MNE,Montenegro,Multilateral,constant,USD million,75.3989
2017,MNE,Montenegro,Private,constant,USD million,141.3336
2017,MNG,Mongolia,Bilateral,constant,USD million,58.2452
2017,MNG,Mongolia,Multilateral,constant,USD million,56.4258
2017,MNG,Mongolia,Private,constant,USD million,194.8849
2017,MOZ,Mozambique,Bilateral,constant,USD million,147.8905
2017,MOZ,Mozambique,Multilateral,constant,USD million,112.3456
2017,MOZ,Mozambique,Private,constant,USD million,220.6032
2017,MRT,Mauritania,Bilateral,constant,USD million,108.6968
2017,MRT,Mauritania,Multilateral,constant,USD million,187.5333
2017,MUS,Mauritius,Bilateral,constant,USD million,88.3888
2017,MUS,Mauritius,Multilateral,constant,USD million,164.9094
2017,MUS,Mauritius,Private,constant,USD million,5.6382
2017,MWI,Malawi,Bilateral,constant,USD million,28.1824
2017,MWI,Malawi,Multilateral,constant,USD million,23.5699
2017,NER,Niger,Bilateral,constant,USD million,59.3967
2017,NER,Niger,Multilateral,constant,USD million,61.2543
2017,NGA,Nigeria,Bilateral,constant,USD million,92.8707
2017,NGA,Nigeria,Multilateral,constant,USD million,271.3639
2017,NGA,Nigeria,Private,constant,USD million,82.86
2017,NIC,Nicaragua,Bilateral,constant,USD million,29.6469
2017,NIC,Nicaragua,Multilateral,constant,USD million,169.618
2017,NIC,Nicaragua,Private,constant,USD million,2.5442
2017,NPL,Nepal,Bilateral,constant,USD million,34.2332
2017,NPL,Nepal,Multilateral,constant,USD million,157.3853
2017,NPL,Nepal,Private,constant,USD million,0.1341
2017,PAK,Pakistan,Bilateral,constant,USD million,1881.2476
2017,PAK,Pakistan,Multilateral,constant,USD million,1559.3227
2017,PAK,Pakistan,Private,constant,USD million,2289.0865
2017,PER,Peru,Bilateral,constant,USD million,565.267
2017,PER,Peru,Multilateral,constant,USD million,3191.4458
2017,PER,Peru,Private,constant,USD million,717.2419
2017,PHL,Philippines,Bilateral,constant,USD million,823.181
2017,PHL,Philippines,Multilateral,constant,USD million,934.4477
2017,PHL,Philippines,Private,constant,USD million,3869.4783
2017,PNG,Papua New Guinea,Bilateral,constant,USD million,41.4025
2017,PNG,Papua New Guinea,Multilateral,constant,USD million,78.1781
2017,PNG,Papua New Guinea,Private,constant,USD million,20.5378
2017,PRY,Paraguay,Bilateral,constant,USD million,48.3893
2017,PRY,Paraguay,Multilateral,constant,USD million,209.0651
2017,PRY,Paraguay,Private,constant,USD million,168.4892
2017,RUS,Russian Federation,Bilateral,constant,USD million,769.7706
2017,RUS,Russian Federation,Multilateral,constant,USD million,179.4246
2017,RUS,Russian Federation,Private,constant,USD million,22856.1498
2017,RWA,Rwanda,Bilateral,constant,USD million,15.7635
2017,RWA,Rwanda,Multilateral,constant,USD million,31.8656
2017,RWA,Rwanda,Private,constant,USD million,26.9519
2017,SDN,Sudan,Bilateral,constant,USD million,190.3375
2017,SDN,Sudan,Multilateral,constant,USD million,135.9039
2017,SEN,Senegal,Bilateral,constant,USD million,100.6679
2017,SEN,Senegal,Multilateral,constant,USD million,109.8512
2017,SEN,Senegal,Private,constant,USD million,214.8767
2017,SLB,Solomon Islands,Bilateral,constant,USD million,1.4658
2017,SLB,Solomon Islands,Multilateral,constant,USD million,4.5685
2017,SLE,Sierra Leone,Bilateral,constant,USD million,14.9414
2017,SLE,Sierra Leone,Multilateral,constant,USD million,31.014
2017,SLV,El Salvador,Bilateral,constant,USD million,52.0152
2017,SLV,El Salvador,Multilateral,constant,USD million,499.4975
2017,SLV,El Salvador,Private,constant,USD million,414.4718
2017,SOM,Somalia,Multilateral,constant,USD million,0.0
2017,SRB,Serbia,Bilateral,constant,USD million,507.2003
2017,SRB,Serbia,Multilateral,constant,USD million,681.7635
2017,SRB,Serbia,Private,constant,USD million,1435.767
2017,STP,Sao Tome and Principe,Bilateral,constant,USD million,0.7121
2017,STP,Sao Tome and Principe,Multilateral,constant,USD million,2.1696
2017,SUR,Suriname,Bilateral,constant,USD million,40.4702
2017,SUR,Suriname,Multilateral,constant,USD million,49.5013
2017,SUR,Suriname,Private,constant,USD million,92.4722
2017,SWZ,Eswatini,Bilateral,constant,USD million,21.2623
2017,SWZ,Eswatini,Multilateral,constant,USD million,19.7446
2017,SWZ,Eswatini,Private,constant,USD million,2.4414
2017,SYR,Syrian Arab Republic,Multilateral,constant,USD million,0.0
2017,SYR,Syrian Arab Republic,Private,constant,USD million,0.0
2017,TCD,Chad,Bilateral,constant,USD million,7.0046
2017,TCD,Chad,Multilateral,constant,USD million,15.534
2017,TCD,Chad,Private,constant,USD million,143.2169
2017,TGO,Togo,Bilateral,constant,USD million,26.2357
2017,TGO,Togo,Multilateral,constant,USD million,36.6665
2017,TGO,Togo,Private,constant,USD million,11.0768
2017,THA,Thailand,Bilateral,constant,USD million,380.1616
2017,THA,Thailand,Multilateral,constant,USD million,60.7275
2017,THA,Thailand,Private,constant,USD million,315.3152
2017,TJK,Tajikistan,Bilateral,constant,USD million,113.2736
2017,TJK,Tajikistan,Multilateral,constant,USD million,65.5566
2017,TJK,Tajikistan,Private,constant,USD million,0.232
2017,TKM,Turkmenistan,Bilateral,constant,USD million,1662.3709
2017,TKM,Turkmenistan,Multilateral,constant,USD million,15.0719
2017,TKM,Turkmenistan,Private,constant,USD million,19.8411
2017,TLS,Timor-Leste,Multilateral,constant,USD million,1.7335
2017,TON,Tonga,Bilateral,constant,USD million,2.2891
2017,TON,Tonga,Multilateral,constant,USD million,3.5855
2017,TUN,Tunisia,Bilateral,constant,USD million,403.7727
2017,TUN,Tunisia,Multilateral,constant,USD million,958.0449
2017,TUN,Tunisia,Private,constant,USD million,1145.3774
2017,TUR,Turkiye,Bilateral,constant,USD million,659.8604
2017,TUR,Turkiye,Multilateral,constant,USD million,3544.8967
2017,TUR,Turkiye,Private,constant,USD million,14559.5144
2017,TZA,Tanzania,Bilateral,constant,USD million,133.6419
2017,TZA,Tanzania,Multilateral,constant,USD million,142.3522
2017,TZA,Tanzania,Private,constant,USD million,427.3086
2017,UGA,Uganda,Bilateral,constant,USD million,56.6984
2017,UGA,Uganda,Multilateral,constant,USD million,124.3523
2017,UKR,Ukraine,Bilateral,constant,USD million,95.5881
2017,UKR,Ukraine,Multilateral,constant,USD million,1820.5016
2017,UKR,Ukraine,Private,constant,USD million,2377.0215
2017,UZB,Uzbekistan,Bilateral,constant,USD million,259.8714
2017,UZB,Uzbekistan,Multilateral,constant,USD million,272.6968
2017,UZB,Uzbekistan,Private,constant,USD million,91.1063
2017,VCT,St. Vincent and the Grenadines,Bilateral,constant,USD million,2.6768
2017,VCT,St. Vincent and the Grenadines,Multilateral,constant,USD million,24.705
2017,VCT,St. Vincent and the Grenadines,Private,constant,USD million,4.7392
2017,VNM,Viet Nam,Bilateral,constant,USD million,1662.9906
2017,VNM,Viet Nam,Multilateral,constant,USD million,692.6914
2017,VNM,Viet Nam,Private,constant,USD million,1239.7456
2017,VUT,Vanuatu,Bilateral,constant,USD million,5.4468
2017,VUT,Vanuatu,Multilateral,constant,USD million,2.584
2017,WSM,Samoa,Bilateral,constant,USD million,12.6477
2017,WSM,Samoa,Multilateral,constant,USD million,11.8313
2017,XKX,Kosovo,Bilateral,constant,USD million,9.0055
2017,XKX,Kosovo,Multilateral,constant,USD million,20.4853
2017,XKX,Kosovo,Private,constant,USD million,0.0735
2017,YEM,"Yemen, Rep.",Bilateral,constant,USD million,0.355
2017,YEM,"Yemen, Rep.",Multilateral,constant,USD million,106.9641
2017,ZAF,South Africa,Bilateral,constant,USD million,9.9319
2017,ZAF,South Africa,Multilateral,constant,USD million,517.6925
2017,ZAF,South Africa,Private,constant,USD million,4594.5279
2017,ZMB,Zambia,Bilateral,constant,USD million,206.0501
2017,ZMB,Zambia,Multilateral,constant,USD million,37.417
2017,ZMB,Zambia,Private,constant,USD million,266.907
2017,ZWE,Zimbabwe,Bilateral,constant,USD million,55.8669
2017,ZWE,Zimbabwe,Multilateral,constant,USD million,68.8698
2017,ZWE,Zimbabwe,Private,constant,USD million,13.8076
2018,AFG,Afghanistan,Bilateral,constant,USD million,3.9805
2018,AFG,Afghanistan,Multilateral,constant,USD million,33.947
2018,AGO,Angola,Bilateral,constant,USD million,1709.7633
2018,AGO,Angola,Multilateral,constant,USD million,104.3124
2018,AGO,Angola,Private,constant,USD million,8587.9891
2018,ALB,Albania,Bilateral,constant,USD million,54.8653
2018,ALB,Albania,Multilateral,constant,USD million,156.8105
2018,ALB,Albania,Private,constant,USD million,352.6449
2018,ARG,Argentina,Bilateral,constant,USD million,2011.071
2018,ARG,Argentina,Multilateral,constant,USD million,3130.899
2018,ARG,Argentina,Private,constant,USD million,27027.133
2018,ARM,Armenia,Bilateral,constant,USD million,69.6957
2018,ARM,Armenia,Multilateral,constant,USD million,153.5992
2018,ARM,Armenia,Private,constant,USD million,64.7447
2018,AZE,Azerbaijan,Bilateral,constant,USD million,165.9093
2018,AZE,Azerbaijan,Multilateral,constant,USD million,1236.6447
2018,AZE,Azerbaijan,Private,constant,USD million,925.8308
2018,BDI,Burundi,Bilateral,constant,USD million,0.3372
2018,BDI,Burundi,Multilateral,constant,USD million,12.3662
2018,BEN,Benin,Bilateral,constant,USD million,16.9442
2018,BEN,Benin,Multilateral,constant,USD million,176.7908
2018,BEN,Benin,Private,constant,USD million,1.4634
2018,BFA,Burkina Faso,Bilateral,constant,USD million,28.0905
2018,BFA,Burkina Faso,Multilateral,constant,USD million,72.7561
2018,BFA,Burkina Faso,Private,constant,USD million,1.9425
2018,BGD,Bangladesh,Bilateral,constant,USD million,408.4335
2018,BGD,Bangladesh,Multilateral,constant,USD million,978.8988
2018,BGD,Bangladesh,Private,constant,USD million,134.6674
2018,BGR,Bulgaria,Bilateral,constant,USD million,68.4037
2018,BGR,Bulgaria,Multilateral,constant,USD million,237.1032
2018,BGR,Bulgaria,Private,constant,USD million,167.7173
2018,BIH,Bosnia and Herzegovina,Bilateral,constant,USD million,67.5906
2018,BIH,Bosnia and Herzegovina,Multilateral,constant,USD million,265.8674
2018,BIH,Bosnia and Herzegovina,Private,constant,USD million,36.2086
2018,BLR,Belarus,Bilateral,constant,USD million,1378.5555
2018,BLR,Belarus,Multilateral,constant,USD million,619.8107
2018,BLR,Belarus,Private,constant,USD million,2333.5644
2018,BLZ,Belize,Bilateral,constant,USD million,17.5755
2018,BLZ,Belize,Multilateral,constant,USD million,37.9834
2018,BLZ,Belize,Private,constant,USD million,25.7182
2018,BOL,Bolivia,Bilateral,constant,USD million,74.3993
2018,BOL,Bolivia,Multilateral,constant,USD million,457.7634
2018,BOL,Bolivia,Private,constant,USD million,94.0111
2018,BRA,Brazil,Bilateral,constant,USD million,3224.5053
2018,BRA,Brazil,Multilateral,constant,USD million,3066.9168
2018,BRA,Brazil,Private,constant,USD million,25661.1864
2018,BTN,Bhutan,Bilateral,constant,USD million,52.9189
2018,BTN,Bhutan,Multilateral,constant,USD million,20.859
2018,BTN,Bhutan,Private,constant,USD million,6.344
2018,BWA,Botswana,Bilateral,constant,USD million,12.0486
2018,BWA,Botswana,Multilateral,constant,USD million,141.3938
2018,BWA,Botswana,Private,constant,USD million,8.3921
2018,CAF,Central African Republic,Bilateral,constant,USD million,7.3943
2018,CAF,Central African Republic,Multilateral,constant,USD million,3.0385
2018,CHN,China,Bilateral,constant,USD million,3074.9671
2018,CHN,China,Multilateral,constant,USD million,3769.3099
2018,CHN,China,Private,constant,USD million,14140.6887
2018,CIV,Cote d'Ivoire,Bilateral,constant,USD million,589.1813
2018,CIV,Cote d'Ivoire,Multilateral,constant,USD million,74.9763
2018,CIV,Cote d'Ivoire,Private,constant,USD million,383.3178
2018,CMR,Cameroon,Bilateral,constant,USD million,349.0612
2018,CMR,Cameroon,Multilateral,constant,USD million,85.0046
2018,CMR,Cameroon,Private,constant,USD million,113.5608
2018,COD,"Congo, Dem. Rep.",Bilateral,constant,USD million,53.9203
2018,COD,"Congo, Dem. Rep.",Multilateral,constant,USD million,150.8494
2018,COD,"Congo, Dem. Rep.",Private,constant,USD million,2.825
2018,COG,"Congo, Rep.",Bilateral,constant,USD million,160.2027
2018,COG,"Congo, Rep.",Multilateral,constant,USD million,77.3036
2018,COG,"Congo, Rep.",Private,constant,USD million,91.8807
2018,COL,Colombia,Bilateral,constant,USD million,552.4576
2018,COL,Colombia,Multilateral,constant,USD million,1716.6797
2018,COL,Colombia,Private,constant,USD million,7365.6659
2018,COM,Comoros,Bilateral,constant,USD million,2.1504
2018,COM,Comoros,Multilateral,constant,USD million,0.4973
2018,CPV,Cabo Verde,Bilateral,constant,USD million,12.1786
2018,CPV,Cabo Verde,Multilateral,constant,USD million,32.5484
2018,CPV,Cabo Verde,Private,constant,USD million,8.5926
2018,CRI,Costa Rica,Bilateral,constant,USD million,50.2026
2018,CRI,Costa Rica,Multilateral,constant,USD million,387.9091
2018,CRI,Costa Rica,Private,constant,USD million,1157.3097
2018,DJI,Djibouti,Bilateral,constant,USD million,29.89
2018,DJI,Djibouti,Multilateral,constant,USD million,28.6506
2018,DMA,Dominica,Bilateral,constant,USD million,13.6935
2018,DMA,Dominica,Multilateral,constant,USD million,11.3727
2018,DMA,Dominica,Private,constant,USD million,6.0448
2018,DOM,Dominican Republic,Bilateral,constant,USD million,211.8557
2018,DOM,Dominican Republic,Multilateral,constant,USD million,397.9534
2018,DOM,Dominican Republic,Private,constant,USD million,1099.7401
2018,DZA,Algeria,Bilateral,constant,USD million,111.0067
2018,DZA,Algeria,Multilateral,constant,USD million,17.2653
2018,DZA,Algeria,Private,constant,USD million,23.8242
2018,ECU,Ecuador,Bilateral,constant,USD million,2120.1953
2018,ECU,Ecuador,Multilateral,constant,USD million,951.1932
2018,ECU,Ecuador,Private,constant,USD million,2161.1297
2018,EGY,"Egypt, Arab Rep.",Bilateral,constant,USD million,3600.2396
2018,EGY,"Egypt, Arab Rep.",Multilateral,constant,USD million,4822.09
2018,EGY,"Egypt, Arab Rep.",Private,constant,USD million,3616.5409
2018,ERI,Eritrea,Bilateral,constant,USD million,24.2678
2018,ERI,Eritrea,Multilateral,constant,USD million,6.4606
2018,ETH,Ethiopia,Bilateral,constant,USD million,434.2361
2018,ETH,Ethiopia,Multilateral,constant,USD million,180.6083
2018,ETH,Ethiopia,Private,constant,USD million,972.6393
2018,FJI,Fiji,Bilateral,constant,USD million,36.7434
2018,FJI,Fiji,Multilateral,constant,USD million,12.3656
2018,FJI,Fiji,Private,constant,USD million,12.4551
2018,GAB,Gabon,Bilateral,constant,USD million,150.0648
2018,GAB,Gabon,Multilateral,constant,USD million,62.8342
2018,GAB,Gabon,Private,constant,USD million,416.1856
2018,GEO,Georgia,Bilateral,constant,USD million,78.7826
2018,GEO,Georgia,Multilateral,constant,USD million,200.7071
2018,GEO,Georgia,Private,constant,USD million,178.4291
2018,GHA,Ghana,Bilateral,constant,USD million,438.8497
2018,GHA,Ghana,Multilateral,constant,USD million,101.9945
2018,GHA,Ghana,Private,constant,USD million,1555.3608
2018,GIN,Guinea,Bilateral,constant,USD million,69.0342
2018,GIN,Guinea,Multilateral,constant,USD million,37.6102
2018,GMB,"Gambia, The",Bilateral,constant,USD million,10.166
2018,GMB,"Gambia, The",Multilateral,constant,USD million,22.2925
2018,GMB,"Gambia, The",Private,constant,USD million,3.356
2018,GNB,Guinea-Bissau,Bilateral,constant,USD million,1.2961
2018,GNB,Guinea-Bissau,Multilateral,constant,USD million,9.2226
2018,GNB,Guinea-Bissau,Private,constant,USD million,2.4638
2018,GRD,Grenada,Bilateral,constant,USD million,10.6357
2018,GRD,Grenada,Multilateral,constant,USD million,17.8154
2018,GRD,Grenada,Private,constant,USD million,20.5282
2018,GTM,Guatemala,Bilateral,constant,USD million,40.0691
2018,GTM,Guatemala,Multilateral,constant,USD million,474.1656
2018,GTM,Guatemala,Private,constant,USD million,51.2538
2018,GUY,Guyana,Bilateral,constant,USD million,36.0245
2018,GUY,Guyana,Multilateral,constant,USD million,39.5799
2018,GUY,Guyana,Private,constant,USD million,1.8106
2018,HND,Honduras,Bilateral,constant,USD million,55.4965
2018,HND,Honduras,Multilateral,constant,USD million,278.7105
2018,HND,Honduras,Private,constant,USD million,181.8019
2018,HTI,Haiti,Bilateral,constant,USD million,3.5483
2018,HTI,Haiti,Multilateral,constant,USD million,3.0746
2018,HTI,Haiti,Private,constant,USD million,1.4452
2018,IDN,Indonesia,Bilateral,constant,USD million,3368.9705
2018,IDN,Indonesia,Multilateral,constant,USD million,2308.3506
2018,IDN,Indonesia,Private,constant,USD million,11119.6031
2018,IND,India,Bilateral,constant,USD million,1988.9119
2018,IND,India,Multilateral,constant,USD million,4482.1654
2018,IND,India,Private,constant,USD million,16163.8627
2018,IRN,"Iran, Islamic Rep.",Bilateral,constant,USD million,49.9645
2018,IRN,"Iran, Islamic Rep.",Multilateral,constant,USD million,98.9279
2018,IRN,"Iran, Islamic Rep.",Private,constant,USD million,60.8964
2018,IRQ,Iraq,Bilateral,constant,USD million,1221.5811
2018,IRQ,Iraq,Multilateral,constant,USD million,128.875
2018,IRQ,Iraq,Private,constant,USD million,241.845
2018,JAM,Jamaica,Bilateral,constant,USD million,86.9588
2018,JAM,Jamaica,Multilateral,constant,USD million,247.931
2018,JAM,Jamaica,Private,constant,USD million,650.491
2018,JOR,Jordan,Bilateral,constant,USD million,248.2957
2018,JOR,Jordan,Multilateral,constant,USD million,438.7892
2018,JOR,Jordan,Private,constant,USD million,350.818
2018,KAZ,Kazakhstan,Bilateral,constant,USD million,99.975
2018,KAZ,Kazakhstan,Multilateral,constant,USD million,810.2293
2018,KAZ,Kazakhstan,Private,constant,USD million,765.736
2018,KEN,Kenya,Bilateral,constant,USD million,570.8825
2018,KEN,Kenya,Multilateral,constant,USD million,521.6275
2018,KEN,Kenya,Private,constant,USD million,924.5105
2018,KGZ,Kyrgyz Republic,Bilateral,constant,USD million,71.2449
2018,KGZ,Kyrgyz Republic,Multilateral,constant,USD million,70.6405
2018,KHM,Cambodia,Bilateral,constant,USD million,166.2193
2018,KHM,Cambodia,Multilateral,constant,USD million,79.8746
2018,LAO,Lao PDR,Bilateral,constant,USD million,321.7029
2018,LAO,Lao PDR,Multilateral,constant,USD million,94.405
2018,LAO,Lao PDR,Private,constant,USD million,202.0142
2018,LBN,Lebanon,Bilateral,constant,USD million,147.9615
2018,LBN,Lebanon,Multilateral,constant,USD million,147.4331
2018,LBN,Lebanon,Private,constant,USD million,4040.3966
2018,LBR,Liberia,Bilateral,constant,USD million,5.2033
2018,LBR,Liberia,Multilateral,constant,USD million,6.6423
2018,LCA,St. Lucia,Bilateral,constant,USD million,4.3326
2018,LCA,St. Lucia,Multilateral,constant,USD million,20.3125
2018,LCA,St. Lucia,Private,constant,USD million,18.002
2018,LKA,Sri Lanka,Bilateral,constant,USD million,1079.0259
2018,LKA,Sri Lanka,Multilateral,constant,USD million,482.166
2018,LKA,Sri Lanka,Private,constant,USD million,3010.7797
2018,LSO,Lesotho,Bilateral,constant,USD million,9.5771
2018,LSO,Lesotho,Multilateral,constant,USD million,41.0477
2018,LSO,Lesotho,Private,constant,USD million,0.6329
2018,MAR,Morocco,Bilateral,constant,USD million,969.8815
2018,MAR,Morocco,Multilateral,constant,USD million,1274.4997
2018,MAR,Morocco,Private,constant,USD million,652.6427
2018,MDA,Moldova,Bilateral,constant,USD million,44.6188
2018,MDA,Moldova,Multilateral,constant,USD million,41.6245
2018,MDA,Moldova,Private,constant,USD million,0.271
2018,MDG,Madagascar,Bilateral,constant,USD million,32.7428
2018,MDG,Madagascar,Multilateral,constant,USD million,53.9737
2018,MDG,Madagascar,Private,constant,USD million,5.8143
2018,MDV,Maldives,Bilateral,constant,USD million,150.5838
2018,MDV,Maldives,Multilateral,constant,USD million,170.4671
2018,MDV,Maldives,Private,constant,USD million,46.3627
2018,MEX,Mexico,Bilateral,constant,USD million,816.2842
2018,MEX,Mexico,Multilateral,constant,USD million,2484.2433
2018,MEX,Mexico,Private,constant,USD million,28300.0954
2018,MKD,North Macedonia,Bilateral,constant,USD million,28.6624
2018,MKD,North Macedonia,Multilateral,constant,USD million,141.0899
2018,MKD,North Macedonia,Private,constant,USD million,264.1488
2018,MLI,Mali,Bilateral,constant,USD million,42.2683
2018,MLI,Mali,Multilateral,constant,USD million,101.8849
2018,MLI,Mali,Private,constant,USD million,0.0718
2018,MMR,Myanmar,Bilateral,constant,USD million,455.8999
2018,MMR,Myanmar,Multilateral,constant,USD million,63.0464
2018,MMR,Myanmar,Private,constant,USD million,402.0313
2018,MNE,Montenegro,Bilateral,constant,USD million,45.8932
2018,MNE,Montenegro,Multilateral,constant,USD million,76.9787
2018,MNE,Montenegro,Private,constant,USD million,455.2932
2018,MNG,Mongolia,Bilateral,constant,USD million,67.4283
2018,MNG,Mongolia,Multilateral,constant,USD million,71.9998
2018,MNG,Mongolia,Private,constant,USD million,749.1131
2018,MOZ,Mozambique,Bilateral,constant,USD million,199.9126
2018,MOZ,Mozambique,Multilateral,constant,USD million,100.4508
2018,MOZ,Mozambique,Private,constant,USD million,255.2771
2018,MRT,Mauritania,Bilateral,constant,USD million,115.6035
2018,MRT,Mauritania,Multilateral,constant,USD million,222.2181
2018,MUS,Mauritius,Bilateral,constant,USD million,93.815
2018,MUS,Mauritius,Multilateral,constant,USD million,59.5316
2018,MUS,Mauritius,Private,constant,USD million,8.9839
2018,MWI,Malawi,Bilateral,constant,USD million,27.8842
2018,MWI,Malawi,Multilateral,constant,USD million,27.279
2018,NER,Niger,Bilateral,constant,USD million,41.8511
2018,NER,Niger,Multilateral,constant,USD million,61.9321
2018,NGA,Nigeria,Bilateral,constant,USD million,185.0066
2018,NGA,Nigeria,Multilateral,constant,USD million,323.629
2018,NGA,Nigeria,Private,constant,USD million,1184.2627
2018,NIC,Nicaragua,Bilateral,constant,USD million,40.9397
2018,NIC,Nicaragua,Multilateral,constant,USD million,194.9393
2018,NIC,Nicaragua,Private,constant,USD million,1.0358
2018,NPL,Nepal,Bilateral,constant,USD million,19.1403
2018,NPL,Nepal,Multilateral,constant,USD million,167.1034
2018,NPL,Nepal,Private,constant,USD million,0.0133
2018,PAK,Pakistan,Bilateral,constant,USD million,1633.5782
2018,PAK,Pakistan,Multilateral,constant,USD million,1692.4277
2018,PAK,Pakistan,Private,constant,USD million,1272.2932
2018,PER,Peru,Bilateral,constant,USD million,131.6049
2018,PER,Peru,Multilateral,constant,USD million,972.7404
2018,PER,Peru,Private,constant,USD million,1003.0738
2018,PHL,Philippines,Bilateral,constant,USD million,816.7577
2018,PHL,Philippines,Multilateral,constant,USD million,1032.904
2018,PHL,Philippines,Private,constant,USD million,3190.8429
2018,PNG,Papua New Guinea,Bilateral,constant,USD million,41.2431
2018,PNG,Papua New Guinea,Multilateral,constant,USD million,88.2819
2018,PNG,Papua New Guinea,Private,constant,USD million,47.9982
2018,PRY,Paraguay,Bilateral,constant,USD million,42.0819
2018,PRY,Paraguay,Multilateral,constant,USD million,231.991
2018,PRY,Paraguay,Private,constant,USD million,195.2002
2018,RUS,Russian Federation,Bilateral,constant,USD million,71.0979
2018,RUS,Russian Federation,Multilateral,constant,USD million,153.7506
2018,RUS,Russian Federation,Private,constant,USD million,53132.1303
2018,RWA,Rwanda,Bilateral,constant,USD million,17.6205
2018,RWA,Rwanda,Multilateral,constant,USD million,39.3891
2018,RWA,Rwanda,Private,constant,USD million,28.0815
2018,SDN,Sudan,Bilateral,constant,USD million,362.5872
2018,SDN,Sudan,Multilateral,constant,USD million,50.5056
2018,SEN,Senegal,Bilateral,constant,USD million,172.7337
2018,SEN,Senegal,Multilateral,constant,USD million,158.6853
2018,SEN,Senegal,Private,constant,USD million,227.785
2018,SLB,Solomon Islands,Bilateral,constant,USD million,1.33
2018,SLB,Solomon Islands,Multilateral,constant,USD million,4.0351
2018,SLE,Sierra Leone,Bilateral,constant,USD million,12.4406
2018,SLE,Sierra Leone,Multilateral,constant,USD million,30.5031
2018,SLV,El Salvador,Bilateral,constant,USD million,60.2904
2018,SLV,El Salvador,Multilateral,constant,USD million,520.5329
2018,SLV,El Salvador,Private,constant,USD million,410.7559
2018,SOM,Somalia,Multilateral,constant,USD million,0.0
2018,SRB,Serbia,Bilateral,constant,USD million,587.0999
2018,SRB,Serbia,Multilateral,constant,USD million,771.9644
2018,SRB,Serbia,Private,constant,USD million,1272.3417
2018,STP,Sao Tome and Principe,Bilateral,constant,USD million,0.6974
2018,STP,Sao Tome and Principe,Multilateral,constant,USD million,2.3828
2018,SUR,Suriname,Bilateral,constant,USD million,43.4223
2018,SUR,Suriname,Multilateral,constant,USD million,90.9538
2018,SUR,Suriname,Private,constant,USD million,99.4379
2018,SWZ,Eswatini,Bilateral,constant,USD million,23.1144
2018,SWZ,Eswatini,Multilateral,constant,USD million,18.1139
2018,SWZ,Eswatini,Private,constant,USD million,1.9727
2018,SYR,Syrian Arab Republic,Bilateral,constant,USD million,0.0
2018,SYR,Syrian Arab Republic,Multilateral,constant,USD million,0.0
2018,SYR,Syrian Arab Republic,Private,constant,USD million,0.0
2018,TCD,Chad,Bilateral,constant,USD million,35.5697
2018,TCD,Chad,Multilateral,constant,USD million,16.609
2018,TCD,Chad,Private,constant,USD million,109.8902
2018,TGO,Togo,Bilateral,constant,USD million,31.1521
2018,TGO,Togo,Multilateral,constant,USD million,38.6267
2018,TGO,Togo,Private,constant,USD million,7.2777
2018,THA,Thailand,Bilateral,constant,USD million,817.042
2018,THA,Thailand,Multilateral,constant,USD million,59.7733
2018,THA,Thailand,Private,constant,USD million,610.7823
2018,TJK,Tajikistan,Bilateral,constant,USD million,113.6378
2018,TJK,Tajikistan,Multilateral,constant,USD million,91.9485
2018,TJK,Tajikistan,Private,constant,USD million,43.8017
2018,TKM,Turkmenistan,Bilateral,constant,USD million,1614.2623
2018,TKM,Turkmenistan,Multilateral,constant,USD million,13.9658
2018,TKM,Turkmenistan,Private,constant,USD million,69.7078
2018,TLS,Timor-Leste,Multilateral,constant,USD million,3.2087
2018,TON,Tonga,Bilateral,constant,USD million,5.9125
2018,TON,Tonga,Multilateral,constant,USD million,3.749
2018,TUN,Tunisia,Bilateral,constant,USD million,519.8565
2018,TUN,Tunisia,Multilateral,constant,USD million,1255.3642
2018,TUN,Tunisia,Private,constant,USD million,422.0142
2018,TUR,Turkiye,Bilateral,constant,USD million,829.396
2018,TUR,Turkiye,Multilateral,constant,USD million,3015.3893
2018,TUR,Turkiye,Private,constant,USD million,15723.5004
2018,TZA,Tanzania,Bilateral,constant,USD million,332.9032
2018,TZA,Tanzania,Multilateral,constant,USD million,170.43
2018,TZA,Tanzania,Private,constant,USD million,469.3135
2018,UGA,Uganda,Bilateral,constant,USD million,89.555
2018,UGA,Uganda,Multilateral,constant,USD million,230.4654
2018,UGA,Uganda,Private,constant,USD million,0.6076
2018,UKR,Ukraine,Bilateral,constant,USD million,86.8095
2018,UKR,Ukraine,Multilateral,constant,USD million,1675.3182
2018,UKR,Ukraine,Private,constant,USD million,2123.057
2018,UZB,Uzbekistan,Bilateral,constant,USD million,350.8943
2018,UZB,Uzbekistan,Multilateral,constant,USD million,412.6654
2018,UZB,Uzbekistan,Private,constant,USD million,132.445
2018,VCT,St. Vincent and the Grenadines,Bilateral,constant,USD million,4.5096
2018,VCT,St. Vincent and the Grenadines,Multilateral,constant,USD million,26.6028
2018,VCT,St. Vincent and the Grenadines,Private,constant,USD million,5.2101
2018,VNM,Viet Nam,Bilateral,constant,USD million,1822.8995
2018,VNM,Viet Nam,Multilateral,constant,USD million,874.0425
2018,VNM,Viet Nam,Private,constant,USD million,1245.7337
2018,VUT,Vanuatu,Bilateral,constant,USD million,10.6421
2018,VUT,Vanuatu,Multilateral,constant,USD million,4.2174
2018,WSM,Samoa,Bilateral,constant,USD million,15.6115
2018,WSM,Samoa,Multilateral,constant,USD million,12.9372
2018,XKX,Kosovo,Bilateral,constant,USD million,8.8926
2018,XKX,Kosovo,Multilateral,constant,USD million,20.2577
2018,XKX,Kosovo,Private,constant,USD million,0.0896
2018,YEM,"Yemen, Rep.",Bilateral,constant,USD million,0.3814
2018,YEM,"Yemen, Rep.",Multilateral,constant,USD million,142.4673
2018,ZAF,South Africa,Bilateral,constant,USD million,9.7117
2018,ZAF,South Africa,Multilateral,constant,USD million,573.4231
2018,ZAF,South Africa,Private,constant,USD million,13312.2743
2018,ZMB,Zambia,Bilateral,constant,USD million,255.3901
2018,ZMB,Zambia,Multilateral,constant,USD million,44.1468
2018,ZMB,Zambia,Private,constant,USD million,457.9646
2018,ZWE,Zimbabwe,Bilateral,constant,USD million,23.569
2018,ZWE,Zimbabwe,Multilateral,constant,USD million,30.9311
2018,ZWE,Zimbabwe,Private,constant,USD million,0.0244
2019,AFG,Afghanistan,Bilateral,constant,USD million,5.2865
2019,AFG,Afghanistan,Multilateral,constant,USD million,33.1204
2019,AGO,Angola,Bilateral,constant,USD million,2948.5157
2019,AGO,Angola,Multilateral,constant,USD million,191.5089
2019,AGO,Angola,Private,constant,USD million,10439.2869
2019,ALB,Albania,Bilateral,constant,USD million,57.7557
2019,ALB,Albania,Multilateral,constant,USD million,168.6758
2019,ALB,Albania,Private,constant,USD million,75.5507
2019,ARG,Argentina,Bilateral,constant,USD million,2503.8319
2019,ARG,Argentina,Multilateral,constant,USD million,3699.093
2019,ARG,Argentina,Private,constant,USD million,32733.0751
2019,ARM,Armenia,Bilateral,constant,USD million,77.3177
2019,ARM,Armenia,Multilateral,constant,USD million,179.8974
2019,ARM,Armenia,Private,constant,USD million,457.6855
2019,AZE,Azerbaijan,Bilateral,constant,USD million,364.4149
2019,AZE,Azerbaijan,Multilateral,constant,USD million,679.52
2019,AZE,Azerbaijan,Private,constant,USD million,660.9588
2019,BDI,Burundi,Bilateral,constant,USD million,7.7992
2019,BDI,Burundi,Multilateral,constant,USD million,13.9709
2019,BEN,Benin,Bilateral,constant,USD million,27.4708
2019,BEN,Benin,Multilateral,constant,USD million,115.7605
2019,BEN,Benin,Private,constant,USD million,341.8859
2019,BFA,Burkina Faso,Bilateral,constant,USD million,29.17
2019,BFA,Burkina Faso,Multilateral,constant,USD million,90.145
2019,BFA,Burkina Faso,Private,constant,USD million,1.814
2019,BGD,Bangladesh,Bilateral,constant,USD million,447.5591
2019,BGD,Bangladesh,Multilateral,constant,USD million,1086.4807
2019,BGD,Bangladesh,Private,constant,USD million,142.7718
2019,BGR,Bulgaria,Bilateral,constant,USD million,34.1143
2019,BGR,Bulgaria,Multilateral,constant,USD million,230.6514
2019,BGR,Bulgaria,Private,constant,USD million,178.8679
2019,BIH,Bosnia and Herzegovina,Bilateral,constant,USD million,71.0011
2019,BIH,Bosnia and Herzegovina,Multilateral,constant,USD million,314.7435
2019,BIH,Bosnia and Herzegovina,Private,constant,USD million,36.7858
2019,BLR,Belarus,Bilateral,constant,USD million,1847.3423
2019,BLR,Belarus,Multilateral,constant,USD million,572.5002
2019,BLR,Belarus,Private,constant,USD million,852.1346
2019,BLZ,Belize,Bilateral,constant,USD million,18.0847
2019,BLZ,Belize,Multilateral,constant,USD million,43.1222
2019,BLZ,Belize,Private,constant,USD million,27.8968
2019,BOL,Bolivia,Bilateral,constant,USD million,78.3763
2019,BOL,Bolivia,Multilateral,constant,USD million,558.9351
2019,BOL,Bolivia,Private,constant,USD million,93.4126
2019,BRA,Brazil,Bilateral,constant,USD million,6456.4868
2019,BRA,Brazil,Multilateral,constant,USD million,3190.8394
2019,BRA,Brazil,Private,constant,USD million,30995.0974
2019,BTN,Bhutan,Bilateral,constant,USD million,20.9096
2019,BTN,Bhutan,Multilateral,constant,USD million,23.0565
2019,BTN,Bhutan,Private,constant,USD million,10.4213
2019,BWA,Botswana,Bilateral,constant,USD million,11.7731
2019,BWA,Botswana,Multilateral,constant,USD million,159.6915
2019,BWA,Botswana,Private,constant,USD million,4.3734
2019,CAF,Central African Republic,Bilateral,constant,USD million,5.4869
2019,CAF,Central African Republic,Multilateral,constant,USD million,9.0793
2019,CAF,Central African Republic,Private,constant,USD million,0.0195
2019,CHN,China,Bilateral,constant,USD million,2788.6882
2019,CHN,China,Multilateral,constant,USD million,3848.8764
2019,CHN,China,Private,constant,USD million,22711.6645
2019,CIV,Cote d'Ivoire,Bilateral,constant,USD million,425.1299
2019,CIV,Cote d'Ivoire,Multilateral,constant,USD million,93.867
2019,CIV,Cote d'Ivoire,Private,constant,USD million,1888.2599
2019,CMR,Cameroon,Bilateral,constant,USD million,440.3811
2019,CMR,Cameroon,Multilateral,constant,USD million,95.3881
2019,CMR,Cameroon,Private,constant,USD million,93.8532
2019,COD,"Congo, Dem. Rep.",Bilateral,constant,USD million,53.875
2019,COD,"Congo, Dem. Rep.",Multilateral,constant,USD million,802.5568
2019,COD,"Congo, Dem. Rep.",Private,constant,USD million,14.2266
2019,COG,"Congo, Rep.",Bilateral,constant,USD million,185.195
2019,COG,"Congo, Rep.",Multilateral,constant,USD million,98.0478
2019,COG,"Congo, Rep.",Private,constant,USD million,91.9104
2019,COL,Colombia,Bilateral,constant,USD million,797.9087
2019,COL,Colombia,Multilateral,constant,USD million,1998.5602
2019,COL,Colombia,Private,constant,USD million,5635.3975
2019,COM,Comoros,Bilateral,constant,USD million,1.6154
2019,COM,Comoros,Multilateral,constant,USD million,0.3781
2019,CPV,Cabo Verde,Bilateral,constant,USD million,12.6037
2019,CPV,Cabo Verde,Multilateral,constant,USD million,36.6447
2019,CPV,Cabo Verde,Private,constant,USD million,8.2306
2019,CRI,Costa Rica,Bilateral,constant,USD million,41.9025
2019,CRI,Costa Rica,Multilateral,constant,USD million,952.1108
2019,CRI,Costa Rica,Private,constant,USD million,752.5702
2019,DJI,Djibouti,Bilateral,constant,USD million,26.7405
2019,DJI,Djibouti,Multilateral,constant,USD million,35.8761
2019,DMA,Dominica,Bilateral,constant,USD million,7.8432
2019,DMA,Dominica,Multilateral,constant,USD million,10.5699
2019,DMA,Dominica,Private,constant,USD million,4.7863
2019,DOM,Dominican Republic,Bilateral,constant,USD million,193.0805
2019,DOM,Dominican Republic,Multilateral,constant,USD million,453.2118
2019,DOM,Dominican Republic,Private,constant,USD million,1336.0698
2019,DZA,Algeria,Bilateral,constant,USD million,99.0059
2019,DZA,Algeria,Multilateral,constant,USD million,16.8628
2019,DZA,Algeria,Private,constant,USD million,5.0949
2019,ECU,Ecuador,Bilateral,constant,USD million,1501.0964
2019,ECU,Ecuador,Multilateral,constant,USD million,1152.4695
2019,ECU,Ecuador,Private,constant,USD million,3410.9684
2019,EGY,"Egypt, Arab Rep.",Bilateral,constant,USD million,3917.705
2019,EGY,"Egypt, Arab Rep.",Multilateral,constant,USD million,3924.4013
2019,EGY,"Egypt, Arab Rep.",Private,constant,USD million,2953.2103
2019,ERI,Eritrea,Bilateral,constant,USD million,18.029
2019,ERI,Eritrea,Multilateral,constant,USD million,6.224
2019,ETH,Ethiopia,Bilateral,constant,USD million,759.7244
2019,ETH,Ethiopia,Multilateral,constant,USD million,181.398
2019,ETH,Ethiopia,Private,constant,USD million,1059.8241
2019,FJI,Fiji,Bilateral,constant,USD million,144.7975
2019,FJI,Fiji,Multilateral,constant,USD million,25.1428
2019,FJI,Fiji,Private,constant,USD million,6.3469
2019,GAB,Gabon,Bilateral,constant,USD million,98.7869
2019,GAB,Gabon,Multilateral,constant,USD million,153.1163
2019,GAB,Gabon,Private,constant,USD million,366.7068
2019,GEO,Georgia,Bilateral,constant,USD million,90.4347
2019,GEO,Georgia,Multilateral,constant,USD million,273.2523
2019,GEO,Georgia,Private,constant,USD million,169.8158
2019,GHA,Ghana,Bilateral,constant,USD million,478.902
2019,GHA,Ghana,Multilateral,constant,USD million,123.5009
2019,GHA,Ghana,Private,constant,USD million,1429.5255
2019,GIN,Guinea,Bilateral,constant,USD million,56.2737
2019,GIN,Guinea,Multilateral,constant,USD million,35.147
2019,GMB,"Gambia, The",Bilateral,constant,USD million,10.1221
2019,GMB,"Gambia, The",Multilateral,constant,USD million,22.1007
2019,GMB,"Gambia, The",Private,constant,USD million,2.2659
2019,GNB,Guinea-Bissau,Bilateral,constant,USD million,1.1173
2019,GNB,Guinea-Bissau,Multilateral,constant,USD million,10.7401
2019,GNB,Guinea-Bissau,Private,constant,USD million,3.5126
2019,GRD,Grenada,Bilateral,constant,USD million,11.7757
2019,GRD,Grenada,Multilateral,constant,USD million,17.9013
2019,GRD,Grenada,Private,constant,USD million,18.2362
2019,GTM,Guatemala,Bilateral,constant,USD million,42.9493
2019,GTM,Guatemala,Multilateral,constant,USD million,546.5254
2019,GTM,Guatemala,Private,constant,USD million,146.7941
2019,GUY,Guyana,Bilateral,constant,USD million,32.7396
2019,GUY,Guyana,Multilateral,constant,USD million,41.0167
2019,GUY,Guyana,Private,constant,USD million,1.7652
2019,HND,Honduras,Bilateral,constant,USD million,40.5017
2019,HND,Honduras,Multilateral,constant,USD million,309.2891
2019,HND,Honduras,Private,constant,USD million,218.5566
2019,HTI,Haiti,Bilateral,constant,USD million,3.7668
2019,HTI,Haiti,Multilateral,constant,USD million,3.5638
2019,HTI,Haiti,Private,constant,USD million,2.6828
2019,IDN,Indonesia,Bilateral,constant,USD million,3274.0576
2019,IDN,Indonesia,Multilateral,constant,USD million,3110.1623
2019,IDN,Indonesia,Private,constant,USD million,13544.9891
2019,IND,India,Bilateral,constant,USD million,2951.1173
2019,IND,India,Multilateral,constant,USD million,5166.6064
2019,IND,India,Private,constant,USD million,7533.613
2019,IRN,"Iran, Islamic Rep.",Bilateral,constant,USD million,34.8019
2019,IRN,"Iran, Islamic Rep.",Multilateral,constant,USD million,159.9365
2019,IRQ,Iraq,Bilateral,constant,USD million,1312.4525
2019,IRQ,Iraq,Multilateral,constant,USD million,168.5253
2019,IRQ,Iraq,Private,constant,USD million,305.35
2019,JAM,Jamaica,Bilateral,constant,USD million,91.9496
2019,JAM,Jamaica,Multilateral,constant,USD million,279.6364
2019,JAM,Jamaica,Private,constant,USD million,1474.0476
2019,JOR,Jordan,Bilateral,constant,USD million,236.5034
2019,JOR,Jordan,Multilateral,constant,USD million,455.6015
2019,JOR,Jordan,Private,constant,USD million,1313.7859
2019,KAZ,Kazakhstan,Bilateral,constant,USD million,599.8697
2019,KAZ,Kazakhstan,Multilateral,constant,USD million,1387.6581
2019,KAZ,Kazakhstan,Private,constant,USD million,933.7738
2019,KEN,Kenya,Bilateral,constant,USD million,664.6079
2019,KEN,Kenya,Multilateral,constant,USD million,788.9134
2019,KEN,Kenya,Private,constant,USD million,1901.8143
2019,KGZ,Kyrgyz Republic,Bilateral,constant,USD million,79.1496
2019,KGZ,Kyrgyz Republic,Multilateral,constant,USD million,70.5049
2019,KHM,Cambodia,Bilateral,constant,USD million,197.6802
2019,KHM,Cambodia,Multilateral,constant,USD million,82.7934
2019,LAO,Lao PDR,Bilateral,constant,USD million,320.5846
2019,LAO,Lao PDR,Multilateral,constant,USD million,95.9564
2019,LAO,Lao PDR,Private,constant,USD million,337.1094
2019,LBN,Lebanon,Bilateral,constant,USD million,125.4502
2019,LBN,Lebanon,Multilateral,constant,USD million,149.3359
2019,LBN,Lebanon,Private,constant,USD million,4374.8139
2019,LBR,Liberia,Bilateral,constant,USD million,6.2433
2019,LBR,Liberia,Multilateral,constant,USD million,6.4852
2019,LCA,St. Lucia,Bilateral,constant,USD million,5.3571
2019,LCA,St. Lucia,Multilateral,constant,USD million,19.496
2019,LCA,St. Lucia,Private,constant,USD million,18.5698
2019,LKA,Sri Lanka,Bilateral,constant,USD million,1137.9211
2019,LKA,Sri Lanka,Multilateral,constant,USD million,585.5748
2019,LKA,Sri Lanka,Private,constant,USD million,3696.3703
2019,LSO,Lesotho,Bilateral,constant,USD million,10.5503
2019,LSO,Lesotho,Multilateral,constant,USD million,43.6024
2019,LSO,Lesotho,Private,constant,USD million,0.7012
2019,MAR,Morocco,Bilateral,constant,USD million,1013.7551
2019,MAR,Morocco,Multilateral,constant,USD million,1290.6605
2019,MAR,Morocco,Private,constant,USD million,631.1811
2019,MDA,Moldova,Bilateral,constant,USD million,47.1753
2019,MDA,Moldova,Multilateral,constant,USD million,48.1973
2019,MDA,Moldova,Private,constant,USD million,0.5958
2019,MDG,Madagascar,Bilateral,constant,USD million,20.1144
2019,MDG,Madagascar,Multilateral,constant,USD million,56.4882
2019,MDG,Madagascar,Private,constant,USD million,14.0452
2019,MDV,Maldives,Bilateral,constant,USD million,152.0283
2019,MDV,Maldives,Multilateral,constant,USD million,176.4245
2019,MDV,Maldives,Private,constant,USD million,65.9105
2019,MEX,Mexico,Bilateral,constant,USD million,468.1134
2019,MEX,Mexico,Multilateral,constant,USD million,2213.9578
2019,MEX,Mexico,Private,constant,USD million,38718.4085
2019,MKD,North Macedonia,Bilateral,constant,USD million,41.4156
2019,MKD,North Macedonia,Multilateral,constant,USD million,140.0646
2019,MKD,North Macedonia,Private,constant,USD million,115.3878
2019,MLI,Mali,Bilateral,constant,USD million,61.3436
2019,MLI,Mali,Multilateral,constant,USD million,113.2224
2019,MLI,Mali,Private,constant,USD million,0.1298
2019,MMR,Myanmar,Bilateral,constant,USD million,334.1713
2019,MMR,Myanmar,Multilateral,constant,USD million,60.7887
2019,MMR,Myanmar,Private,constant,USD million,338.9664
2019,MNE,Montenegro,Bilateral,constant,USD million,53.0378
2019,MNE,Montenegro,Multilateral,constant,USD million,64.3766
2019,MNE,Montenegro,Private,constant,USD million,354.9268
2019,MNG,Mongolia,Bilateral,constant,USD million,67.9051
2019,MNG,Mongolia,Multilateral,constant,USD million,93.5582
2019,MNG,Mongolia,Private,constant,USD million,317.2085
2019,MOZ,Mozambique,Bilateral,constant,USD million,248.7808
2019,MOZ,Mozambique,Multilateral,constant,USD million,126.5665
2019,MOZ,Mozambique,Private,constant,USD million,359.6604
2019,MRT,Mauritania,Bilateral,constant,USD million,125.049
2019,MRT,Mauritania,Multilateral,constant,USD million,198.0377
2019,MUS,Mauritius,Bilateral,constant,USD million,99.2209
2019,MUS,Mauritius,Multilateral,constant,USD million,75.8249
2019,MUS,Mauritius,Private,constant,USD million,5.8988
2019,MWI,Malawi,Bilateral,constant,USD million,35.8888
2019,MWI,Malawi,Multilateral,constant,USD million,39.706
2019,NER,Niger,Bilateral,constant,USD million,50.4136
2019,NER,Niger,Multilateral,constant,USD million,71.1486
2019,NGA,Nigeria,Bilateral,constant,USD million,266.4677
2019,NGA,Nigeria,Multilateral,constant,USD million,380.2947
2019,NGA,Nigeria,Private,constant,USD million,844.7114
2019,NIC,Nicaragua,Bilateral,constant,USD million,45.6254
2019,NIC,Nicaragua,Multilateral,constant,USD million,255.0688
2019,NIC,Nicaragua,Private,constant,USD million,3.6112
2019,NPL,Nepal,Bilateral,constant,USD million,40.2519
2019,NPL,Nepal,Multilateral,constant,USD million,179.6366
2019,NPL,Nepal,Private,constant,USD million,0.012
2019,PAK,Pakistan,Bilateral,constant,USD million,3037.8264
2019,PAK,Pakistan,Multilateral,constant,USD million,2535.8784
2019,PAK,Pakistan,Private,constant,USD million,4495.1539
2019,PER,Peru,Bilateral,constant,USD million,120.5405
2019,PER,Peru,Multilateral,constant,USD million,653.0465
2019,PER,Peru,Private,constant,USD million,1415.3145
2019,PHL,Philippines,Bilateral,constant,USD million,771.64
2019,PHL,Philippines,Multilateral,constant,USD million,1113.7642
2019,PHL,Philippines,Private,constant,USD million,4976.3587
2019,PNG,Papua New Guinea,Bilateral,constant,USD million,47.8183
2019,PNG,Papua New Guinea,Multilateral,constant,USD million,116.9734
2019,PNG,Papua New Guinea,Private,constant,USD million,265.4637
2019,PRY,Paraguay,Bilateral,constant,USD million,41.7259
2019,PRY,Paraguay,Multilateral,constant,USD million,308.2692
2019,PRY,Paraguay,Private,constant,USD million,225.9144
2019,RUS,Russian Federation,Bilateral,constant,USD million,73.6327
2019,RUS,Russian Federation,Multilateral,constant,USD million,136.7153
2019,RUS,Russian Federation,Private,constant,USD million,34335.6343
2019,RWA,Rwanda,Bilateral,constant,USD million,20.4877
2019,RWA,Rwanda,Multilateral,constant,USD million,45.0897
2019,RWA,Rwanda,Private,constant,USD million,28.6203
2019,SDN,Sudan,Bilateral,constant,USD million,253.3678
2019,SDN,Sudan,Multilateral,constant,USD million,114.9397
2019,SEN,Senegal,Bilateral,constant,USD million,328.6869
2019,SEN,Senegal,Multilateral,constant,USD million,170.5582
2019,SEN,Senegal,Private,constant,USD million,267.4653
2019,SLB,Solomon Islands,Bilateral,constant,USD million,1.3122
2019,SLB,Solomon Islands,Multilateral,constant,USD million,4.408
2019,SLE,Sierra Leone,Bilateral,constant,USD million,15.5689
2019,SLE,Sierra Leone,Multilateral,constant,USD million,37.9667
2019,SLE,Sierra Leone,Private,constant,USD million,7.9149
2019,SLV,El Salvador,Bilateral,constant,USD million,51.5142
2019,SLV,El Salvador,Multilateral,constant,USD million,549.7695
2019,SLV,El Salvador,Private,constant,USD million,1185.0076
2019,SOM,Somalia,Multilateral,constant,USD million,0.0
2019,SRB,Serbia,Bilateral,constant,USD million,456.3646
2019,SRB,Serbia,Multilateral,constant,USD million,690.6031
2019,SRB,Serbia,Private,constant,USD million,1737.1173
2019,STP,Sao Tome and Principe,Bilateral,constant,USD million,1.099
2019,STP,Sao Tome and Principe,Multilateral,constant,USD million,4.9258
2019,SUR,Suriname,Bilateral,constant,USD million,46.2061
2019,SUR,Suriname,Multilateral,constant,USD million,91.8933
2019,SUR,Suriname,Private,constant,USD million,100.6975
2019,SWZ,Eswatini,Bilateral,constant,USD million,23.0168
2019,SWZ,Eswatini,Multilateral,constant,USD million,23.6687
2019,SWZ,Eswatini,Private,constant,USD million,5.3734
2019,SYR,Syrian Arab Republic,Private,constant,USD million,0.0
2019,TCD,Chad,Bilateral,constant,USD million,9.3615
2019,TCD,Chad,Multilateral,constant,USD million,25.5319
2019,TCD,Chad,Private,constant,USD million,98.4779
2019,TGO,Togo,Bilateral,constant,USD million,36.611
2019,TGO,Togo,Multilateral,constant,USD million,45.7545
2019,TGO,Togo,Private,constant,USD million,3.7543
2019,THA,Thailand,Bilateral,constant,USD million,729.3655
2019,THA,Thailand,Multilateral,constant,USD million,138.6247
2019,THA,Thailand,Private,constant,USD million,870.1038
2019,TJK,Tajikistan,Bilateral,constant,USD million,119.5784
2019,TJK,Tajikistan,Multilateral,constant,USD million,91.421
2019,TJK,Tajikistan,Private,constant,USD million,44.6552
2019,TKM,Turkmenistan,Bilateral,constant,USD million,1708.4949
2019,TKM,Turkmenistan,Multilateral,constant,USD million,39.2779
2019,TKM,Turkmenistan,Private,constant,USD million,65.4774
2019,TLS,Timor-Leste,Multilateral,constant,USD million,6.7906
2019,TON,Tonga,Bilateral,constant,USD million,2.067
2019,TON,Tonga,Multilateral,constant,USD million,3.3577
2019,TUN,Tunisia,Bilateral,constant,USD million,448.2321
2019,TUN,Tunisia,Multilateral,constant,USD million,1187.0835
2019,TUN,Tunisia,Private,constant,USD million,1312.0976
2019,TUR,Turkiye,Bilateral,constant,USD million,915.7186
2019,TUR,Turkiye,Multilateral,constant,USD million,3805.386
2019,TUR,Turkiye,Private,constant,USD million,19582.2404
2019,TZA,Tanzania,Bilateral,constant,USD million,372.0381
2019,TZA,Tanzania,Multilateral,constant,USD million,196.6096
2019,TZA,Tanzania,Private,constant,USD million,630.3085
2019,UGA,Uganda,Bilateral,constant,USD million,125.8025
2019,UGA,Uganda,Multilateral,constant,USD million,135.2998
2019,UGA,Uganda,Private,constant,USD million,10.3699
2019,UKR,Ukraine,Bilateral,constant,USD million,77.3391
2019,UKR,Ukraine,Multilateral,constant,USD million,826.1633
2019,UKR,Ukraine,Private,constant,USD million,2250.2083
2019,UZB,Uzbekistan,Bilateral,constant,USD million,387.6126
2019,UZB,Uzbekistan,Multilateral,constant,USD million,551.9265
2019,UZB,Uzbekistan,Private,constant,USD million,148.8067
2019,VCT,St. Vincent and the Grenadines,Bilateral,constant,USD million,4.5582
2019,VCT,St. Vincent and the Grenadines,Multilateral,constant,USD million,25.9348
2019,VCT,St. Vincent and the Grenadines,Private,constant,USD million,3.8108
2019,VNM,Viet Nam,Bilateral,constant,USD million,1957.2064
2019,VNM,Viet Nam,Multilateral,constant,USD million,1014.5089
2019,VNM,Viet Nam,Private,constant,USD million,1203.529
2019,VUT,Vanuatu,Bilateral,constant,USD million,5.1834
2019,VUT,Vanuatu,Multilateral,constant,USD million,3.3146
2019,WSM,Samoa,Bilateral,constant,USD million,14.9877
2019,WSM,Samoa,Multilateral,constant,USD million,12.676
2019,XKX,Kosovo,Bilateral,constant,USD million,9.0506
2019,XKX,Kosovo,Multilateral,constant,USD million,22.9018
2019,XKX,Kosovo,Private,constant,USD million,0.6333
2019,YEM,"Yemen, Rep.",Bilateral,constant,USD million,0.2197
2019,YEM,"Yemen, Rep.",Multilateral,constant,USD million,144.0003
2019,ZAF,South Africa,Bilateral,constant,USD million,130.0397
2019,ZAF,South Africa,Multilateral,constant,USD million,574.0493
2019,ZAF,South Africa,Private,constant,USD million,6381.813
2019,ZMB,Zambia,Bilateral,constant,USD million,371.4088
2019,ZMB,Zambia,Multilateral,constant,USD million,57.0583
2019,ZMB,Zambia,Private,constant,USD million,688.7407
2019,ZWE,Zimbabwe,Bilateral,constant,USD million,36.718
2019,ZWE,Zimbabwe,Multilateral,constant,USD million,12.9291
2019,ZWE,Zimbabwe,Private,constant,USD million,5.6096
2020,AFG,Afghanistan,Bilateral,constant,USD million,0.5958
2020,AFG,Afghanistan,Multilateral,constant,USD million,30.1857
2020,AGO,Angola,Bilateral,constant,USD million,1120.9164
2020,AGO,Angola,Multilateral,constant,USD million,352.8074
2020,AGO,Angola,Private,constant,USD million,11409.9569
2020,ALB,Albania,Bilateral,constant,USD million,56.7271
2020,ALB,Albania,Multilateral,constant,USD million,171.5776
2020,ALB,Albania,Private,constant,USD million,294.5925
2020,ARG,Argentina,Bilateral,constant,USD million,1064.9021
2020,ARG,Argentina,Multilateral,constant,USD million,3816.316
2020,ARG,Argentina,Private,constant,USD million,10544.6462
2020,ARM,Armenia,Bilateral,constant,USD million,105.3247
2020,ARM,Armenia,Multilateral,constant,USD million,195.9141
2020,ARM,Armenia,Private,constant,USD million,153.2212
2020,AZE,Azerbaijan,Bilateral,constant,USD million,155.6247
2020,AZE,Azerbaijan,Multilateral,constant,USD million,828.0727
2020,AZE,Azerbaijan,Private,constant,USD million,651.4318
2020,BDI,Burundi,Bilateral,constant,USD million,1.5385
2020,BDI,Burundi,Multilateral,constant,USD million,13.2147
2020,BEN,Benin,Bilateral,constant,USD million,34.0583
2020,BEN,Benin,Multilateral,constant,USD million,85.6068
2020,BEN,Benin,Private,constant,USD million,78.1269
2020,BFA,Burkina Faso,Bilateral,constant,USD million,18.3807
2020,BFA,Burkina Faso,Multilateral,constant,USD million,96.6494
2020,BFA,Burkina Faso,Private,constant,USD million,1.8052
2020,BGD,Bangladesh,Bilateral,constant,USD million,467.1321
2020,BGD,Bangladesh,Multilateral,constant,USD million,1106.2552
2020,BGD,Bangladesh,Private,constant,USD million,147.8962
2020,BGR,Bulgaria,Bilateral,constant,USD million,31.3715
2020,BGR,Bulgaria,Multilateral,constant,USD million,224.8336
2020,BGR,Bulgaria,Private,constant,USD million,171.701
2020,BIH,Bosnia and Herzegovina,Bilateral,constant,USD million,81.5948
2020,BIH,Bosnia and Herzegovina,Multilateral,constant,USD million,295.3819
2020,BIH,Bosnia and Herzegovina,Private,constant,USD million,37.2174
2020,BLR,Belarus,Bilateral,constant,USD million,1950.2001
2020,BLR,Belarus,Multilateral,constant,USD million,618.885
2020,BLR,Belarus,Private,constant,USD million,869.8639
2020,BLZ,Belize,Bilateral,constant,USD million,16.2493
2020,BLZ,Belize,Multilateral,constant,USD million,40.5164
2020,BLZ,Belize,Private,constant,USD million,15.3484
2020,BOL,Bolivia,Bilateral,constant,USD million,81.1752
2020,BOL,Bolivia,Multilateral,constant,USD million,604.3777
2020,BOL,Bolivia,Private,constant,USD million,95.1707
2020,BRA,Brazil,Bilateral,constant,USD million,637.8261
2020,BRA,Brazil,Multilateral,constant,USD million,3659.1716
2020,BRA,Brazil,Private,constant,USD million,32543.0999
2020,BTN,Bhutan,Bilateral,constant,USD million,13.7357
2020,BTN,Bhutan,Multilateral,constant,USD million,26.6351
2020,BTN,Bhutan,Private,constant,USD million,5.8543
2020,BWA,Botswana,Bilateral,constant,USD million,13.0599
2020,BWA,Botswana,Multilateral,constant,USD million,154.4368
2020,CAF,Central African Republic,Bilateral,constant,USD million,1.0119
2020,CAF,Central African Republic,Multilateral,constant,USD million,2.4455
2020,CHN,China,Bilateral,constant,USD million,2950.7163
2020,CHN,China,Multilateral,constant,USD million,3338.4893
2020,CHN,China,Private,constant,USD million,27125.7622
2020,CIV,Cote d'Ivoire,Bilateral,constant,USD million,278.1259
2020,CIV,Cote d'Ivoire,Multilateral,constant,USD million,155.8015
2020,CIV,Cote d'Ivoire,Private,constant,USD million,1303.8612
2020,CMR,Cameroon,Bilateral,constant,USD million,258.3994
2020,CMR,Cameroon,Multilateral,constant,USD million,338.8021
2020,CMR,Cameroon,Private,constant,USD million,280.7958
2020,COD,"Congo, Dem. Rep.",Bilateral,constant,USD million,45.5142
2020,COD,"Congo, Dem. Rep.",Multilateral,constant,USD million,145.0526
2020,COD,"Congo, Dem. Rep.",Private,constant,USD million,16.3001
2020,COG,"Congo, Rep.",Bilateral,constant,USD million,275.8042
2020,COG,"Congo, Rep.",Multilateral,constant,USD million,93.5887
2020,COG,"Congo, Rep.",Private,constant,USD million,177.3196
2020,COL,Colombia,Bilateral,constant,USD million,616.8093
2020,COL,Colombia,Multilateral,constant,USD million,1938.321
2020,COL,Colombia,Private,constant,USD million,5252.1316
2020,COM,Comoros,Bilateral,constant,USD million,2.5686
2020,COM,Comoros,Multilateral,constant,USD million,0.4074
2020,CPV,Cabo Verde,Bilateral,constant,USD million,8.7581
2020,CPV,Cabo Verde,Multilateral,constant,USD million,38.7983
2020,CPV,Cabo Verde,Private,constant,USD million,6.6981
2020,CRI,Costa Rica,Bilateral,constant,USD million,23.1427
2020,CRI,Costa Rica,Multilateral,constant,USD million,576.4582
2020,CRI,Costa Rica,Private,constant,USD million,1002.7024
2020,DJI,Djibouti,Bilateral,constant,USD million,17.5483
2020,DJI,Djibouti,Multilateral,constant,USD million,33.7714
2020,DMA,Dominica,Bilateral,constant,USD million,5.3478
2020,DMA,Dominica,Multilateral,constant,USD million,10.7129
2020,DMA,Dominica,Private,constant,USD million,7.9674
2020,DOM,Dominican Republic,Bilateral,constant,USD million,170.9662
2020,DOM,Dominican Republic,Multilateral,constant,USD million,445.0552
2020,DOM,Dominican Republic,Private,constant,USD million,3826.372
2020,DZA,Algeria,Bilateral,constant,USD million,93.172
2020,DZA,Algeria,Multilateral,constant,USD million,19.5503
2020,DZA,Algeria,Private,constant,USD million,3.2039
2020,ECU,Ecuador,Bilateral,constant,USD million,1239.441
2020,ECU,Ecuador,Multilateral,constant,USD million,1162.199
2020,ECU,Ecuador,Private,constant,USD million,2484.8477
2020,EGY,"Egypt, Arab Rep.",Bilateral,constant,USD million,5735.3449
2020,EGY,"Egypt, Arab Rep.",Multilateral,constant,USD million,2341.7016
2020,EGY,"Egypt, Arab Rep.",Private,constant,USD million,5034.9832
2020,ERI,Eritrea,Bilateral,constant,USD million,0.0
2020,ERI,Eritrea,Multilateral,constant,USD million,0.0
2020,ETH,Ethiopia,Bilateral,constant,USD million,643.8831
2020,ETH,Ethiopia,Multilateral,constant,USD million,221.2011
2020,ETH,Ethiopia,Private,constant,USD million,1041.8657
2020,FJI,Fiji,Bilateral,constant,USD million,25.1799
2020,FJI,Fiji,Multilateral,constant,USD million,16.0797
2020,FJI,Fiji,Private,constant,USD million,208.1848
2020,GAB,Gabon,Bilateral,constant,USD million,111.7588
2020,GAB,Gabon,Multilateral,constant,USD million,228.0696
2020,GAB,Gabon,Private,constant,USD million,1048.6418
2020,GEO,Georgia,Bilateral,constant,USD million,95.436
2020,GEO,Georgia,Multilateral,constant,USD million,291.8064
2020,GEO,Georgia,Private,constant,USD million,624.2521
2020,GHA,Ghana,Bilateral,constant,USD million,474.6208
2020,GHA,Ghana,Multilateral,constant,USD million,153.1284
2020,GHA,Ghana,Private,constant,USD million,1569.9507
2020,GIN,Guinea,Bilateral,constant,USD million,32.6954
2020,GIN,Guinea,Multilateral,constant,USD million,36.2319
2020,GIN,Guinea,Private,constant,USD million,1.4334
2020,GMB,"Gambia, The",Bilateral,constant,USD million,5.6628
2020,GMB,"Gambia, The",Multilateral,constant,USD million,20.0418
2020,GMB,"Gambia, The",Private,constant,USD million,2.1984
2020,GNB,Guinea-Bissau,Bilateral,constant,USD million,1.1125
2020,GNB,Guinea-Bissau,Multilateral,constant,USD million,14.1722
2020,GNB,Guinea-Bissau,Private,constant,USD million,5.8614
2020,GRD,Grenada,Bilateral,constant,USD million,7.4076
2020,GRD,Grenada,Multilateral,constant,USD million,16.9742
2020,GRD,Grenada,Private,constant,USD million,17.187
2020,GTM,Guatemala,Bilateral,constant,USD million,154.3288
2020,GTM,Guatemala,Multilateral,constant,USD million,513.3679
2020,GTM,Guatemala,Private,constant,USD million,280.937
2020,GUY,Guyana,Bilateral,constant,USD million,39.5383
2020,GUY,Guyana,Multilateral,constant,USD million,59.7506
2020,GUY,Guyana,Private,constant,USD million,2.3913
2020,HND,Honduras,Bilateral,constant,USD million,98.115
2020,HND,Honduras,Multilateral,constant,USD million,287.0858
2020,HND,Honduras,Private,constant,USD million,681.2311
2020,HTI,Haiti,Bilateral,constant,USD million,3.6614
2020,HTI,Haiti,Multilateral,constant,USD million,4.4891
2020,HTI,Haiti,Private,constant,USD million,1.8936
2020,IDN,Indonesia,Bilateral,constant,USD million,2992.3288
2020,IDN,Indonesia,Multilateral,constant,USD million,3144.4026
2020,IDN,Indonesia,Private,constant,USD million,21067.2063
2020,IND,India,Bilateral,constant,USD million,2041.5659
2020,IND,India,Multilateral,constant,USD million,4801.8953
2020,IND,India,Private,constant,USD million,17786.4329
2020,IRN,"Iran, Islamic Rep.",Bilateral,constant,USD million,53.9706
2020,IRN,"Iran, Islamic Rep.",Multilateral,constant,USD million,171.1789
2020,IRN,"Iran, Islamic Rep.",Private,constant,USD million,4.2423
2020,IRQ,Iraq,Bilateral,constant,USD million,2129.9804
2020,IRQ,Iraq,Multilateral,constant,USD million,167.6254
2020,IRQ,Iraq,Private,constant,USD million,635.4197
2020,JAM,Jamaica,Bilateral,constant,USD million,114.4832
2020,JAM,Jamaica,Multilateral,constant,USD million,251.0583
2020,JAM,Jamaica,Private,constant,USD million,670.1472
2020,JOR,Jordan,Bilateral,constant,USD million,251.9549
2020,JOR,Jordan,Multilateral,constant,USD million,401.363
2020,JOR,Jordan,Private,constant,USD million,1522.5461
2020,KAZ,Kazakhstan,Bilateral,constant,USD million,103.7801
2020,KAZ,Kazakhstan,Multilateral,constant,USD million,1410.7211
2020,KAZ,Kazakhstan,Private,constant,USD million,984.1188
2020,KEN,Kenya,Bilateral,constant,USD million,879.1513
2020,KEN,Kenya,Multilateral,constant,USD million,727.4225
2020,KEN,Kenya,Private,constant,USD million,449.6237
2020,KGZ,Kyrgyz Republic,Bilateral,constant,USD million,82.0259
2020,KGZ,Kyrgyz Republic,Multilateral,constant,USD million,78.0109
2020,KHM,Cambodia,Bilateral,constant,USD million,237.0916
2020,KHM,Cambodia,Multilateral,constant,USD million,91.9998
2020,LAO,Lao PDR,Bilateral,constant,USD million,173.5772
2020,LAO,Lao PDR,Multilateral,constant,USD million,99.1715
2020,LAO,Lao PDR,Private,constant,USD million,358.3689
2020,LBN,Lebanon,Bilateral,constant,USD million,118.0039
2020,LBN,Lebanon,Multilateral,constant,USD million,184.4411
2020,LBN,Lebanon,Private,constant,USD million,196.584
2020,LBR,Liberia,Bilateral,constant,USD million,5.3063
2020,LBR,Liberia,Multilateral,constant,USD million,18.4278
2020,LCA,St. Lucia,Bilateral,constant,USD million,5.1172
2020,LCA,St. Lucia,Multilateral,constant,USD million,18.9762
2020,LCA,St. Lucia,Private,constant,USD million,18.2625
2020,LKA,Sri Lanka,Bilateral,constant,USD million,1218.0562
2020,LKA,Sri Lanka,Multilateral,constant,USD million,626.601
2020,LKA,Sri Lanka,Private,constant,USD million,2940.4108
2020,LSO,Lesotho,Bilateral,constant,USD million,9.1814
2020,LSO,Lesotho,Multilateral,constant,USD million,47.2839
2020,LSO,Lesotho,Private,constant,USD million,0.0798
2020,MAR,Morocco,Bilateral,constant,USD million,942.4741
2020,MAR,Morocco,Multilateral,constant,USD million,1378.2674
2020,MAR,Morocco,Private,constant,USD million,1740.5532
2020,MDA,Moldova,Bilateral,constant,USD million,45.4092
2020,MDA,Moldova,Multilateral,constant,USD million,55.0838
2020,MDA,Moldova,Private,constant,USD million,1.4739
2020,MDG,Madagascar,Bilateral,constant,USD million,22.2912
2020,MDG,Madagascar,Multilateral,constant,USD million,59.0928
2020,MDG,Madagascar,Private,constant,USD million,16.1644
2020,MDV,Maldives,Bilateral,constant,USD million,72.7624
2020,MDV,Maldives,Multilateral,constant,USD million,95.9538
2020,MDV,Maldives,Private,constant,USD million,93.6801
2020,MEX,Mexico,Bilateral,constant,USD million,352.4047
2020,MEX,Mexico,Multilateral,constant,USD million,1826.9176
2020,MEX,Mexico,Private,constant,USD million,41660.2826
2020,MKD,North Macedonia,Bilateral,constant,USD million,55.4551
2020,MKD,North Macedonia,Multilateral,constant,USD million,143.5751
2020,MKD,North Macedonia,Private,constant,USD million,436.0857
2020,MLI,Mali,Bilateral,constant,USD million,82.4291
2020,MLI,Mali,Multilateral,constant,USD million,126.2593
2020,MMR,Myanmar,Bilateral,constant,USD million,267.4609
2020,MMR,Myanmar,Multilateral,constant,USD million,55.7559
2020,MMR,Myanmar,Private,constant,USD million,197.2029
2020,MNE,Montenegro,Bilateral,constant,USD million,54.1035
2020,MNE,Montenegro,Multilateral,constant,USD million,56.8745
2020,MNE,Montenegro,Private,constant,USD million,418.8684
2020,MNG,Mongolia,Bilateral,constant,USD million,96.3815
2020,MNG,Mongolia,Multilateral,constant,USD million,124.0674
2020,MNG,Mongolia,Private,constant,USD million,934.355
2020,MOZ,Mozambique,Bilateral,constant,USD million,241.1936
2020,MOZ,Mozambique,Multilateral,constant,USD million,142.4709
2020,MOZ,Mozambique,Private,constant,USD million,424.0248
2020,MRT,Mauritania,Bilateral,constant,USD million,63.6643
2020,MRT,Mauritania,Multilateral,constant,USD million,164.2055
2020,MUS,Mauritius,Bilateral,constant,USD million,107.6533
2020,MUS,Mauritius,Multilateral,constant,USD million,272.8768
2020,MUS,Mauritius,Private,constant,USD million,1.9305
2020,MWI,Malawi,Bilateral,constant,USD million,32.1198
2020,MWI,Malawi,Multilateral,constant,USD million,33.219
2020,NER,Niger,Bilateral,constant,USD million,47.7141
2020,NER,Niger,Multilateral,constant,USD million,105.906
2020,NER,Niger,Private,constant,USD million,4.9595
2020,NGA,Nigeria,Bilateral,constant,USD million,308.528
2020,NGA,Nigeria,Multilateral,constant,USD million,528.0095
2020,NGA,Nigeria,Private,constant,USD million,971.4551
2020,NIC,Nicaragua,Bilateral,constant,USD million,45.8619
2020,NIC,Nicaragua,Multilateral,constant,USD million,302.8762
2020,NIC,Nicaragua,Private,constant,USD million,3.4492
2020,NPL,Nepal,Bilateral,constant,USD million,32.4451
2020,NPL,Nepal,Multilateral,constant,USD million,198.6699
2020,PAK,Pakistan,Bilateral,constant,USD million,2713.7763
2020,PAK,Pakistan,Multilateral,constant,USD million,3552.0238
2020,PAK,Pakistan,Private,constant,USD million,3153.0943
2020,PER,Peru,Bilateral,constant,USD million,130.6329
2020,PER,Peru,Multilateral,constant,USD million,214.8642
2020,PER,Peru,Private,constant,USD million,795.0515
2020,PHL,Philippines,Bilateral,constant,USD million,722.489
2020,PHL,Philippines,Multilateral,constant,USD million,1004.3648
2020,PHL,Philippines,Private,constant,USD million,3874.6254
2020,PNG,Papua New Guinea,Bilateral,constant,USD million,369.1925
2020,PNG,Papua New Guinea,Multilateral,constant,USD million,112.762
2020,PNG,Papua New Guinea,Private,constant,USD million,510.259
2020,PRY,Paraguay,Bilateral,constant,USD million,63.7528
2020,PRY,Paraguay,Multilateral,constant,USD million,300.6342
2020,PRY,Paraguay,Private,constant,USD million,291.8305
2020,RUS,Russian Federation,Bilateral,constant,USD million,75.7481
2020,RUS,Russian Federation,Multilateral,constant,USD million,106.2258
2020,RUS,Russian Federation,Private,constant,USD million,57321.5832
2020,RWA,Rwanda,Bilateral,constant,USD million,37.9464
2020,RWA,Rwanda,Multilateral,constant,USD million,54.2288
2020,RWA,Rwanda,Private,constant,USD million,28.1313
2020,SDN,Sudan,Bilateral,constant,USD million,203.7573
2020,SDN,Sudan,Multilateral,constant,USD million,47.0687
2020,SEN,Senegal,Bilateral,constant,USD million,179.6104
2020,SEN,Senegal,Multilateral,constant,USD million,180.1534
2020,SEN,Senegal,Private,constant,USD million,392.692
2020,SLB,Solomon Islands,Bilateral,constant,USD million,1.3008
2020,SLB,Solomon Islands,Multilateral,constant,USD million,4.5979
2020,SLE,Sierra Leone,Bilateral,constant,USD million,11.0366
2020,SLE,Sierra Leone,Multilateral,constant,USD million,40.15
2020,SLE,Sierra Leone,Private,constant,USD million,8.963
2020,SLV,El Salvador,Bilateral,constant,USD million,50.2636
2020,SLV,El Salvador,Multilateral,constant,USD million,494.1418
2020,SLV,El Salvador,Private,constant,USD million,451.6379
2020,SOM,Somalia,Multilateral,constant,USD million,417.9072
2020,SRB,Serbia,Bilateral,constant,USD million,630.7032
2020,SRB,Serbia,Multilateral,constant,USD million,506.8521
2020,SRB,Serbia,Private,constant,USD million,1147.8132
2020,STP,Sao Tome and Principe,Bilateral,constant,USD million,0.3307
2020,STP,Sao Tome and Principe,Multilateral,constant,USD million,1.2873
2020,SUR,Suriname,Bilateral,constant,USD million,25.8952
2020,SUR,Suriname,Multilateral,constant,USD million,68.2591
2020,SUR,Suriname,Private,constant,USD million,57.5228
2020,SWZ,Eswatini,Bilateral,constant,USD million,31.8528
2020,SWZ,Eswatini,Multilateral,constant,USD million,31.0845
2020,SWZ,Eswatini,Private,constant,USD million,1.3436
2020,SYR,Syrian Arab Republic,Multilateral,constant,USD million,0.0
2020,SYR,Syrian Arab Republic,Private,constant,USD million,0.0
2020,TCD,Chad,Bilateral,constant,USD million,37.4058
2020,TCD,Chad,Multilateral,constant,USD million,35.516
2020,TCD,Chad,Private,constant,USD million,113.6708
2020,TGO,Togo,Bilateral,constant,USD million,23.9197
2020,TGO,Togo,Multilateral,constant,USD million,47.3498
2020,TGO,Togo,Private,constant,USD million,11.0643
2020,THA,Thailand,Bilateral,constant,USD million,248.9641
2020,THA,Thailand,Multilateral,constant,USD million,130.5108
2020,THA,Thailand,Private,constant,USD million,5535.0892
2020,TJK,Tajikistan,Bilateral,constant,USD million,63.866
2020,TJK,Tajikistan,Multilateral,constant,USD million,108.0827
2020,TJK,Tajikistan,Private,constant,USD million,47.5793
2020,TKM,Turkmenistan,Bilateral,constant,USD million,1595.5063
2020,TKM,Turkmenistan,Multilateral,constant,USD million,45.2707
2020,TKM,Turkmenistan,Private,constant,USD million,98.624
2020,TLS,Timor-Leste,Bilateral,constant,USD million,0.1602
2020,TLS,Timor-Leste,Multilateral,constant,USD million,7.4919
2020,TON,Tonga,Bilateral,constant,USD million,2.6764
2020,TON,Tonga,Multilateral,constant,USD million,3.3416
2020,TUN,Tunisia,Bilateral,constant,USD million,426.7453
2020,TUN,Tunisia,Multilateral,constant,USD million,929.8006
2020,TUN,Tunisia,Private,constant,USD million,1175.6514
2020,TUR,Turkiye,Bilateral,constant,USD million,3658.4486
2020,TUR,Turkiye,Multilateral,constant,USD million,4163.1521
2020,TUR,Turkiye,Private,constant,USD million,18063.1045
2020,TZA,Tanzania,Bilateral,constant,USD million,387.3334
2020,TZA,Tanzania,Multilateral,constant,USD million,225.9209
2020,TZA,Tanzania,Private,constant,USD million,611.1613
2020,UGA,Uganda,Bilateral,constant,USD million,152.5223
2020,UGA,Uganda,Multilateral,constant,USD million,142.0327
2020,UGA,Uganda,Private,constant,USD million,11.3263
2020,UKR,Ukraine,Bilateral,constant,USD million,179.3322
2020,UKR,Ukraine,Multilateral,constant,USD million,816.3158
2020,UKR,Ukraine,Private,constant,USD million,3310.1634
2020,UZB,Uzbekistan,Bilateral,constant,USD million,517.2485
2020,UZB,Uzbekistan,Multilateral,constant,USD million,630.8413
2020,UZB,Uzbekistan,Private,constant,USD million,195.8023
2020,VCT,St. Vincent and the Grenadines,Bilateral,constant,USD million,4.1033
2020,VCT,St. Vincent and the Grenadines,Multilateral,constant,USD million,21.2098
2020,VCT,St. Vincent and the Grenadines,Private,constant,USD million,4.9845
2020,VNM,Viet Nam,Bilateral,constant,USD million,1933.1498
2020,VNM,Viet Nam,Multilateral,constant,USD million,1088.4704
2020,VNM,Viet Nam,Private,constant,USD million,1711.2844
2020,VUT,Vanuatu,Bilateral,constant,USD million,8.4618
2020,VUT,Vanuatu,Multilateral,constant,USD million,3.5182
2020,WSM,Samoa,Bilateral,constant,USD million,9.2445
2020,WSM,Samoa,Multilateral,constant,USD million,13.6044
2020,XKX,Kosovo,Bilateral,constant,USD million,9.6197
2020,XKX,Kosovo,Multilateral,constant,USD million,25.0669
2020,XKX,Kosovo,Private,constant,USD million,0.4084
2020,YEM,"Yemen, Rep.",Multilateral,constant,USD million,146.2636
2020,ZAF,South Africa,Bilateral,constant,USD million,165.2927
2020,ZAF,South Africa,Multilateral,constant,USD million,601.9077
2020,ZAF,South Africa,Private,constant,USD million,10327.103
2020,ZMB,Zambia,Bilateral,constant,USD million,189.3611
2020,ZMB,Zambia,Multilateral,constant,USD million,85.3535
2020,ZMB,Zambia,Private,constant,USD million,667.853
2020,ZWE,Zimbabwe,Bilateral,constant,USD million,21.2583
2020,ZWE,Zimbabwe,Multilateral,constant,USD million,6.5145
2020,ZWE,Zimbabwe,Private,constant,USD million,2.6392
2021,AFG,Afghanistan,Multilateral,constant,USD million,24.8617
2021,AGO,Angola,Bilateral,constant,USD million,587.2771
2021,AGO,Angola,Multilateral,constant,USD million,279.8126
2021,AGO,Angola,Private,constant,USD million,12364.491
2021,ALB,Albania,Bilateral,constant,USD million,59.458
2021,ALB,Albania,Multilateral,constant,USD million,173.1933
2021,ALB,Albania,Private,constant,USD million,125.4668
2021,ARG,Argentina,Bilateral,constant,USD million,1020.1511
2021,ARG,Argentina,Multilateral,constant,USD million,3025.494
2021,ARG,Argentina,Private,constant,USD million,3236.8069
2021,ARM,Armenia,Bilateral,constant,USD million,95.6726
2021,ARM,Armenia,Multilateral,constant,USD million,193.5379
2021,ARM,Armenia,Private,constant,USD million,66.8612
2021,AZE,Azerbaijan,Bilateral,constant,USD million,143.7799
2021,AZE,Azerbaijan,Multilateral,constant,USD million,1004.7793
2021,AZE,Azerbaijan,Private,constant,USD million,638.9183
2021,BDI,Burundi,Bilateral,constant,USD million,2.9181
2021,BDI,Burundi,Multilateral,constant,USD million,15.5983
2021,BEN,Benin,Bilateral,constant,USD million,56.4192
2021,BEN,Benin,Multilateral,constant,USD million,95.8431
2021,BEN,Benin,Private,constant,USD million,497.3714
2021,BFA,Burkina Faso,Bilateral,constant,USD million,12.9903
2021,BFA,Burkina Faso,Multilateral,constant,USD million,103.6916
2021,BFA,Burkina Faso,Private,constant,USD million,1.7123
2021,BGD,Bangladesh,Bilateral,constant,USD million,505.1085
2021,BGD,Bangladesh,Multilateral,constant,USD million,1242.2954
2021,BGD,Bangladesh,Private,constant,USD million,533.8405
2021,BGR,Bulgaria,Bilateral,constant,USD million,28.0313
2021,BGR,Bulgaria,Multilateral,constant,USD million,198.752
2021,BGR,Bulgaria,Private,constant,USD million,178.4701
2021,BIH,Bosnia and Herzegovina,Bilateral,constant,USD million,83.3642
2021,BIH,Bosnia and Herzegovina,Multilateral,constant,USD million,276.1988
2021,BIH,Bosnia and Herzegovina,Private,constant,USD million,33.6284
2021,BLR,Belarus,Bilateral,constant,USD million,1715.8175
2021,BLR,Belarus,Multilateral,constant,USD million,503.9055
2021,BLR,Belarus,Private,constant,USD million,232.6572
2021,BLZ,Belize,Bilateral,constant,USD million,10.9162
2021,BLZ,Belize,Multilateral,constant,USD million,44.0981
2021,BLZ,Belize,Private,constant,USD million,528.6776
2021,BOL,Bolivia,Bilateral,constant,USD million,78.9851
2021,BOL,Bolivia,Multilateral,constant,USD million,562.2959
2021,BOL,Bolivia,Private,constant,USD million,91.4959
2021,BRA,Brazil,Bilateral,constant,USD million,1632.0507
2021,BRA,Brazil,Multilateral,constant,USD million,3454.5811
2021,BRA,Brazil,Private,constant,USD million,26779.4567
2021,BTN,Bhutan,Bilateral,constant,USD million,72.1975
2021,BTN,Bhutan,Multilateral,constant,USD million,32.487
2021,BTN,Bhutan,Private,constant,USD million,4.8235
2021,BWA,Botswana,Bilateral,constant,USD million,10.638
2021,BWA,Botswana,Multilateral,constant,USD million,120.8369
2021,CAF,Central African Republic,Bilateral,constant,USD million,0.646
2021,CAF,Central African Republic,Multilateral,constant,USD million,2.4873
2021,CAF,Central African Republic,Private,constant,USD million,2.1343
2021,CHN,China,Bilateral,constant,USD million,2005.2108
2021,CHN,China,Multilateral,constant,USD million,2691.2509
2021,CHN,China,Private,constant,USD million,40466.3653
2021,CIV,Cote d'Ivoire,Bilateral,constant,USD million,233.2863
2021,CIV,Cote d'Ivoire,Multilateral,constant,USD million,192.3175
2021,CIV,Cote d'Ivoire,Private,constant,USD million,698.9248
2021,CMR,Cameroon,Bilateral,constant,USD million,240.9407
2021,CMR,Cameroon,Multilateral,constant,USD million,196.4105
2021,CMR,Cameroon,Private,constant,USD million,251.4303
2021,COD,"Congo, Dem. Rep.",Bilateral,constant,USD million,64.9967
2021,COD,"Congo, Dem. Rep.",Multilateral,constant,USD million,176.5694
2021,COD,"Congo, Dem. Rep.",Private,constant,USD million,24.4085
2021,COG,"Congo, Rep.",Bilateral,constant,USD million,69.9822
2021,COG,"Congo, Rep.",Multilateral,constant,USD million,65.3208
2021,COG,"Congo, Rep.",Private,constant,USD million,152.3761
2021,COL,Colombia,Bilateral,constant,USD million,580.8344
2021,COL,Colombia,Multilateral,constant,USD million,2083.5611
2021,COL,Colombia,Private,constant,USD million,11188.4296
2021,COM,Comoros,Bilateral,constant,USD million,0.9177
2021,COM,Comoros,Multilateral,constant,USD million,0.4717
2021,CPV,Cabo Verde,Bilateral,constant,USD million,5.2089
2021,CPV,Cabo Verde,Multilateral,constant,USD million,39.8175
2021,CPV,Cabo Verde,Private,constant,USD million,2.5598
2021,CRI,Costa Rica,Bilateral,constant,USD million,42.1674
2021,CRI,Costa Rica,Multilateral,constant,USD million,375.6964
2021,CRI,Costa Rica,Private,constant,USD million,1108.8154
2021,DJI,Djibouti,Bilateral,constant,USD million,15.8505
2021,DJI,Djibouti,Multilateral,constant,USD million,30.0858
2021,DMA,Dominica,Bilateral,constant,USD million,0.687
2021,DMA,Dominica,Multilateral,constant,USD million,10.5356
2021,DMA,Dominica,Private,constant,USD million,4.2558
2021,DOM,Dominican Republic,Bilateral,constant,USD million,146.2593
2021,DOM,Dominican Republic,Multilateral,constant,USD million,362.3025
2021,DOM,Dominican Republic,Private,constant,USD million,1688.5446
2021,DZA,Algeria,Bilateral,constant,USD million,72.3645
2021,DZA,Algeria,Multilateral,constant,USD million,56.6528
2021,DZA,Algeria,Private,constant,USD million,2.2911
2021,ECU,Ecuador,Bilateral,constant,USD million,1440.9479
2021,ECU,Ecuador,Multilateral,constant,USD million,1056.3959
2021,ECU,Ecuador,Private,constant,USD million,489.2903
2021,EGY,"Egypt, Arab Rep.",Bilateral,constant,USD million,9042.2344
2021,EGY,"Egypt, Arab Rep.",Multilateral,constant,USD million,3640.0873
2021,EGY,"Egypt, Arab Rep.",Private,constant,USD million,5145.8511
2021,ERI,Eritrea,Bilateral,constant,USD million,0.0
2021,ERI,Eritrea,Multilateral,constant,USD million,0.0
2021,ETH,Ethiopia,Bilateral,constant,USD million,655.3963
2021,ETH,Ethiopia,Multilateral,constant,USD million,279.095
2021,ETH,Ethiopia,Private,constant,USD million,1080.4728
2021,FJI,Fiji,Bilateral,constant,USD million,3.7276
2021,FJI,Fiji,Multilateral,constant,USD million,19.2343
2021,GAB,Gabon,Bilateral,constant,USD million,105.7844
2021,GAB,Gabon,Multilateral,constant,USD million,82.8778
2021,GAB,Gabon,Private,constant,USD million,697.1624
2021,GEO,Georgia,Bilateral,constant,USD million,88.9343
2021,GEO,Georgia,Multilateral,constant,USD million,264.9649
2021,GEO,Georgia,Private,constant,USD million,846.9719
2021,GHA,Ghana,Bilateral,constant,USD million,364.1676
2021,GHA,Ghana,Multilateral,constant,USD million,160.6824
2021,GHA,Ghana,Private,constant,USD million,1918.8198
2021,GIN,Guinea,Bilateral,constant,USD million,45.7196
2021,GIN,Guinea,Multilateral,constant,USD million,41.1082
2021,GIN,Guinea,Private,constant,USD million,5.7628
2021,GMB,"Gambia, The",Bilateral,constant,USD million,5.0514
2021,GMB,"Gambia, The",Multilateral,constant,USD million,22.1775
2021,GMB,"Gambia, The",Private,constant,USD million,1.5146
2021,GNB,Guinea-Bissau,Bilateral,constant,USD million,4.2011
2021,GNB,Guinea-Bissau,Multilateral,constant,USD million,25.3337
2021,GNB,Guinea-Bissau,Private,constant,USD million,8.332
2021,GRD,Grenada,Bilateral,constant,USD million,7.154
2021,GRD,Grenada,Multilateral,constant,USD million,18.5546
2021,GRD,Grenada,Private,constant,USD million,16.0234
2021,GTM,Guatemala,Bilateral,constant,USD million,34.5712
2021,GTM,Guatemala,Multilateral,constant,USD million,453.3292
2021,GTM,Guatemala,Private,constant,USD million,284.1581
2021,GUY,Guyana,Bilateral,constant,USD million,35.31
2021,GUY,Guyana,Multilateral,constant,USD million,53.2226
2021,GUY,Guyana,Private,constant,USD million,2.05
2021,HND,Honduras,Bilateral,constant,USD million,43.0571
2021,HND,Honduras,Multilateral,constant,USD million,292.3139
2021,HND,Honduras,Private,constant,USD million,148.5339
2021,HTI,Haiti,Bilateral,constant,USD million,2.4289
2021,HTI,Haiti,Multilateral,constant,USD million,5.453
2021,HTI,Haiti,Private,constant,USD million,2.5344
2021,IDN,Indonesia,Bilateral,constant,USD million,2632.65
2021,IDN,Indonesia,Multilateral,constant,USD million,2543.0063
2021,IDN,Indonesia,Private,constant,USD million,28877.2405
2021,IND,India,Bilateral,constant,USD million,1952.1951
2021,IND,India,Multilateral,constant,USD million,4222.5321
2021,IND,India,Private,constant,USD million,8049.3088
2021,IRN,"Iran, Islamic Rep.",Bilateral,constant,USD million,13.5255
2021,IRN,"Iran, Islamic Rep.",Multilateral,constant,USD million,105.0973
2021,IRN,"Iran, Islamic Rep.",Private,constant,USD million,35.205
2021,IRQ,Iraq,Bilateral,constant,USD million,1891.0211
2021,IRQ,Iraq,Multilateral,constant,USD million,197.1739
2021,IRQ,Iraq,Private,constant,USD million,885.4502
2021,JAM,Jamaica,Bilateral,constant,USD million,102.6455
2021,JAM,Jamaica,Multilateral,constant,USD million,246.856
2021,JAM,Jamaica,Private,constant,USD million,646.1517
2021,JOR,Jordan,Bilateral,constant,USD million,245.6223
2021,JOR,Jordan,Multilateral,constant,USD million,504.2706
2021,JOR,Jordan,Private,constant,USD million,1681.8534
2021,KAZ,Kazakhstan,Bilateral,constant,USD million,90.5336
2021,KAZ,Kazakhstan,Multilateral,constant,USD million,512.2788
2021,KAZ,Kazakhstan,Private,constant,USD million,890.926
2021,KEN,Kenya,Bilateral,constant,USD million,350.4147
2021,KEN,Kenya,Multilateral,constant,USD million,872.0664
2021,KEN,Kenya,Private,constant,USD million,496.3853
2021,KGZ,Kyrgyz Republic,Bilateral,constant,USD million,50.7121
2021,KGZ,Kyrgyz Republic,Multilateral,constant,USD million,80.6514
2021,KHM,Cambodia,Bilateral,constant,USD million,246.2428
2021,KHM,Cambodia,Multilateral,constant,USD million,107.4925
2021,LAO,Lao PDR,Bilateral,constant,USD million,148.1381
2021,LAO,Lao PDR,Multilateral,constant,USD million,111.3618
2021,LAO,Lao PDR,Private,constant,USD million,409.0652
2021,LBN,Lebanon,Bilateral,constant,USD million,150.3924
2021,LBN,Lebanon,Multilateral,constant,USD million,241.7419
2021,LBN,Lebanon,Private,constant,USD million,61.916
2021,LBR,Liberia,Bilateral,constant,USD million,3.0676
2021,LBR,Liberia,Multilateral,constant,USD million,14.661
2021,LCA,St. Lucia,Bilateral,constant,USD million,4.5538
2021,LCA,St. Lucia,Multilateral,constant,USD million,18.759
2021,LCA,St. Lucia,Private,constant,USD million,15.7964
2021,LKA,Sri Lanka,Bilateral,constant,USD million,1308.4959
2021,LKA,Sri Lanka,Multilateral,constant,USD million,669.0596
2021,LKA,Sri Lanka,Private,constant,USD million,2538.9528
2021,LSO,Lesotho,Bilateral,constant,USD million,7.8615
2021,LSO,Lesotho,Multilateral,constant,USD million,237.9587
2021,LSO,Lesotho,Private,constant,USD million,0.1314
2021,MAR,Morocco,Bilateral,constant,USD million,903.2692
2021,MAR,Morocco,Multilateral,constant,USD million,1461.8489
2021,MAR,Morocco,Private,constant,USD million,1582.8192
2021,MDA,Moldova,Bilateral,constant,USD million,39.4604
2021,MDA,Moldova,Multilateral,constant,USD million,69.5972
2021,MDA,Moldova,Private,constant,USD million,2.0404
2021,MDG,Madagascar,Bilateral,constant,USD million,21.8561
2021,MDG,Madagascar,Multilateral,constant,USD million,68.2946
2021,MDG,Madagascar,Private,constant,USD million,24.4047
2021,MDV,Maldives,Bilateral,constant,USD million,456.2242
2021,MDV,Maldives,Multilateral,constant,USD million,144.3886
2021,MDV,Maldives,Private,constant,USD million,114.707
2021,MEX,Mexico,Bilateral,constant,USD million,268.1534
2021,MEX,Mexico,Multilateral,constant,USD million,3165.9209
2021,MEX,Mexico,Private,constant,USD million,45759.8336
2021,MKD,North Macedonia,Bilateral,constant,USD million,51.2499
2021,MKD,North Macedonia,Multilateral,constant,USD million,135.5445
2021,MKD,North Macedonia,Private,constant,USD million,575.8766
2021,MLI,Mali,Bilateral,constant,USD million,90.4461
2021,MLI,Mali,Multilateral,constant,USD million,132.077
2021,MMR,Myanmar,Bilateral,constant,USD million,397.0074
2021,MMR,Myanmar,Multilateral,constant,USD million,105.8293
2021,MMR,Myanmar,Private,constant,USD million,316.2
2021,MNE,Montenegro,Bilateral,constant,USD million,76.1364
2021,MNE,Montenegro,Multilateral,constant,USD million,157.1257
2021,MNE,Montenegro,Private,constant,USD million,308.7784
2021,MNG,Mongolia,Bilateral,constant,USD million,82.2441
2021,MNG,Mongolia,Multilateral,constant,USD million,131.5694
2021,MNG,Mongolia,Private,constant,USD million,945.401
2021,MOZ,Mozambique,Bilateral,constant,USD million,276.7771
2021,MOZ,Mozambique,Multilateral,constant,USD million,181.7465
2021,MOZ,Mozambique,Private,constant,USD million,179.3805
2021,MRT,Mauritania,Bilateral,constant,USD million,80.5391
2021,MRT,Mauritania,Multilateral,constant,USD million,229.91
2021,MUS,Mauritius,Bilateral,constant,USD million,114.768
2021,MUS,Mauritius,Multilateral,constant,USD million,67.7538
2021,MUS,Mauritius,Private,constant,USD million,12.8802
2021,MWI,Malawi,Bilateral,constant,USD million,32.8042
2021,MWI,Malawi,Multilateral,constant,USD million,40.1638
2021,NER,Niger,Bilateral,constant,USD million,27.1133
2021,NER,Niger,Multilateral,constant,USD million,128.7404
2021,NER,Niger,Private,constant,USD million,9.6908
2021,NGA,Nigeria,Bilateral,constant,USD million,338.5588
2021,NGA,Nigeria,Multilateral,constant,USD million,600.925
2021,NGA,Nigeria,Private,constant,USD million,2162.85
2021,NIC,Nicaragua,Bilateral,constant,USD million,49.1914
2021,NIC,Nicaragua,Multilateral,constant,USD million,318.6019
2021,NIC,Nicaragua,Private,constant,USD million,2.5308
2021,NPL,Nepal,Bilateral,constant,USD million,25.6677
2021,NPL,Nepal,Multilateral,constant,USD million,208.8222
2021,PAK,Pakistan,Bilateral,constant,USD million,1687.3279
2021,PAK,Pakistan,Multilateral,constant,USD million,2696.9763
2021,PAK,Pakistan,Private,constant,USD million,6066.4949
2021,PER,Peru,Bilateral,constant,USD million,133.3889
2021,PER,Peru,Multilateral,constant,USD million,354.2842
2021,PER,Peru,Private,constant,USD million,980.4942
2021,PHL,Philippines,Bilateral,constant,USD million,637.7892
2021,PHL,Philippines,Multilateral,constant,USD million,900.1599
2021,PHL,Philippines,Private,constant,USD million,5921.0279
2021,PNG,Papua New Guinea,Bilateral,constant,USD million,37.9847
2021,PNG,Papua New Guinea,Multilateral,constant,USD million,107.8458
2021,PNG,Papua New Guinea,Private,constant,USD million,440.3579
2021,PRY,Paraguay,Bilateral,constant,USD million,40.947
2021,PRY,Paraguay,Multilateral,constant,USD million,286.7704
2021,PRY,Paraguay,Private,constant,USD million,636.1513
2021,RUS,Russian Federation,Bilateral,constant,USD million,59.105
2021,RUS,Russian Federation,Multilateral,constant,USD million,70.5173
2021,RUS,Russian Federation,Private,constant,USD million,27589.5367
2021,RWA,Rwanda,Bilateral,constant,USD million,41.6814
2021,RWA,Rwanda,Multilateral,constant,USD million,73.6382
2021,RWA,Rwanda,Private,constant,USD million,383.7699
2021,SDN,Sudan,Bilateral,constant,USD million,162.7638
2021,SDN,Sudan,Multilateral,constant,USD million,2851.968
2021,SEN,Senegal,Bilateral,constant,USD million,211.231
2021,SEN,Senegal,Multilateral,constant,USD million,228.4064
2021,SEN,Senegal,Private,constant,USD million,836.8278
2021,SLB,Solomon Islands,Bilateral,constant,USD million,1.3137
2021,SLB,Solomon Islands,Multilateral,constant,USD million,4.9756
2021,SLE,Sierra Leone,Bilateral,constant,USD million,9.1194
2021,SLE,Sierra Leone,Multilateral,constant,USD million,39.6633
2021,SLE,Sierra Leone,Private,constant,USD million,13.656
2021,SLV,El Salvador,Bilateral,constant,USD million,50.4716
2021,SLV,El Salvador,Multilateral,constant,USD million,464.258
2021,SLV,El Salvador,Private,constant,USD million,499.9218
2021,SOM,Somalia,Multilateral,constant,USD million,13.6095
2021,SRB,Serbia,Bilateral,constant,USD million,496.3015
2021,SRB,Serbia,Multilateral,constant,USD million,473.281
2021,SRB,Serbia,Private,constant,USD million,672.6426
2021,STP,Sao Tome and Principe,Bilateral,constant,USD million,0.0329
2021,STP,Sao Tome and Principe,Multilateral,constant,USD million,1.5205
2021,SUR,Suriname,Bilateral,constant,USD million,5.8416
2021,SUR,Suriname,Multilateral,constant,USD million,120.9398
2021,SWZ,Eswatini,Bilateral,constant,USD million,31.0529
2021,SWZ,Eswatini,Multilateral,constant,USD million,30.346
2021,SWZ,Eswatini,Private,constant,USD million,1.3563
2021,SYR,Syrian Arab Republic,Multilateral,constant,USD million,0.0
2021,TCD,Chad,Bilateral,constant,USD million,71.0051
2021,TCD,Chad,Multilateral,constant,USD million,62.1016
2021,TCD,Chad,Private,constant,USD million,158.6874
2021,TGO,Togo,Bilateral,constant,USD million,30.3297
2021,TGO,Togo,Multilateral,constant,USD million,47.6735
2021,TGO,Togo,Private,constant,USD million,19.213
2021,THA,Thailand,Bilateral,constant,USD million,294.1957
2021,THA,Thailand,Multilateral,constant,USD million,121.6937
2021,THA,Thailand,Private,constant,USD million,922.931
2021,TJK,Tajikistan,Bilateral,constant,USD million,128.8212
2021,TJK,Tajikistan,Multilateral,constant,USD million,117.7721
2021,TJK,Tajikistan,Private,constant,USD million,47.3392
2021,TKM,Turkmenistan,Bilateral,constant,USD million,1022.7668
2021,TKM,Turkmenistan,Multilateral,constant,USD million,37.7882
2021,TKM,Turkmenistan,Private,constant,USD million,106.1014
2021,TLS,Timor-Leste,Bilateral,constant,USD million,0.1874
2021,TLS,Timor-Leste,Multilateral,constant,USD million,9.2079
2021,TON,Tonga,Bilateral,constant,USD million,1.3155
2021,TON,Tonga,Multilateral,constant,USD million,3.2862
2021,TUN,Tunisia,Bilateral,constant,USD million,552.2002
2021,TUN,Tunisia,Multilateral,constant,USD million,1292.4413
2021,TUN,Tunisia,Private,constant,USD million,1635.5348
2021,TUR,Turkiye,Bilateral,constant,USD million,3020.6127
2021,TUR,Turkiye,Multilateral,constant,USD million,4359.5228
2021,TUR,Turkiye,Private,constant,USD million,23608.002
2021,TZA,Tanzania,Bilateral,constant,USD million,256.5436
2021,TZA,Tanzania,Multilateral,constant,USD million,277.5653
2021,TZA,Tanzania,Private,constant,USD million,1002.1292
2021,UGA,Uganda,Bilateral,constant,USD million,309.7468
2021,UGA,Uganda,Multilateral,constant,USD million,200.663
2021,UGA,Uganda,Private,constant,USD million,41.7389
2021,UKR,Ukraine,Bilateral,constant,USD million,182.4594
2021,UKR,Ukraine,Multilateral,constant,USD million,342.4322
2021,UKR,Ukraine,Private,constant,USD million,2044.6828
2021,UZB,Uzbekistan,Bilateral,constant,USD million,547.2262
2021,UZB,Uzbekistan,Multilateral,constant,USD million,722.9371
2021,UZB,Uzbekistan,Private,constant,USD million,381.1315
2021,VCT,St. Vincent and the Grenadines,Bilateral,constant,USD million,3.6943
2021,VCT,St. Vincent and the Grenadines,Multilateral,constant,USD million,22.35
2021,VCT,St. Vincent and the Grenadines,Private,constant,USD million,2.2689
2021,VNM,Viet Nam,Bilateral,constant,USD million,1760.7506
2021,VNM,Viet Nam,Multilateral,constant,USD million,1344.2674
2021,VNM,Viet Nam,Private,constant,USD million,900.6151
2021,VUT,Vanuatu,Bilateral,constant,USD million,11.2185
2021,VUT,Vanuatu,Multilateral,constant,USD million,3.9149
2021,WSM,Samoa,Bilateral,constant,USD million,0.2489
2021,WSM,Samoa,Multilateral,constant,USD million,13.6526
2021,XKX,Kosovo,Bilateral,constant,USD million,8.46
2021,XKX,Kosovo,Multilateral,constant,USD million,28.1485
2021,XKX,Kosovo,Private,constant,USD million,0.4573
2021,YEM,"Yemen, Rep.",Multilateral,constant,USD million,160.284
2021,ZAF,South Africa,Bilateral,constant,USD million,138.2312
2021,ZAF,South Africa,Multilateral,constant,USD million,609.9382
2021,ZAF,South Africa,Private,constant,USD million,8784.6448
2021,ZMB,Zambia,Bilateral,constant,USD million,92.8556
2021,ZMB,Zambia,Multilateral,constant,USD million,167.1223
2021,ZMB,Zambia,Private,constant,USD million,190.6982
2021,ZWE,Zimbabwe,Bilateral,constant,USD million,47.5365
2021,ZWE,Zimbabwe,Multilateral,constant,USD million,11.6396
2021,ZWE,Zimbabwe,Private,constant,USD million,4.2181
2022,AFG,Afghanistan,Multilateral,constant,USD million,14.3398
2022,AGO,Angola,Bilateral,constant,USD million,1135.0939
2022,AGO,Angola,Multilateral,constant,USD million,228.3387
2022,AGO,Angola,Private,constant,USD million,6652.6453
2022,ALB,Albania,Bilateral,constant,USD million,53.4996
2022,ALB,Albania,Multilateral,constant,USD million,175.3377
2022,ALB,Albania,Private,constant,USD million,79.6194
2022,ARG,Argentina,Bilateral,constant,USD million,776.6197
2022,ARG,Argentina,Multilateral,constant,USD million,2588.8142
2022,ARG,Argentina,Private,constant,USD million,4813.5854
2022,ARM,Armenia,Bilateral,constant,USD million,80.8246
2022,ARM,Armenia,Multilateral,constant,USD million,160.8562
2022,ARM,Armenia,Private,constant,USD million,63.3694
2022,AZE,Azerbaijan,Bilateral,constant,USD million,77.0229
2022,AZE,Azerbaijan,Multilateral,constant,USD million,493.7648
2022,AZE,Azerbaijan,Private,constant,USD million,448.3965
2022,BDI,Burundi,Bilateral,constant,USD million,5.5518
2022,BDI,Burundi,Multilateral,constant,USD million,16.5213
2022,BEN,Benin,Bilateral,constant,USD million,43.8669
2022,BEN,Benin,Multilateral,constant,USD million,167.4094
2022,BEN,Benin,Private,constant,USD million,226.7844
2022,BFA,Burkina Faso,Bilateral,constant,USD million,32.5238
2022,BFA,Burkina Faso,Multilateral,constant,USD million,126.6612
2022,BFA,Burkina Faso,Private,constant,USD million,1.8581
2022,BGD,Bangladesh,Bilateral,constant,USD million,391.3239
2022,BGD,Bangladesh,Multilateral,constant,USD million,1490.4271
2022,BGD,Bangladesh,Private,constant,USD million,823.5923
2022,BGR,Bulgaria,Bilateral,constant,USD million,23.1585
2022,BGR,Bulgaria,Multilateral,constant,USD million,227.2981
2022,BGR,Bulgaria,Private,constant,USD million,1070.9748
2022,BIH,Bosnia and Herzegovina,Bilateral,constant,USD million,58.6549
2022,BIH,Bosnia and Herzegovina,Multilateral,constant,USD million,274.2696
2022,BIH,Bosnia and Herzegovina,Private,constant,USD million,25.6814
2022,BLR,Belarus,Bilateral,constant,USD million,2213.4237
2022,BLR,Belarus,Multilateral,constant,USD million,267.926
2022,BLR,Belarus,Private,constant,USD million,313.0698
2022,BLZ,Belize,Bilateral,constant,USD million,6.8325
2022,BLZ,Belize,Multilateral,constant,USD million,46.2039
2022,BLZ,Belize,Private,constant,USD million,11.0947
2022,BOL,Bolivia,Bilateral,constant,USD million,136.8714
2022,BOL,Bolivia,Multilateral,constant,USD million,600.7062
2022,BOL,Bolivia,Private,constant,USD million,837.3925
2022,BRA,Brazil,Bilateral,constant,USD million,1249.5225
2022,BRA,Brazil,Multilateral,constant,USD million,3583.2275
2022,BRA,Brazil,Private,constant,USD million,25266.7679
2022,BTN,Bhutan,Bilateral,constant,USD million,66.572
2022,BTN,Bhutan,Multilateral,constant,USD million,33.4953
2022,BTN,Bhutan,Private,constant,USD million,4.4411
2022,BWA,Botswana,Bilateral,constant,USD million,6.9909
2022,BWA,Botswana,Multilateral,constant,USD million,129.7561
2022,CAF,Central African Republic,Bilateral,constant,USD million,1.2726
2022,CAF,Central African Republic,Multilateral,constant,USD million,3.427
2022,CAF,Central African Republic,Private,constant,USD million,1.2151
2022,CHN,China,Bilateral,constant,USD million,1518.0025
2022,CHN,China,Multilateral,constant,USD million,3002.3549
2022,CHN,China,Private,constant,USD million,62414.195
2022,CIV,Cote d'Ivoire,Bilateral,constant,USD million,524.6451
2022,CIV,Cote d'Ivoire,Multilateral,constant,USD million,238.0387
2022,CIV,Cote d'Ivoire,Private,constant,USD million,818.2341
2022,CMR,Cameroon,Bilateral,constant,USD million,647.3272
2022,CMR,Cameroon,Multilateral,constant,USD million,147.8116
2022,CMR,Cameroon,Private,constant,USD million,705.5535
2022,COD,"Congo, Dem. Rep.",Bilateral,constant,USD million,344.6546
2022,COD,"Congo, Dem. Rep.",Multilateral,constant,USD million,158.84
2022,COD,"Congo, Dem. Rep.",Private,constant,USD million,21.5809
2022,COG,"Congo, Rep.",Bilateral,constant,USD million,238.0726
2022,COG,"Congo, Rep.",Multilateral,constant,USD million,77.1235
2022,COG,"Congo, Rep.",Private,constant,USD million,285.841
2022,COL,Colombia,Bilateral,constant,USD million,627.0838
2022,COL,Colombia,Multilateral,constant,USD million,1786.0225
2022,COL,Colombia,Private,constant,USD million,6622.0104
2022,COM,Comoros,Bilateral,constant,USD million,1.0131
2022,COM,Comoros,Multilateral,constant,USD million,0.5376
2022,CPV,Cabo Verde,Bilateral,constant,USD million,32.6695
2022,CPV,Cabo Verde,Multilateral,constant,USD million,39.2257
2022,CPV,Cabo Verde,Private,constant,USD million,16.6357
2022,CRI,Costa Rica,Bilateral,constant,USD million,55.1118
2022,CRI,Costa Rica,Multilateral,constant,USD million,489.0835
2022,CRI,Costa Rica,Private,constant,USD million,618.7973
2022,DJI,Djibouti,Bilateral,constant,USD million,15.0411
2022,DJI,Djibouti,Multilateral,constant,USD million,31.3496
2022,DMA,Dominica,Bilateral,constant,USD million,6.7496
2022,DMA,Dominica,Multilateral,constant,USD million,10.7512
2022,DMA,Dominica,Private,constant,USD million,6.6485
2022,DOM,Dominican Republic,Bilateral,constant,USD million,120.8404
2022,DOM,Dominican Republic,Multilateral,constant,USD million,388.862
2022,DOM,Dominican Republic,Private,constant,USD million,2215.5375
2022,DZA,Algeria,Bilateral,constant,USD million,43.0548
2022,DZA,Algeria,Multilateral,constant,USD million,71.0989
2022,DZA,Algeria,Private,constant,USD million,0.705
2022,ECU,Ecuador,Bilateral,constant,USD million,1321.4476
2022,ECU,Ecuador,Multilateral,constant,USD million,1164.0761
2022,ECU,Ecuador,Private,constant,USD million,461.8981
2022,EGY,"Egypt, Arab Rep.",Bilateral,constant,USD million,2775.225
2022,EGY,"Egypt, Arab Rep.",Multilateral,constant,USD million,4369.1636
2022,EGY,"Egypt, Arab Rep.",Private,constant,USD million,7741.214
2022,ERI,Eritrea,Bilateral,constant,USD million,0.0
2022,ERI,Eritrea,Multilateral,constant,USD million,0.0
2022,ETH,Ethiopia,Bilateral,constant,USD million,586.8098
2022,ETH,Ethiopia,Multilateral,constant,USD million,308.2781
2022,ETH,Ethiopia,Private,constant,USD million,875.7749
2022,FJI,Fiji,Bilateral,constant,USD million,67.1204
2022,FJI,Fiji,Multilateral,constant,USD million,35.5654
2022,GAB,Gabon,Bilateral,constant,USD million,95.8913
2022,GAB,Gabon,Multilateral,constant,USD million,122.0913
2022,GAB,Gabon,Private,constant,USD million,162.7877
2022,GEO,Georgia,Bilateral,constant,USD million,83.6311
2022,GEO,Georgia,Multilateral,constant,USD million,248.1421
2022,GEO,Georgia,Private,constant,USD million,90.6201
2022,GHA,Ghana,Bilateral,constant,USD million,355.5607
2022,GHA,Ghana,Multilateral,constant,USD million,218.4491
2022,GHA,Ghana,Private,constant,USD million,1227.7223
2022,GIN,Guinea,Bilateral,constant,USD million,56.1474
2022,GIN,Guinea,Multilateral,constant,USD million,45.174
2022,GIN,Guinea,Private,constant,USD million,35.5807
2022,GMB,"Gambia, The",Bilateral,constant,USD million,6.6781
2022,GMB,"Gambia, The",Multilateral,constant,USD million,19.3247
2022,GMB,"Gambia, The",Private,constant,USD million,0.6421
2022,GNB,Guinea-Bissau,Bilateral,constant,USD million,7.9192
2022,GNB,Guinea-Bissau,Multilateral,constant,USD million,38.9537
2022,GNB,Guinea-Bissau,Private,constant,USD million,8.7203
2022,GRD,Grenada,Bilateral,constant,USD million,8.4871
2022,GRD,Grenada,Multilateral,constant,USD million,17.8186
2022,GRD,Grenada,Private,constant,USD million,15.0167
2022,GTM,Guatemala,Bilateral,constant,USD million,30.7399
2022,GTM,Guatemala,Multilateral,constant,USD million,415.6288
2022,GTM,Guatemala,Private,constant,USD million,859.2902
2022,GUY,Guyana,Bilateral,constant,USD million,30.7113
2022,GUY,Guyana,Multilateral,constant,USD million,49.2273
2022,GUY,Guyana,Private,constant,USD million,1.7574
2022,HND,Honduras,Bilateral,constant,USD million,39.8793
2022,HND,Honduras,Multilateral,constant,USD million,291.1996
2022,HND,Honduras,Private,constant,USD million,245.2189
2022,HTI,Haiti,Bilateral,constant,USD million,13.9268
2022,HTI,Haiti,Multilateral,constant,USD million,4.2218
2022,HTI,Haiti,Private,constant,USD million,3.8628
2022,IDN,Indonesia,Bilateral,constant,USD million,2133.4148
2022,IDN,Indonesia,Multilateral,constant,USD million,2646.0856
2022,IDN,Indonesia,Private,constant,USD million,25544.3124
2022,IND,India,Bilateral,constant,USD million,1705.7536
2022,IND,India,Multilateral,constant,USD million,4776.8681
2022,IND,India,Private,constant,USD million,9116.9506
2022,IRN,"Iran, Islamic Rep.",Bilateral,constant,USD million,27.0316
2022,IRN,"Iran, Islamic Rep.",Multilateral,constant,USD million,35.9836
2022,IRN,"Iran, Islamic Rep.",Private,constant,USD million,13.6231
2022,IRQ,Iraq,Bilateral,constant,USD million,1461.097
2022,IRQ,Iraq,Multilateral,constant,USD million,271.6473
2022,IRQ,Iraq,Private,constant,USD million,1452.0113
2022,JAM,Jamaica,Bilateral,constant,USD million,140.0853
2022,JAM,Jamaica,Multilateral,constant,USD million,226.5267
2022,JAM,Jamaica,Private,constant,USD million,573.5495
2022,JOR,Jordan,Bilateral,constant,USD million,325.1174
2022,JOR,Jordan,Multilateral,constant,USD million,430.2173
2022,JOR,Jordan,Private,constant,USD million,2505.8402
2022,KAZ,Kazakhstan,Bilateral,constant,USD million,109.673
2022,KAZ,Kazakhstan,Multilateral,constant,USD million,559.5921
2022,KAZ,Kazakhstan,Private,constant,USD million,2215.8995
2022,KEN,Kenya,Bilateral,constant,USD million,1007.5008
2022,KEN,Kenya,Multilateral,constant,USD million,896.4131
2022,KEN,Kenya,Private,constant,USD million,551.4443
2022,KGZ,Kyrgyz Republic,Bilateral,constant,USD million,95.4991
2022,KGZ,Kyrgyz Republic,Multilateral,constant,USD million,72.021
2022,KHM,Cambodia,Bilateral,constant,USD million,297.9975
2022,KHM,Cambodia,Multilateral,constant,USD million,108.5761
2022,LAO,Lao PDR,Bilateral,constant,USD million,97.2923
2022,LAO,Lao PDR,Multilateral,constant,USD million,140.2873
2022,LAO,Lao PDR,Private,constant,USD million,293.4066
2022,LBN,Lebanon,Bilateral,constant,USD million,53.0816
2022,LBN,Lebanon,Multilateral,constant,USD million,158.5898
2022,LBN,Lebanon,Private,constant,USD million,0.8357
2022,LBR,Liberia,Bilateral,constant,USD million,2.2856
2022,LBR,Liberia,Multilateral,constant,USD million,23.443
2022,LCA,St. Lucia,Bilateral,constant,USD million,6.2846
2022,LCA,St. Lucia,Multilateral,constant,USD million,19.7473
2022,LCA,St. Lucia,Private,constant,USD million,15.8699
2022,LKA,Sri Lanka,Bilateral,constant,USD million,657.6027
2022,LKA,Sri Lanka,Multilateral,constant,USD million,816.6471
2022,LKA,Sri Lanka,Private,constant,USD million,942.7007
2022,LSO,Lesotho,Bilateral,constant,USD million,15.7816
2022,LSO,Lesotho,Multilateral,constant,USD million,238.6021
2022,LSO,Lesotho,Private,constant,USD million,0.206
2022,MAR,Morocco,Bilateral,constant,USD million,778.1558
2022,MAR,Morocco,Multilateral,constant,USD million,1534.0569
2022,MAR,Morocco,Private,constant,USD million,2175.166
2022,MDA,Moldova,Bilateral,constant,USD million,9.9151
2022,MDA,Moldova,Multilateral,constant,USD million,72.1774
2022,MDA,Moldova,Private,constant,USD million,1.7632
2022,MDG,Madagascar,Bilateral,constant,USD million,26.9202
2022,MDG,Madagascar,Multilateral,constant,USD million,75.1922
2022,MDG,Madagascar,Private,constant,USD million,18.9656
2022,MDV,Maldives,Bilateral,constant,USD million,142.0451
2022,MDV,Maldives,Multilateral,constant,USD million,42.4155
2022,MDV,Maldives,Private,constant,USD million,380.6837
2022,MEX,Mexico,Bilateral,constant,USD million,506.3943
2022,MEX,Mexico,Multilateral,constant,USD million,1507.6011
2022,MEX,Mexico,Private,constant,USD million,19564.0791
2022,MKD,North Macedonia,Bilateral,constant,USD million,57.6397
2022,MKD,North Macedonia,Multilateral,constant,USD million,141.5954
2022,MKD,North Macedonia,Private,constant,USD million,86.5186
2022,MLI,Mali,Bilateral,constant,USD million,127.4804
2022,MLI,Mali,Multilateral,constant,USD million,137.8115
2022,MMR,Myanmar,Bilateral,constant,USD million,510.9677
2022,MMR,Myanmar,Multilateral,constant,USD million,121.3375
2022,MMR,Myanmar,Private,constant,USD million,358.7154
2022,MNE,Montenegro,Bilateral,constant,USD million,97.2754
2022,MNE,Montenegro,Multilateral,constant,USD million,48.556
2022,MNE,Montenegro,Private,constant,USD million,167.6653
2022,MNG,Mongolia,Bilateral,constant,USD million,65.0123
2022,MNG,Mongolia,Multilateral,constant,USD million,138.7331
2022,MNG,Mongolia,Private,constant,USD million,971.2733
2022,MOZ,Mozambique,Bilateral,constant,USD million,361.5468
2022,MOZ,Mozambique,Multilateral,constant,USD million,150.2042
2022,MOZ,Mozambique,Private,constant,USD million,177.4754
2022,MRT,Mauritania,Bilateral,constant,USD million,111.346
2022,MRT,Mauritania,Multilateral,constant,USD million,151.4384
2022,MUS,Mauritius,Bilateral,constant,USD million,91.5152
2022,MUS,Mauritius,Multilateral,constant,USD million,52.482
2022,MUS,Mauritius,Private,constant,USD million,47.0464
2022,MWI,Malawi,Bilateral,constant,USD million,40.1205
2022,MWI,Malawi,Multilateral,constant,USD million,50.8768
2022,NER,Niger,Bilateral,constant,USD million,77.4862
2022,NER,Niger,Multilateral,constant,USD million,141.7334
2022,NER,Niger,Private,constant,USD million,16.2648
2022,NGA,Nigeria,Bilateral,constant,USD million,383.0692
2022,NGA,Nigeria,Multilateral,constant,USD million,716.5427
2022,NGA,Nigeria,Private,constant,USD million,2173.2615
2022,NIC,Nicaragua,Bilateral,constant,USD million,53.8048
2022,NIC,Nicaragua,Multilateral,constant,USD million,346.575
2022,NIC,Nicaragua,Private,constant,USD million,2.2265
2022,NPL,Nepal,Bilateral,constant,USD million,49.7577
2022,NPL,Nepal,Multilateral,constant,USD million,198.7019
2022,NPL,Nepal,Private,constant,USD million,0.0
2022,PAK,Pakistan,Bilateral,constant,USD million,6516.8598
2022,PAK,Pakistan,Multilateral,constant,USD million,2290.1783
2022,PAK,Pakistan,Private,constant,USD million,5787.1367
2022,PER,Peru,Bilateral,constant,USD million,121.3996
2022,PER,Peru,Multilateral,constant,USD million,863.118
2022,PER,Peru,Private,constant,USD million,1118.1832
2022,PHL,Philippines,Bilateral,constant,USD million,541.6402
2022,PHL,Philippines,Multilateral,constant,USD million,1254.4347
2022,PHL,Philippines,Private,constant,USD million,3757.5101
2022,PNG,Papua New Guinea,Bilateral,constant,USD million,118.9825
2022,PNG,Papua New Guinea,Multilateral,constant,USD million,124.5615
2022,PNG,Papua New Guinea,Private,constant,USD million,48.6803
2022,PRY,Paraguay,Bilateral,constant,USD million,34.7371
2022,PRY,Paraguay,Multilateral,constant,USD million,366.6646
2022,PRY,Paraguay,Private,constant,USD million,603.8555
2022,RUS,Russian Federation,Bilateral,constant,USD million,93.7062
2022,RUS,Russian Federation,Multilateral,constant,USD million,122.2348
2022,RUS,Russian Federation,Private,constant,USD million,29396.143
2022,RWA,Rwanda,Bilateral,constant,USD million,34.768
2022,RWA,Rwanda,Multilateral,constant,USD million,80.1376
2022,RWA,Rwanda,Private,constant,USD million,46.7811
2022,SDN,Sudan,Bilateral,constant,USD million,158.3125
2022,SDN,Sudan,Multilateral,constant,USD million,152.3182
2022,SEN,Senegal,Bilateral,constant,USD million,358.5047
2022,SEN,Senegal,Multilateral,constant,USD million,288.4134
2022,SEN,Senegal,Private,constant,USD million,280.7655
2022,SLB,Solomon Islands,Bilateral,constant,USD million,1.2748
2022,SLB,Solomon Islands,Multilateral,constant,USD million,4.5895
2022,SLE,Sierra Leone,Bilateral,constant,USD million,21.9216
2022,SLE,Sierra Leone,Multilateral,constant,USD million,51.2866
2022,SLE,Sierra Leone,Private,constant,USD million,3.8421
2022,SLV,El Salvador,Bilateral,constant,USD million,75.0618
2022,SLV,El Salvador,Multilateral,constant,USD million,481.1058
2022,SLV,El Salvador,Private,constant,USD million,996.908
2022,SOM,Somalia,Multilateral,constant,USD million,12.0083
2022,SRB,Serbia,Bilateral,constant,USD million,559.7217
2022,SRB,Serbia,Multilateral,constant,USD million,466.2698
2022,SRB,Serbia,Private,constant,USD million,164.0088
2022,STP,Sao Tome and Principe,Bilateral,constant,USD million,2.4861
2022,STP,Sao Tome and Principe,Multilateral,constant,USD million,1.6355
2022,SUR,Suriname,Bilateral,constant,USD million,0.261
2022,SUR,Suriname,Multilateral,constant,USD million,99.543
2022,SUR,Suriname,Private,constant,USD million,5.4884
2022,SWZ,Eswatini,Bilateral,constant,USD million,19.0895
2022,SWZ,Eswatini,Multilateral,constant,USD million,33.3899
2022,SWZ,Eswatini,Private,constant,USD million,1.2501
2022,SYR,Syrian Arab Republic,Multilateral,constant,USD million,0.0
2022,TCD,Chad,Bilateral,constant,USD million,29.2193
2022,TCD,Chad,Multilateral,constant,USD million,18.3724
2022,TCD,Chad,Private,constant,USD million,156.5088
2022,TGO,Togo,Bilateral,constant,USD million,74.0178
2022,TGO,Togo,Multilateral,constant,USD million,55.444
2022,TGO,Togo,Private,constant,USD million,43.3966
2022,THA,Thailand,Bilateral,constant,USD million,297.7261
2022,THA,Thailand,Multilateral,constant,USD million,134.3141
2022,THA,Thailand,Private,constant,USD million,1025.3675
2022,TJK,Tajikistan,Bilateral,constant,USD million,165.4685
2022,TJK,Tajikistan,Multilateral,constant,USD million,117.0145
2022,TJK,Tajikistan,Private,constant,USD million,43.5598
2022,TKM,Turkmenistan,Bilateral,constant,USD million,518.8821
2022,TKM,Turkmenistan,Multilateral,constant,USD million,35.9849
2022,TKM,Turkmenistan,Private,constant,USD million,96.4994
2022,TLS,Timor-Leste,Multilateral,constant,USD million,13.7616
2022,TON,Tonga,Bilateral,constant,USD million,7.0074
2022,TON,Tonga,Multilateral,constant,USD million,2.9471
2022,TUN,Tunisia,Bilateral,constant,USD million,1004.867
2022,TUN,Tunisia,Multilateral,constant,USD million,1225.8013
2022,TUN,Tunisia,Private,constant,USD million,824.0749
2022,TUR,Turkiye,Bilateral,constant,USD million,2482.5921
2022,TUR,Turkiye,Multilateral,constant,USD million,3881.0663
2022,TUR,Turkiye,Private,constant,USD million,21938.2642
2022,TZA,Tanzania,Bilateral,constant,USD million,373.4349
2022,TZA,Tanzania,Multilateral,constant,USD million,302.2787
2022,TZA,Tanzania,Private,constant,USD million,803.3007
2022,UGA,Uganda,Bilateral,constant,USD million,259.7726
2022,UGA,Uganda,Multilateral,constant,USD million,270.0792
2022,UGA,Uganda,Private,constant,USD million,62.0828
2022,UKR,Ukraine,Bilateral,constant,USD million,67.698
2022,UKR,Ukraine,Multilateral,constant,USD million,390.4354
2022,UKR,Ukraine,Private,constant,USD million,618.8557
2022,UZB,Uzbekistan,Bilateral,constant,USD million,522.8401
2022,UZB,Uzbekistan,Multilateral,constant,USD million,753.7706
2022,UZB,Uzbekistan,Private,constant,USD million,451.7219
2022,VCT,St. Vincent and the Grenadines,Bilateral,constant,USD million,4.4978
2022,VCT,St. Vincent and the Grenadines,Multilateral,constant,USD million,23.9797
2022,VCT,St. Vincent and the Grenadines,Private,constant,USD million,2.5708
2022,VNM,Viet Nam,Bilateral,constant,USD million,1456.9
2022,VNM,Viet Nam,Multilateral,constant,USD million,1600.347
2022,VNM,Viet Nam,Private,constant,USD million,778.4137
2022,VUT,Vanuatu,Bilateral,constant,USD million,13.2279
2022,VUT,Vanuatu,Multilateral,constant,USD million,3.2317
2022,WSM,Samoa,Bilateral,constant,USD million,20.5681
2022,WSM,Samoa,Multilateral,constant,USD million,11.9954
2022,XKX,Kosovo,Bilateral,constant,USD million,7.7609
2022,XKX,Kosovo,Multilateral,constant,USD million,34.4447
2022,XKX,Kosovo,Private,constant,USD million,0.4729
2022,YEM,"Yemen, Rep.",Multilateral,constant,USD million,128.8681
2022,ZAF,South Africa,Bilateral,constant,USD million,170.6306
2022,ZAF,South Africa,Multilateral,constant,USD million,524.2613
2022,ZAF,South Africa,Private,constant,USD million,11097.4993
2022,ZMB,Zambia,Bilateral,constant,USD million,46.7215
2022,ZMB,Zambia,Multilateral,constant,USD million,109.6704
2022,ZMB,Zambia,Private,constant,USD million,234.9309
2022,ZWE,Zimbabwe,Bilateral,constant,USD million,12.858
2022,ZWE,Zimbabwe,Multilateral,constant,USD million,5.3449
2022,ZWE,Zimbabwe,Private,constant,USD million,3.5698
2023,AFG,Afghanistan,Bilateral,constant,USD million,72.5176
2023,AFG,Afghanistan,Multilateral,constant,USD million,53.4869
2023,AGO,Angola,Bilateral,constant,USD million,2836.6809
2023,AGO,Angola,Multilateral,constant,USD million,516.4548
2023,AGO,Angola,Private,constant,USD million,11237.3333
2023,ALB,Albania,Bilateral,constant,USD million,58.4363
2023,ALB,Albania,Multilateral,constant,USD million,217.0763
2023,ALB,Albania,Private,constant,USD million,111.7801
2023,ARG,Argentina,Bilateral,constant,USD million,1578.6122
2023,ARG,Argentina,Multilateral,constant,USD million,3480.5275
2023,ARG,Argentina,Private,constant,USD million,26993.8018
2023,ARM,Armenia,Bilateral,constant,USD million,99.14
2023,ARM,Armenia,Multilateral,constant,USD million,192.8832
2023,ARM,Armenia,Private,constant,USD million,55.5694
2023,AZE,Azerbaijan,Bilateral,constant,USD million,68.0484
2023,AZE,Azerbaijan,Multilateral,constant,USD million,740.759
2023,AZE,Azerbaijan,Private,constant,USD million,519.8674
2023,BDI,Burundi,Bilateral,constant,USD million,12.1135
2023,BDI,Burundi,Multilateral,constant,USD million,23.2472
2023,BEN,Benin,Bilateral,constant,USD million,120.9154
2023,BEN,Benin,Multilateral,constant,USD million,191.9418
2023,BEN,Benin,Private,constant,USD million,296.3674
2023,BFA,Burkina Faso,Bilateral,constant,USD million,50.6291
2023,BFA,Burkina Faso,Multilateral,constant,USD million,212.1796
2023,BFA,Burkina Faso,Private,constant,USD million,29.0489
2023,BGD,Bangladesh,Bilateral,constant,USD million,1564.0642
2023,BGD,Bangladesh,Multilateral,constant,USD million,2133.0645
2023,BGD,Bangladesh,Private,constant,USD million,539.9933
2023,BGR,Bulgaria,Bilateral,constant,USD million,8.3336
2023,BGR,Bulgaria,Multilateral,constant,USD million,204.9068
2023,BGR,Bulgaria,Private,constant,USD million,958.1907
2023,BIH,Bosnia and Herzegovina,Bilateral,constant,USD million,87.9179
2023,BIH,Bosnia and Herzegovina,Multilateral,constant,USD million,395.3841
2023,BIH,Bosnia and Herzegovina,Private,constant,USD million,156.7101
2023,BLR,Belarus,Bilateral,constant,USD million,2468.1791
2023,BLR,Belarus,Multilateral,constant,USD million,552.5495
2023,BLR,Belarus,Private,constant,USD million,842.4653
2023,BLZ,Belize,Bilateral,constant,USD million,52.8461
2023,BLZ,Belize,Multilateral,constant,USD million,55.9726
2023,BLZ,Belize,Private,constant,USD million,19.1352
2023,BOL,Bolivia,Bilateral,constant,USD million,110.7798
2023,BOL,Bolivia,Multilateral,constant,USD million,804.7786
2023,BOL,Bolivia,Private,constant,USD million,270.8224
2023,BRA,Brazil,Bilateral,constant,USD million,1198.4392
2023,BRA,Brazil,Multilateral,constant,USD million,4067.4575
2023,BRA,Brazil,Private,constant,USD million,12517.6225
2023,BTN,Bhutan,Bilateral,constant,USD million,163.7692
2023,BTN,Bhutan,Multilateral,constant,USD million,43.563
2023,BTN,Bhutan,Private,constant,USD million,5.4053
2023,BWA,Botswana,Bilateral,constant,USD million,3.5529
2023,BWA,Botswana,Multilateral,constant,USD million,215.3782
2023,CAF,Central African Republic,Bilateral,constant,USD million,12.322
2023,CAF,Central African Republic,Multilateral,constant,USD million,5.538
2023,CHN,China,Bilateral,constant,USD million,915.0787
2023,CHN,China,Multilateral,constant,USD million,4749.8353
2023,CHN,China,Private,constant,USD million,49734.4386
2023,CIV,Cote d'Ivoire,Bilateral,constant,USD million,550.4386
2023,CIV,Cote d'Ivoire,Multilateral,constant,USD million,317.3901
2023,CIV,Cote d'Ivoire,Private,constant,USD million,1407.4378
2023,CMR,Cameroon,Bilateral,constant,USD million,763.9491
2023,CMR,Cameroon,Multilateral,constant,USD million,551.4938
2023,CMR,Cameroon,Private,constant,USD million,209.5086
2023,COD,"Congo, Dem. Rep.",Bilateral,constant,USD million,511.4734
2023,COD,"Congo, Dem. Rep.",Multilateral,constant,USD million,161.6459
2023,COD,"Congo, Dem. Rep.",Private,constant,USD million,37.6455
2023,COG,"Congo, Rep.",Bilateral,constant,USD million,256.4731
2023,COG,"Congo, Rep.",Multilateral,constant,USD million,91.017
2023,COG,"Congo, Rep.",Private,constant,USD million,355.7979
2023,COL,Colombia,Bilateral,constant,USD million,882.9576
2023,COL,Colombia,Multilateral,constant,USD million,2675.0159
2023,COL,Colombia,Private,constant,USD million,6970.3429
2023,COM,Comoros,Bilateral,constant,USD million,4.6503
2023,COM,Comoros,Multilateral,constant,USD million,9.773
2023,COM,Comoros,Private,constant,USD million,10.5479
2023,CPV,Cabo Verde,Bilateral,constant,USD million,38.0232
2023,CPV,Cabo Verde,Multilateral,constant,USD million,48.6927
2023,CPV,Cabo Verde,Private,constant,USD million,39.3054
2023,CRI,Costa Rica,Bilateral,constant,USD million,35.8979
2023,CRI,Costa Rica,Multilateral,constant,USD million,687.3196
2023,CRI,Costa Rica,Private,constant,USD million,1333.1312
2023,DJI,Djibouti,Bilateral,constant,USD million,201.3176
2023,DJI,Djibouti,Multilateral,constant,USD million,52.5382
2023,DMA,Dominica,Bilateral,constant,USD million,9.2401
2023,DMA,Dominica,Multilateral,constant,USD million,13.9668
2023,DMA,Dominica,Private,constant,USD million,4.2975
2023,DOM,Dominican Republic,Bilateral,constant,USD million,171.5107
2023,DOM,Dominican Republic,Multilateral,constant,USD million,559.6876
2023,DOM,Dominican Republic,Private,constant,USD million,1550.2906
2023,DZA,Algeria,Bilateral,constant,USD million,24.4977
2023,DZA,Algeria,Multilateral,constant,USD million,62.8961
2023,ECU,Ecuador,Bilateral,constant,USD million,1214.8957
2023,ECU,Ecuador,Multilateral,constant,USD million,1479.222
2023,ECU,Ecuador,Private,constant,USD million,769.4415
2023,EGY,"Egypt, Arab Rep.",Bilateral,constant,USD million,3395.7835
2023,EGY,"Egypt, Arab Rep.",Multilateral,constant,USD million,5722.1688
2023,EGY,"Egypt, Arab Rep.",Private,constant,USD million,10294.0312
2023,ERI,Eritrea,Bilateral,constant,USD million,0.0
2023,ERI,Eritrea,Multilateral,constant,USD million,0.0
2023,ETH,Ethiopia,Bilateral,constant,USD million,793.6962
2023,ETH,Ethiopia,Multilateral,constant,USD million,367.6764
2023,ETH,Ethiopia,Private,constant,USD million,994.6299
2023,FJI,Fiji,Bilateral,constant,USD million,43.1438
2023,FJI,Fiji,Multilateral,constant,USD million,99.9576
2023,GAB,Gabon,Bilateral,constant,USD million,177.9354
2023,GAB,Gabon,Multilateral,constant,USD million,163.2347
2023,GAB,Gabon,Private,constant,USD million,218.7052
2023,GEO,Georgia,Bilateral,constant,USD million,85.7547
2023,GEO,Georgia,Multilateral,constant,USD million,321.5682
2023,GEO,Georgia,Private,constant,USD million,30.1687
2023,GHA,Ghana,Bilateral,constant,USD million,568.5807
2023,GHA,Ghana,Multilateral,constant,USD million,371.3779
2023,GHA,Ghana,Private,constant,USD million,1828.4445
2023,GIN,Guinea,Bilateral,constant,USD million,179.9273
2023,GIN,Guinea,Multilateral,constant,USD million,67.1113
2023,GIN,Guinea,Private,constant,USD million,47.0686
2023,GMB,"Gambia, The",Bilateral,constant,USD million,31.5506
2023,GMB,"Gambia, The",Multilateral,constant,USD million,52.1184
2023,GNB,Guinea-Bissau,Bilateral,constant,USD million,7.5499
2023,GNB,Guinea-Bissau,Multilateral,constant,USD million,27.4707
2023,GNB,Guinea-Bissau,Private,constant,USD million,15.7486
2023,GRD,Grenada,Bilateral,constant,USD million,15.245
2023,GRD,Grenada,Multilateral,constant,USD million,18.8902
2023,GRD,Grenada,Private,constant,USD million,14.0652
2023,GTM,Guatemala,Bilateral,constant,USD million,27.0006
2023,GTM,Guatemala,Multilateral,constant,USD million,449.6674
2023,GTM,Guatemala,Private,constant,USD million,239.5501
2023,GUY,Guyana,Bilateral,constant,USD million,40.7424
2023,GUY,Guyana,Multilateral,constant,USD million,89.7435
2023,GUY,Guyana,Private,constant,USD million,2.4261
2023,HND,Honduras,Bilateral,constant,USD million,76.0417
2023,HND,Honduras,Multilateral,constant,USD million,390.5379
2023,HND,Honduras,Private,constant,USD million,98.9111
2023,HTI,Haiti,Bilateral,constant,USD million,105.504
2023,HTI,Haiti,Multilateral,constant,USD million,6.3912
2023,HTI,Haiti,Private,constant,USD million,3.1272
2023,IDN,Indonesia,Bilateral,constant,USD million,2057.1327
2023,IDN,Indonesia,Multilateral,constant,USD million,4084.3859
2023,IDN,Indonesia,Private,constant,USD million,14062.8733
2023,IND,India,Bilateral,constant,USD million,2600.628
2023,IND,India,Multilateral,constant,USD million,8031.1371
2023,IND,India,Private,constant,USD million,15774.9472
2023,IRN,"Iran, Islamic Rep.",Bilateral,constant,USD million,32.9612
2023,IRN,"Iran, Islamic Rep.",Multilateral,constant,USD million,10.8352
2023,IRN,"Iran, Islamic Rep.",Private,constant,USD million,19.1378
2023,IRQ,Iraq,Bilateral,constant,USD million,1590.4125
2023,IRQ,Iraq,Multilateral,constant,USD million,512.8134
2023,IRQ,Iraq,Private,constant,USD million,1454.9298
2023,JAM,Jamaica,Bilateral,constant,USD million,98.0963
2023,JAM,Jamaica,Multilateral,constant,USD million,294.4928
2023,JAM,Jamaica,Private,constant,USD million,315.2281
2023,JOR,Jordan,Bilateral,constant,USD million,255.745
2023,JOR,Jordan,Multilateral,constant,USD million,583.4911
2023,JOR,Jordan,Private,constant,USD million,1229.1036
2023,KAZ,Kazakhstan,Bilateral,constant,USD million,72.9644
2023,KAZ,Kazakhstan,Multilateral,constant,USD million,925.6726
2023,KAZ,Kazakhstan,Private,constant,USD million,1240.5419
2023,KEN,Kenya,Bilateral,constant,USD million,1590.0828
2023,KEN,Kenya,Multilateral,constant,USD million,1151.2996
2023,KEN,Kenya,Private,constant,USD million,589.3744
2023,KGZ,Kyrgyz Republic,Bilateral,constant,USD million,102.5748
2023,KGZ,Kyrgyz Republic,Multilateral,constant,USD million,95.0637
2023,KHM,Cambodia,Bilateral,constant,USD million,413.3255
2023,KHM,Cambodia,Multilateral,constant,USD million,133.839
2023,LAO,Lao PDR,Bilateral,constant,USD million,1306.9424
2023,LAO,Lao PDR,Multilateral,constant,USD million,180.5373
2023,LAO,Lao PDR,Private,constant,USD million,648.483
2023,LBN,Lebanon,Bilateral,constant,USD million,110.8607
2023,LBN,Lebanon,Multilateral,constant,USD million,500.6047
2023,LBN,Lebanon,Private,constant,USD million,5138.7842
2023,LBR,Liberia,Bilateral,constant,USD million,22.1293
2023,LBR,Liberia,Multilateral,constant,USD million,24.3619
2023,LCA,St. Lucia,Bilateral,constant,USD million,11.3733
2023,LCA,St. Lucia,Multilateral,constant,USD million,23.422
2023,LCA,St. Lucia,Private,constant,USD million,0.1914
2023,LKA,Sri Lanka,Bilateral,constant,USD million,0.0
2023,LKA,Sri Lanka,Multilateral,constant,USD million,0.0
2023,LKA,Sri Lanka,Private,constant,USD million,0.0
2023,LSO,Lesotho,Bilateral,constant,USD million,30.8985
2023,LSO,Lesotho,Multilateral,constant,USD million,50.5919
2023,LSO,Lesotho,Private,constant,USD million,0.4044
2023,MAR,Morocco,Bilateral,constant,USD million,580.7988
2023,MAR,Morocco,Multilateral,constant,USD million,2237.4579
2023,MAR,Morocco,Private,constant,USD million,767.1581
2023,MDA,Moldova,Bilateral,constant,USD million,5.3233
2023,MDA,Moldova,Multilateral,constant,USD million,146.609
2023,MDA,Moldova,Private,constant,USD million,1.1325
2023,MDG,Madagascar,Bilateral,constant,USD million,24.0687
2023,MDG,Madagascar,Multilateral,constant,USD million,119.2258
2023,MDG,Madagascar,Private,constant,USD million,36.5666
2023,MDV,Maldives,Bilateral,constant,USD million,180.4593
2023,MDV,Maldives,Multilateral,constant,USD million,105.5017
2023,MDV,Maldives,Private,constant,USD million,158.8785
2023,MEX,Mexico,Bilateral,constant,USD million,190.5475
2023,MEX,Mexico,Multilateral,constant,USD million,2966.6506
2023,MEX,Mexico,Private,constant,USD million,20352.7877
2023,MKD,North Macedonia,Bilateral,constant,USD million,71.6484
2023,MKD,North Macedonia,Multilateral,constant,USD million,209.2257
2023,MKD,North Macedonia,Private,constant,USD million,599.0481
2023,MLI,Mali,Bilateral,constant,USD million,157.3448
2023,MLI,Mali,Multilateral,constant,USD million,182.8505
2023,MMR,Myanmar,Bilateral,constant,USD million,723.3943
2023,MMR,Myanmar,Multilateral,constant,USD million,133.6868
2023,MMR,Myanmar,Private,constant,USD million,340.1868
2023,MNE,Montenegro,Bilateral,constant,USD million,122.2453
2023,MNE,Montenegro,Multilateral,constant,USD million,72.4836
2023,MNE,Montenegro,Private,constant,USD million,29.012
2023,MNG,Mongolia,Bilateral,constant,USD million,246.2007
2023,MNG,Mongolia,Multilateral,constant,USD million,217.6878
2023,MNG,Mongolia,Private,constant,USD million,524.992
2023,MOZ,Mozambique,Bilateral,constant,USD million,455.9481
2023,MOZ,Mozambique,Multilateral,constant,USD million,198.3668
2023,MOZ,Mozambique,Private,constant,USD million,157.5165
2023,MRT,Mauritania,Bilateral,constant,USD million,227.2095
2023,MRT,Mauritania,Multilateral,constant,USD million,208.2015
2023,MUS,Mauritius,Bilateral,constant,USD million,162.9063
2023,MUS,Mauritius,Multilateral,constant,USD million,67.6957
2023,MUS,Mauritius,Private,constant,USD million,836.3321
2023,MWI,Malawi,Bilateral,constant,USD million,37.8153
2023,MWI,Malawi,Multilateral,constant,USD million,76.6167
2023,NER,Niger,Bilateral,constant,USD million,70.956
2023,NER,Niger,Multilateral,constant,USD million,191.2671
2023,NER,Niger,Private,constant,USD million,22.6623
2023,NGA,Nigeria,Bilateral,constant,USD million,733.9731
2023,NGA,Nigeria,Multilateral,constant,USD million,1491.8606
2023,NGA,Nigeria,Private,constant,USD million,3921.6985
2023,NIC,Nicaragua,Bilateral,constant,USD million,40.0837
2023,NIC,Nicaragua,Multilateral,constant,USD million,513.1818
2023,NIC,Nicaragua,Private,constant,USD million,0.603
2023,NPL,Nepal,Bilateral,constant,USD million,80.0702
2023,NPL,Nepal,Multilateral,constant,USD million,260.4054
2023,PAK,Pakistan,Bilateral,constant,USD million,8925.7459
2023,PAK,Pakistan,Multilateral,constant,USD million,4020.0995
2023,PAK,Pakistan,Private,constant,USD million,2757.4133
2023,PER,Peru,Bilateral,constant,USD million,125.5758
2023,PER,Peru,Multilateral,constant,USD million,891.883
2023,PER,Peru,Private,constant,USD million,1192.7115
2023,PHL,Philippines,Bilateral,constant,USD million,675.5564
2023,PHL,Philippines,Multilateral,constant,USD million,2763.5419
2023,PHL,Philippines,Private,constant,USD million,1616.5534
2023,PNG,Papua New Guinea,Bilateral,constant,USD million,194.4909
2023,PNG,Papua New Guinea,Multilateral,constant,USD million,234.824
2023,PNG,Papua New Guinea,Private,constant,USD million,47.0575
2023,PRY,Paraguay,Bilateral,constant,USD million,38.2952
2023,PRY,Paraguay,Multilateral,constant,USD million,815.5986
2023,PRY,Paraguay,Private,constant,USD million,578.4738
2023,RUS,Russian Federation,Bilateral,constant,USD million,198.4561
2023,RUS,Russian Federation,Multilateral,constant,USD million,2.6264
2023,RUS,Russian Federation,Private,constant,USD million,17449.7226
2023,RWA,Rwanda,Bilateral,constant,USD million,37.5936
2023,RWA,Rwanda,Multilateral,constant,USD million,131.3494
2023,RWA,Rwanda,Private,constant,USD million,100.2992
2023,SDN,Sudan,Bilateral,constant,USD million,242.4762
2023,SDN,Sudan,Multilateral,constant,USD million,360.4372
2023,SEN,Senegal,Bilateral,constant,USD million,358.163
2023,SEN,Senegal,Multilateral,constant,USD million,465.89
2023,SEN,Senegal,Private,constant,USD million,421.0511
2023,SLB,Solomon Islands,Bilateral,constant,USD million,1.3988
2023,SLB,Solomon Islands,Multilateral,constant,USD million,5.4299
2023,SLE,Sierra Leone,Bilateral,constant,USD million,33.449
2023,SLE,Sierra Leone,Multilateral,constant,USD million,64.3339
2023,SLV,El Salvador,Bilateral,constant,USD million,42.6773
2023,SLV,El Salvador,Multilateral,constant,USD million,578.2297
2023,SLV,El Salvador,Private,constant,USD million,860.9411
2023,SOM,Somalia,Bilateral,constant,USD million,28.7942
2023,SOM,Somalia,Multilateral,constant,USD million,11.5054
2023,SRB,Serbia,Bilateral,constant,USD million,372.8493
2023,SRB,Serbia,Multilateral,constant,USD million,516.9397
2023,SRB,Serbia,Private,constant,USD million,172.5505
2023,STP,Sao Tome and Principe,Bilateral,constant,USD million,1.4666
2023,STP,Sao Tome and Principe,Multilateral,constant,USD million,2.1946
2023,STP,Sao Tome and Principe,Private,constant,USD million,1.1082
2023,SUR,Suriname,Bilateral,constant,USD million,92.9474
2023,SUR,Suriname,Multilateral,constant,USD million,129.0689
2023,SUR,Suriname,Private,constant,USD million,135.6442
2023,SWZ,Eswatini,Bilateral,constant,USD million,29.5485
2023,SWZ,Eswatini,Multilateral,constant,USD million,49.3059
2023,SWZ,Eswatini,Private,constant,USD million,1.2409
2023,SYR,Syrian Arab Republic,Bilateral,constant,USD million,0.0
2023,SYR,Syrian Arab Republic,Multilateral,constant,USD million,0.0
2023,SYR,Syrian Arab Republic,Private,constant,USD million,0.0
2023,TCD,Chad,Bilateral,constant,USD million,106.1635
2023,TCD,Chad,Multilateral,constant,USD million,125.9293
2023,TCD,Chad,Private,constant,USD million,133.0972
2023,TGO,Togo,Bilateral,constant,USD million,77.9223
2023,TGO,Togo,Multilateral,constant,USD million,74.2494
2023,TGO,Togo,Private,constant,USD million,30.7529
2023,THA,Thailand,Bilateral,constant,USD million,244.5164
2023,THA,Thailand,Multilateral,constant,USD million,460.8232
2023,THA,Thailand,Private,constant,USD million,1757.4269
2023,TJK,Tajikistan,Bilateral,constant,USD million,135.8437
2023,TJK,Tajikistan,Multilateral,constant,USD million,147.9083
2023,TJK,Tajikistan,Private,constant,USD million,41.7442
2023,TKM,Turkmenistan,Bilateral,constant,USD million,497.1524
2023,TKM,Turkmenistan,Multilateral,constant,USD million,94.5552
2023,TKM,Turkmenistan,Private,constant,USD million,104.9324
2023,TLS,Timor-Leste,Bilateral,constant,USD million,2.2034
2023,TLS,Timor-Leste,Multilateral,constant,USD million,24.2898
2023,TON,Tonga,Bilateral,constant,USD million,15.4137
2023,TON,Tonga,Multilateral,constant,USD million,2.8937
2023,TUN,Tunisia,Bilateral,constant,USD million,786.3396
2023,TUN,Tunisia,Multilateral,constant,USD million,1335.0415
2023,TUN,Tunisia,Private,constant,USD million,1025.4674
2023,TUR,Turkiye,Bilateral,constant,USD million,3000.3229
2023,TUR,Turkiye,Multilateral,constant,USD million,4188.8074
2023,TUR,Turkiye,Private,constant,USD million,19814.3603
2023,TZA,Tanzania,Bilateral,constant,USD million,390.6764
2023,TZA,Tanzania,Multilateral,constant,USD million,477.5073
2023,TZA,Tanzania,Private,constant,USD million,756.9428
2023,UGA,Uganda,Bilateral,constant,USD million,353.0139
2023,UGA,Uganda,Multilateral,constant,USD million,453.8448
2023,UGA,Uganda,Private,constant,USD million,82.8261
2023,UKR,Ukraine,Bilateral,constant,USD million,105.0507
2023,UKR,Ukraine,Multilateral,constant,USD million,679.8491
2023,UKR,Ukraine,Private,constant,USD million,1601.1876
2023,UZB,Uzbekistan,Bilateral,constant,USD million,966.406
2023,UZB,Uzbekistan,Multilateral,constant,USD million,1540.0672
2023,UZB,Uzbekistan,Private,constant,USD million,562.096
2023,VCT,St. Vincent and the Grenadines,Bilateral,constant,USD million,7.4454
2023,VCT,St. Vincent and the Grenadines,Multilateral,constant,USD million,30.447
2023,VCT,St. Vincent and the Grenadines,Private,constant,USD million,1.8365
2023,VNM,Viet Nam,Bilateral,constant,USD million,1957.7868
2023,VNM,Viet Nam,Multilateral,constant,USD million,1725.3396
2023,VNM,Viet Nam,Private,constant,USD million,1261.2331
2023,VUT,Vanuatu,Bilateral,constant,USD million,12.7741
2023,VUT,Vanuatu,Multilateral,constant,USD million,4.3325
2023,WSM,Samoa,Bilateral,constant,USD million,19.7811
2023,WSM,Samoa,Multilateral,constant,USD million,11.2471
2023,XKX,Kosovo,Bilateral,constant,USD million,6.5072
2023,XKX,Kosovo,Multilateral,constant,USD million,60.0635
2023,XKX,Kosovo,Private,constant,USD million,0.9333
2023,YEM,"Yemen, Rep.",Bilateral,constant,USD million,504.4247
2023,YEM,"Yemen, Rep.",Multilateral,constant,USD million,489.7674
2023,ZAF,South Africa,Bilateral,constant,USD million,307.2626
2023,ZAF,South Africa,Multilateral,constant,USD million,650.8719
2023,ZAF,South Africa,Private,constant,USD million,5807.0267
2023,ZMB,Zambia,Bilateral,constant,USD million,877.9085
2023,ZMB,Zambia,Multilateral,constant,USD million,346.1788
2023,ZMB,Zambia,Private,constant,USD million,771.7307
2023,ZWE,Zimbabwe,Bilateral,constant,USD million,88.8862
2023,ZWE,Zimbabwe,Multilateral,constant,USD million,19.0352
2023,ZWE,Zimbabwe,Private,constant,USD million,0.1622
2024,AFG,Afghanistan,Bilateral,constant,USD million,0.0
2024,AFG,Afghanistan,Multilateral,constant,USD million,0.0
2024,AGO,Angola,Bilateral,constant,USD million,2751.4836
2024,AGO,Angola,Multilateral,constant,USD million,551.7663
2024,AGO,Angola,Private,constant,USD million,10512.9037
2024,ALB,Albania,Bilateral,constant,USD million,59.3313
2024,ALB,Albania,Multilateral,constant,USD million,201.8382
2024,ALB,Albania,Private,constant,USD million,85.3976
2024,ARG,Argentina,Bilateral,constant,USD million,1650.743
2024,ARG,Argentina,Multilateral,constant,USD million,3855.7755
2024,ARG,Argentina,Private,constant,USD million,1298.8338
2024,ARM,Armenia,Bilateral,constant,USD million,104.8491
2024,ARM,Armenia,Multilateral,constant,USD million,204.1443
2024,ARM,Armenia,Private,constant,USD million,56.4905
2024,AZE,Azerbaijan,Bilateral,constant,USD million,84.1878
2024,AZE,Azerbaijan,Multilateral,constant,USD million,702.0625
2024,AZE,Azerbaijan,Private,constant,USD million,1812.6247
2024,BDI,Burundi,Bilateral,constant,USD million,18.035
2024,BDI,Burundi,Multilateral,constant,USD million,32.8271
2024,BEN,Benin,Bilateral,constant,USD million,134.9569
2024,BEN,Benin,Multilateral,constant,USD million,208.9615
2024,BEN,Benin,Private,constant,USD million,381.0158
2024,BFA,Burkina Faso,Bilateral,constant,USD million,52.0374
2024,BFA,Burkina Faso,Multilateral,constant,USD million,219.3039
2024,BFA,Burkina Faso,Private,constant,USD million,29.6016
2024,BGD,Bangladesh,Bilateral,constant,USD million,2139.3183
2024,BGD,Bangladesh,Multilateral,constant,USD million,2655.3869
2024,BGD,Bangladesh,Private,constant,USD million,602.5752
2024,BGR,Bulgaria,Bilateral,constant,USD million,7.8502
2024,BGR,Bulgaria,Multilateral,constant,USD million,198.4259
2024,BGR,Bulgaria,Private,constant,USD million,1126.2433
2024,BIH,Bosnia and Herzegovina,Bilateral,constant,USD million,79.2542
2024,BIH,Bosnia and Herzegovina,Multilateral,constant,USD million,330.6782
2024,BIH,Bosnia and Herzegovina,Private,constant,USD million,14.4635
2024,BLR,Belarus,Bilateral,constant,USD million,2437.1801
2024,BLR,Belarus,Multilateral,constant,USD million,547.0778
2024,BLR,Belarus,Private,constant,USD million,159.1963
2024,BLZ,Belize,Bilateral,constant,USD million,48.1016
2024,BLZ,Belize,Multilateral,constant,USD million,55.6883
2024,BLZ,Belize,Private,constant,USD million,18.1362
2024,BOL,Bolivia,Bilateral,constant,USD million,130.1739
2024,BOL,Bolivia,Multilateral,constant,USD million,876.2177
2024,BOL,Bolivia,Private,constant,USD million,98.9191
2024,BRA,Brazil,Bilateral,constant,USD million,1184.8757
2024,BRA,Brazil,Multilateral,constant,USD million,4042.9179
2024,BRA,Brazil,Private,constant,USD million,17538.4702
2024,BTN,Bhutan,Bilateral,constant,USD million,212.9959
2024,BTN,Bhutan,Multilateral,constant,USD million,43.112
2024,BTN,Bhutan,Private,constant,USD million,4.9668
2024,BWA,Botswana,Bilateral,constant,USD million,3.5793
2024,BWA,Botswana,Multilateral,constant,USD million,201.615
2024,CAF,Central African Republic,Bilateral,constant,USD million,11.5072
2024,CAF,Central African Republic,Multilateral,constant,USD million,5.5489
2024,CHN,China,Bilateral,constant,USD million,896.4828
2024,CHN,China,Multilateral,constant,USD million,4893.1746
2024,CHN,China,Private,constant,USD million,59163.0909
2024,CIV,Cote d'Ivoire,Bilateral,constant,USD million,565.5473
2024,CIV,Cote d'Ivoire,Multilateral,constant,USD million,409.1911
2024,CIV,Cote d'Ivoire,Private,constant,USD million,1828.3781
2024,CMR,Cameroon,Bilateral,constant,USD million,719.914
2024,CMR,Cameroon,Multilateral,constant,USD million,439.9205
2024,CMR,Cameroon,Private,constant,USD million,191.8648
2024,COD,"Congo, Dem. Rep.",Bilateral,constant,USD million,406.0045
2024,COD,"Congo, Dem. Rep.",Multilateral,constant,USD million,115.3392
2024,COD,"Congo, Dem. Rep.",Private,constant,USD million,4.465
2024,COG,"Congo, Rep.",Bilateral,constant,USD million,234.1575
2024,COG,"Congo, Rep.",Multilateral,constant,USD million,67.6115
2024,COG,"Congo, Rep.",Private,constant,USD million,289.3703
2024,COL,Colombia,Bilateral,constant,USD million,658.9271
2024,COL,Colombia,Multilateral,constant,USD million,2324.1068
2024,COL,Colombia,Private,constant,USD million,5101.1413
2024,COM,Comoros,Bilateral,constant,USD million,7.8429
2024,COM,Comoros,Multilateral,constant,USD million,9.0329
2024,COM,Comoros,Private,constant,USD million,10.2921
2024,CPV,Cabo Verde,Bilateral,constant,USD million,41.5583
2024,CPV,Cabo Verde,Multilateral,constant,USD million,48.4467
2024,CPV,Cabo Verde,Private,constant,USD million,38.609
2024,CRI,Costa Rica,Bilateral,constant,USD million,28.9508
2024,CRI,Costa Rica,Multilateral,constant,USD million,778.805
2024,CRI,Costa Rica,Private,constant,USD million,299.8483
2024,DJI,Djibouti,Bilateral,constant,USD million,213.2021
2024,DJI,Djibouti,Multilateral,constant,USD million,53.0115
2024,DMA,Dominica,Bilateral,constant,USD million,8.4346
2024,DMA,Dominica,Multilateral,constant,USD million,12.0748
2024,DMA,Dominica,Private,constant,USD million,18.4611
2024,DOM,Dominican Republic,Bilateral,constant,USD million,166.406
2024,DOM,Dominican Republic,Multilateral,constant,USD million,657.9441
2024,DOM,Dominican Republic,Private,constant,USD million,1556.1563
2024,DZA,Algeria,Bilateral,constant,USD million,22.8706
2024,DZA,Algeria,Multilateral,constant,USD million,59.9171
2024,ECU,Ecuador,Bilateral,constant,USD million,1097.6469
2024,ECU,Ecuador,Multilateral,constant,USD million,1739.2321
2024,ECU,Ecuador,Private,constant,USD million,734.7358
2024,EGY,"Egypt, Arab Rep.",Bilateral,constant,USD million,4309.5537
2024,EGY,"Egypt, Arab Rep.",Multilateral,constant,USD million,7364.0811
2024,EGY,"Egypt, Arab Rep.",Private,constant,USD million,13903.7473
2024,ERI,Eritrea,Bilateral,constant,USD million,0.0
2024,ERI,Eritrea,Multilateral,constant,USD million,0.0
2024,ETH,Ethiopia,Bilateral,constant,USD million,957.0633
2024,ETH,Ethiopia,Multilateral,constant,USD million,476.5993
2024,ETH,Ethiopia,Private,constant,USD million,1789.5969
2024,FJI,Fiji,Bilateral,constant,USD million,31.4646
2024,FJI,Fiji,Multilateral,constant,USD million,105.8821
2024,GAB,Gabon,Bilateral,constant,USD million,197.1864
2024,GAB,Gabon,Multilateral,constant,USD million,198.8506
2024,GAB,Gabon,Private,constant,USD million,241.8991
2024,GEO,Georgia,Bilateral,constant,USD million,96.191
2024,GEO,Georgia,Multilateral,constant,USD million,371.238
2024,GEO,Georgia,Private,constant,USD million,31.8188
2024,GHA,Ghana,Bilateral,constant,USD million,566.664
2024,GHA,Ghana,Multilateral,constant,USD million,420.2125
2024,GHA,Ghana,Private,constant,USD million,1711.3646
2024,GIN,Guinea,Bilateral,constant,USD million,207.3931
2024,GIN,Guinea,Multilateral,constant,USD million,166.8031
2024,GIN,Guinea,Private,constant,USD million,62.3037
2024,GMB,"Gambia, The",Bilateral,constant,USD million,31.0147
2024,GMB,"Gambia, The",Multilateral,constant,USD million,53.5387
2024,GNB,Guinea-Bissau,Bilateral,constant,USD million,6.764
2024,GNB,Guinea-Bissau,Multilateral,constant,USD million,32.1233
2024,GNB,Guinea-Bissau,Private,constant,USD million,15.1531
2024,GRD,Grenada,Bilateral,constant,USD million,15.124
2024,GRD,Grenada,Multilateral,constant,USD million,18.3096
2024,GRD,Grenada,Private,constant,USD million,13.13
2024,GTM,Guatemala,Bilateral,constant,USD million,25.1698
2024,GTM,Guatemala,Multilateral,constant,USD million,494.3712
2024,GTM,Guatemala,Private,constant,USD million,229.5055
2024,GUY,Guyana,Bilateral,constant,USD million,48.6146
2024,GUY,Guyana,Multilateral,constant,USD million,96.2287
2024,GUY,Guyana,Private,constant,USD million,2.478
2024,HND,Honduras,Bilateral,constant,USD million,72.1152
2024,HND,Honduras,Multilateral,constant,USD million,413.5672
2024,HND,Honduras,Private,constant,USD million,337.9022
2024,HTI,Haiti,Bilateral,constant,USD million,75.0211
2024,HTI,Haiti,Multilateral,constant,USD million,4.4985
2024,HTI,Haiti,Private,constant,USD million,2.1897
2024,IDN,Indonesia,Bilateral,constant,USD million,2062.2249
2024,IDN,Indonesia,Multilateral,constant,USD million,4354.026
2024,IDN,Indonesia,Private,constant,USD million,27909.4746
2024,IND,India,Bilateral,constant,USD million,2775.9185
2024,IND,India,Multilateral,constant,USD million,8752.3907
2024,IND,India,Private,constant,USD million,17543.1787
2024,IRN,"Iran, Islamic Rep.",Bilateral,constant,USD million,27.4138
2024,IRN,"Iran, Islamic Rep.",Multilateral,constant,USD million,16.9513
2024,IRN,"Iran, Islamic Rep.",Private,constant,USD million,13.0688
2024,IRQ,Iraq,Bilateral,constant,USD million,1477.2278
2024,IRQ,Iraq,Multilateral,constant,USD million,482.7815
2024,IRQ,Iraq,Private,constant,USD million,622.053
2024,JAM,Jamaica,Bilateral,constant,USD million,91.5812
2024,JAM,Jamaica,Multilateral,constant,USD million,266.1094
2024,JAM,Jamaica,Private,constant,USD million,432.1114
2024,JOR,Jordan,Bilateral,constant,USD million,259.423
2024,JOR,Jordan,Multilateral,constant,USD million,543.8513
2024,JOR,Jordan,Private,constant,USD million,557.2249
2024,KAZ,Kazakhstan,Bilateral,constant,USD million,309.3492
2024,KAZ,Kazakhstan,Multilateral,constant,USD million,1039.4668
2024,KAZ,Kazakhstan,Private,constant,USD million,1741.7503
2024,KEN,Kenya,Bilateral,constant,USD million,1468.7444
2024,KEN,Kenya,Multilateral,constant,USD million,1159.3853
2024,KEN,Kenya,Private,constant,USD million,2321.068
2024,KGZ,Kyrgyz Republic,Bilateral,constant,USD million,98.4277
2024,KGZ,Kyrgyz Republic,Multilateral,constant,USD million,94.9015
2024,KHM,Cambodia,Bilateral,constant,USD million,454.779
2024,KHM,Cambodia,Multilateral,constant,USD million,142.4961
2024,LAO,Lao PDR,Bilateral,constant,USD million,1414.5074
2024,LAO,Lao PDR,Multilateral,constant,USD million,201.3371
2024,LAO,Lao PDR,Private,constant,USD million,219.406
2024,LBN,Lebanon,Bilateral,constant,USD million,0.0
2024,LBN,Lebanon,Multilateral,constant,USD million,0.0
2024,LBN,Lebanon,Private,constant,USD million,0.0
2024,LBR,Liberia,Bilateral,constant,USD million,9.476
2024,LBR,Liberia,Multilateral,constant,USD million,45.6989
2024,LCA,St. Lucia,Bilateral,constant,USD million,8.779
2024,LCA,St. Lucia,Multilateral,constant,USD million,23.1931
2024,LCA,St. Lucia,Private,constant,USD million,0.1757
2024,LKA,Sri Lanka,Bilateral,constant,USD million,0.0
2024,LKA,Sri Lanka,Multilateral,constant,USD million,0.0
2024,LKA,Sri Lanka,Private,constant,USD million,0.0
2024,LSO,Lesotho,Bilateral,constant,USD million,41.5691
2024,LSO,Lesotho,Multilateral,constant,USD million,54.0194
2024,LSO,Lesotho,Private,constant,USD million,0.3922
2024,MAR,Morocco,Bilateral,constant,USD million,2087.0764
2024,MAR,Morocco,Multilateral,constant,USD million,2187.2914
2024,MAR,Morocco,Private,constant,USD million,2241.9705
2024,MDA,Moldova,Bilateral,constant,USD million,5.0263
2024,MDA,Moldova,Multilateral,constant,USD million,185.0944
2024,MDA,Moldova,Private,constant,USD million,1.0641
2024,MDG,Madagascar,Bilateral,constant,USD million,93.3433
2024,MDG,Madagascar,Multilateral,constant,USD million,225.7666
2024,MDG,Madagascar,Private,constant,USD million,89.9549
2024,MDV,Maldives,Bilateral,constant,USD million,183.8687
2024,MDV,Maldives,Multilateral,constant,USD million,95.8063
2024,MDV,Maldives,Private,constant,USD million,139.8627
2024,MEX,Mexico,Bilateral,constant,USD million,207.2541
2024,MEX,Mexico,Multilateral,constant,USD million,2693.9639
2024,MEX,Mexico,Private,constant,USD million,23916.9637
2024,MKD,North Macedonia,Bilateral,constant,USD million,68.3388
2024,MKD,North Macedonia,Multilateral,constant,USD million,231.3935
2024,MKD,North Macedonia,Private,constant,USD million,286.196
2024,MLI,Mali,Bilateral,constant,USD million,151.5777
2024,MLI,Mali,Multilateral,constant,USD million,193.4225
2024,MMR,Myanmar,Bilateral,constant,USD million,608.2126
2024,MMR,Myanmar,Multilateral,constant,USD million,164.6167
2024,MMR,Myanmar,Private,constant,USD million,331.3271
2024,MNE,Montenegro,Bilateral,constant,USD million,111.3176
2024,MNE,Montenegro,Multilateral,constant,USD million,65.902
2024,MNE,Montenegro,Private,constant,USD million,27.5514
2024,MNG,Mongolia,Bilateral,constant,USD million,1439.0424
2024,MNG,Mongolia,Multilateral,constant,USD million,219.1703
2024,MNG,Mongolia,Private,constant,USD million,500.2299
2024,MOZ,Mozambique,Bilateral,constant,USD million,444.4115
2024,MOZ,Mozambique,Multilateral,constant,USD million,203.6416
2024,MOZ,Mozambique,Private,constant,USD million,137.8567
2024,MRT,Mauritania,Bilateral,constant,USD million,199.7295
2024,MRT,Mauritania,Multilateral,constant,USD million,225.7618
2024,MUS,Mauritius,Bilateral,constant,USD million,92.2965
2024,MUS,Mauritius,Multilateral,constant,USD million,70.2756
2024,MUS,Mauritius,Private,constant,USD million,347.5014
2024,MWI,Malawi,Bilateral,constant,USD million,43.1623
2024,MWI,Malawi,Multilateral,constant,USD million,114.7141
2024,NER,Niger,Bilateral,constant,USD million,61.4598
2024,NER,Niger,Multilateral,constant,USD million,198.081
2024,NER,Niger,Private,constant,USD million,21.6809
2024,NGA,Nigeria,Bilateral,constant,USD million,1459.9441
2024,NGA,Nigeria,Multilateral,constant,USD million,3085.2079
2024,NGA,Nigeria,Private,constant,USD million,4891.8224
2024,NIC,Nicaragua,Bilateral,constant,USD million,29.1958
2024,NIC,Nicaragua,Multilateral,constant,USD million,553.1245
2024,NIC,Nicaragua,Private,constant,USD million,0.7674
2024,NPL,Nepal,Bilateral,constant,USD million,126.4395
2024,NPL,Nepal,Multilateral,constant,USD million,272.6004
2024,PAK,Pakistan,Bilateral,constant,USD million,5131.7535
2024,PAK,Pakistan,Multilateral,constant,USD million,3834.0678
2024,PAK,Pakistan,Private,constant,USD million,1743.2293
2024,PER,Peru,Bilateral,constant,USD million,128.9813
2024,PER,Peru,Multilateral,constant,USD million,840.3138
2024,PER,Peru,Private,constant,USD million,1032.1732
2024,PHL,Philippines,Bilateral,constant,USD million,686.025
2024,PHL,Philippines,Multilateral,constant,USD million,3116.0913
2024,PHL,Philippines,Private,constant,USD million,2961.2689
2024,PNG,Papua New Guinea,Bilateral,constant,USD million,242.938
2024,PNG,Papua New Guinea,Multilateral,constant,USD million,276.5684
2024,PNG,Papua New Guinea,Private,constant,USD million,47.3194
2024,PRY,Paraguay,Bilateral,constant,USD million,29.9651
2024,PRY,Paraguay,Multilateral,constant,USD million,936.8563
2024,PRY,Paraguay,Private,constant,USD million,328.4782
2024,RUS,Russian Federation,Bilateral,constant,USD million,182.7057
2024,RUS,Russian Federation,Multilateral,constant,USD million,2.4108
2024,RUS,Russian Federation,Private,constant,USD million,14439.0387
2024,RWA,Rwanda,Bilateral,constant,USD million,62.0827
2024,RWA,Rwanda,Multilateral,constant,USD million,180.0916
2024,RWA,Rwanda,Private,constant,USD million,42.0431
2024,SDN,Sudan,Bilateral,constant,USD million,241.1482
2024,SDN,Sudan,Multilateral,constant,USD million,372.0626
2024,SEN,Senegal,Bilateral,constant,USD million,378.0901
2024,SEN,Senegal,Multilateral,constant,USD million,503.3402
2024,SEN,Senegal,Private,constant,USD million,602.5485
2024,SLB,Solomon Islands,Bilateral,constant,USD million,1.3079
2024,SLB,Solomon Islands,Multilateral,constant,USD million,5.7999
2024,SLE,Sierra Leone,Bilateral,constant,USD million,31.7298
2024,SLE,Sierra Leone,Multilateral,constant,USD million,67.4914
2024,SLV,El Salvador,Bilateral,constant,USD million,37.4816
2024,SLV,El Salvador,Multilateral,constant,USD million,595.991
2024,SLV,El Salvador,Private,constant,USD million,429.2225
2024,SOM,Somalia,Bilateral,constant,USD million,27.6072
2024,SOM,Somalia,Multilateral,constant,USD million,9.9702
2024,SRB,Serbia,Bilateral,constant,USD million,1030.0176
2024,SRB,Serbia,Multilateral,constant,USD million,504.2312
2024,SRB,Serbia,Private,constant,USD million,187.8406
2024,STP,Sao Tome and Principe,Bilateral,constant,USD million,3.9998
2024,STP,Sao Tome and Principe,Multilateral,constant,USD million,2.0252
2024,STP,Sao Tome and Principe,Private,constant,USD million,0.9765
2024,SUR,Suriname,Bilateral,constant,USD million,85.6318
2024,SUR,Suriname,Multilateral,constant,USD million,106.0851
2024,SUR,Suriname,Private,constant,USD million,90.2317
2024,SWZ,Eswatini,Bilateral,constant,USD million,31.0071
2024,SWZ,Eswatini,Multilateral,constant,USD million,59.6274
2024,SWZ,Eswatini,Private,constant,USD million,1.2252
2024,SYR,Syrian Arab Republic,Bilateral,constant,USD million,0.0
2024,SYR,Syrian Arab Republic,Multilateral,constant,USD million,0.0
2024,SYR,Syrian Arab Republic,Private,constant,USD million,0.0
2024,TCD,Chad,Bilateral,constant,USD million,116.7665
2024,TCD,Chad,Multilateral,constant,USD million,116.4667
2024,TCD,Chad,Private,constant,USD million,123.765
2024,TGO,Togo,Bilateral,constant,USD million,83.9174
2024,TGO,Togo,Multilateral,constant,USD million,98.1349
2024,TGO,Togo,Private,constant,USD million,32.3186
2024,THA,Thailand,Bilateral,constant,USD million,217.4208
2024,THA,Thailand,Multilateral,constant,USD million,685.3132
2024,THA,Thailand,Private,constant,USD million,1863.0415
2024,TJK,Tajikistan,Bilateral,constant,USD million,157.1476
2024,TJK,Tajikistan,Multilateral,constant,USD million,193.673
2024,TJK,Tajikistan,Private,constant,USD million,40.6718
2024,TKM,Turkmenistan,Bilateral,constant,USD million,373.6125
2024,TKM,Turkmenistan,Multilateral,constant,USD million,98.2312
2024,TKM,Turkmenistan,Private,constant,USD million,99.2535
2024,TLS,Timor-Leste,Bilateral,constant,USD million,2.5353
2024,TLS,Timor-Leste,Multilateral,constant,USD million,25.7408
2024,TON,Tonga,Bilateral,constant,USD million,14.7018
2024,TON,Tonga,Multilateral,constant,USD million,3.1514
2024,TUN,Tunisia,Bilateral,constant,USD million,979.8776
2024,TUN,Tunisia,Multilateral,constant,USD million,1263.7489
2024,TUN,Tunisia,Private,constant,USD million,1459.0523
2024,TUR,Turkiye,Bilateral,constant,USD million,833.563
2024,TUR,Turkiye,Multilateral,constant,USD million,3379.1842
2024,TUR,Turkiye,Private,constant,USD million,16776.8445
2024,TZA,Tanzania,Bilateral,constant,USD million,418.6824
2024,TZA,Tanzania,Multilateral,constant,USD million,553.4088
2024,TZA,Tanzania,Private,constant,USD million,635.5264
2024,UGA,Uganda,Bilateral,constant,USD million,398.807
2024,UGA,Uganda,Multilateral,constant,USD million,486.3171
2024,UGA,Uganda,Private,constant,USD million,73.9472
2024,UKR,Ukraine,Bilateral,constant,USD million,131.5938
2024,UKR,Ukraine,Multilateral,constant,USD million,1321.3398
2024,UKR,Ukraine,Private,constant,USD million,2400.6833
2024,UZB,Uzbekistan,Bilateral,constant,USD million,651.655
2024,UZB,Uzbekistan,Multilateral,constant,USD million,1715.4848
2024,UZB,Uzbekistan,Private,constant,USD million,841.3754
2024,VCT,St. Vincent and the Grenadines,Bilateral,constant,USD million,6.8489
2024,VCT,St. Vincent and the Grenadines,Multilateral,constant,USD million,29.2254
2024,VCT,St. Vincent and the Grenadines,Private,constant,USD million,1.1866
2024,VNM,Viet Nam,Bilateral,constant,USD million,1851.259
2024,VNM,Viet Nam,Multilateral,constant,USD million,1759.6895
2024,VNM,Viet Nam,Private,constant,USD million,1480.4469
2024,VUT,Vanuatu,Bilateral,constant,USD million,12.3833
2024,VUT,Vanuatu,Multilateral,constant,USD million,4.1731
2024,WSM,Samoa,Bilateral,constant,USD million,18.6991
2024,WSM,Samoa,Multilateral,constant,USD million,10.8317
2024,XKX,Kosovo,Bilateral,constant,USD million,4.3972
2024,XKX,Kosovo,Multilateral,constant,USD million,119.4583
2024,XKX,Kosovo,Private,constant,USD million,2.9126
2024,YEM,"Yemen, Rep.",Bilateral,constant,USD million,568.0644
2024,YEM,"Yemen, Rep.",Multilateral,constant,USD million,567.3244
2024,ZAF,South Africa,Bilateral,constant,USD million,426.148
2024,ZAF,South Africa,Multilateral,constant,USD million,620.877
2024,ZAF,South Africa,Private,constant,USD million,7092.4766
2024,ZMB,Zambia,Bilateral,constant,USD million,951.055
2024,ZMB,Zambia,Multilateral,constant,USD million,387.9694
2024,ZMB,Zambia,Private,constant,USD million,1887.1186
2024,ZWE,Zimbabwe,Bilateral,constant,USD million,81.7935
2024,ZWE,Zimbabwe,Multilateral,constant,USD million,20.9857
2024,ZWE,Zimbabwe,Private,constant,USD million,0.0811
2025,AFG,Afghanistan,Bilateral,constant,USD million,0.0
2025,AFG,Afghanistan,Multilateral,constant,USD million,0.0
2025,AGO,Angola,Bilateral,constant,USD million,2473.1783
2025,AGO,Angola,Multilateral,constant,USD million,607.1664
2025,AGO,Angola,Private,constant,USD million,10488.357
2025,ALB,Albania,Bilateral,constant,USD million,61.2652
2025,ALB,Albania,Multilateral,constant,USD million,192.3054
2025,ALB,Albania,Private,constant,USD million,385.7621
2025,ARG,Argentina,Bilateral,constant,USD million,1783.2876
2025,ARG,Argentina,Multilateral,constant,USD million,4358.6405
2025,ARG,Argentina,Private,constant,USD million,1365.5992
2025,ARM,Armenia,Bilateral,constant,USD million,106.1833
2025,ARM,Armenia,Multilateral,constant,USD million,215.9588
2025,ARM,Armenia,Private,constant,USD million,367.348
2025,AZE,Azerbaijan,Bilateral,constant,USD million,64.6678
2025,AZE,Azerbaijan,Multilateral,constant,USD million,670.8337
2025,AZE,Azerbaijan,Private,constant,USD million,403.3765
2025,BDI,Burundi,Bilateral,constant,USD million,45.0831
2025,BDI,Burundi,Multilateral,constant,USD million,71.4209
2025,BEN,Benin,Bilateral,constant,USD million,143.6973
2025,BEN,Benin,Multilateral,constant,USD million,232.95
2025,BEN,Benin,Private,constant,USD million,389.1215
2025,BFA,Burkina Faso,Bilateral,constant,USD million,53.8702
2025,BFA,Burkina Faso,Multilateral,constant,USD million,233.6363
2025,BFA,Burkina Faso,Private,constant,USD million,29.1363
2025,BGD,Bangladesh,Bilateral,constant,USD million,2282.8799
2025,BGD,Bangladesh,Multilateral,constant,USD million,2815.7137
2025,BGD,Bangladesh,Private,constant,USD million,664.556
2025,BGR,Bulgaria,Bilateral,constant,USD million,7.4043
2025,BGR,Bulgaria,Multilateral,constant,USD million,221.1536
2025,BGR,Bulgaria,Private,constant,USD million,509.1867
2025,BIH,Bosnia and Herzegovina,Bilateral,constant,USD million,76.4015
2025,BIH,Bosnia and Herzegovina,Multilateral,constant,USD million,313.065
2025,BIH,Bosnia and Herzegovina,Private,constant,USD million,13.7065
2025,BLR,Belarus,Bilateral,constant,USD million,1918.4335
2025,BLR,Belarus,Multilateral,constant,USD million,413.6903
2025,BLR,Belarus,Private,constant,USD million,373.7742
2025,BLZ,Belize,Bilateral,constant,USD million,26.6437
2025,BLZ,Belize,Multilateral,constant,USD million,55.8974
2025,BLZ,Belize,Private,constant,USD million,17.4192
2025,BOL,Bolivia,Bilateral,constant,USD million,130.3477
2025,BOL,Bolivia,Multilateral,constant,USD million,889.5049
2025,BOL,Bolivia,Private,constant,USD million,95.746
2025,BRA,Brazil,Bilateral,constant,USD million,1423.8398
2025,BRA,Brazil,Multilateral,constant,USD million,3997.2437
2025,BRA,Brazil,Private,constant,USD million,15310.0434
2025,BTN,Bhutan,Bilateral,constant,USD million,200.6314
2025,BTN,Bhutan,Multilateral,constant,USD million,40.5385
2025,BWA,Botswana,Bilateral,constant,USD million,3.4346
2025,BWA,Botswana,Multilateral,constant,USD million,201.7182
2025,CAF,Central African Republic,Bilateral,constant,USD million,14.2507
2025,CAF,Central African Republic,Multilateral,constant,USD million,5.3663
2025,CHN,China,Bilateral,constant,USD million,829.7539
2025,CHN,China,Multilateral,constant,USD million,4938.7761
2025,CHN,China,Private,constant,USD million,48312.5858
2025,CIV,Cote d'Ivoire,Bilateral,constant,USD million,606.9431
2025,CIV,Cote d'Ivoire,Multilateral,constant,USD million,467.1534
2025,CIV,Cote d'Ivoire,Private,constant,USD million,1972.6297
2025,CMR,Cameroon,Bilateral,constant,USD million,611.4669
2025,CMR,Cameroon,Multilateral,constant,USD million,437.6805
2025,CMR,Cameroon,Private,constant,USD million,310.1671
2025,COD,"Congo, Dem. Rep.",Bilateral,constant,USD million,300.0846
2025,COD,"Congo, Dem. Rep.",Multilateral,constant,USD million,118.4719
2025,COD,"Congo, Dem. Rep.",Private,constant,USD million,0.0
2025,COG,"Congo, Rep.",Bilateral,constant,USD million,201.8474
2025,COG,"Congo, Rep.",Multilateral,constant,USD million,73.9095
2025,COG,"Congo, Rep.",Private,constant,USD million,268.6212
2025,COL,Colombia,Bilateral,constant,USD million,703.0646
2025,COL,Colombia,Multilateral,constant,USD million,3104.9444
2025,COL,Colombia,Private,constant,USD million,4877.845
2025,COM,Comoros,Bilateral,constant,USD million,7.6247
2025,COM,Comoros,Multilateral,constant,USD million,8.7945
2025,COM,Comoros,Private,constant,USD million,10.0926
2025,CPV,Cabo Verde,Bilateral,constant,USD million,37.6197
2025,CPV,Cabo Verde,Multilateral,constant,USD million,47.344
2025,CPV,Cabo Verde,Private,constant,USD million,37.5145
2025,CRI,Costa Rica,Bilateral,constant,USD million,27.5156
2025,CRI,Costa Rica,Multilateral,constant,USD million,780.1585
2025,CRI,Costa Rica,Private,constant,USD million,684.0299
2025,DJI,Djibouti,Bilateral,constant,USD million,191.0049
2025,DJI,Djibouti,Multilateral,constant,USD million,56.4155
2025,DMA,Dominica,Bilateral,constant,USD million,6.0265
2025,DMA,Dominica,Multilateral,constant,USD million,11.9701
2025,DMA,Dominica,Private,constant,USD million,1.538
2025,DOM,Dominican Republic,Bilateral,constant,USD million,145.5708
2025,DOM,Dominican Republic,Multilateral,constant,USD million,703.2007
2025,DOM,Dominican Republic,Private,constant,USD million,2466.1346
2025,DZA,Algeria,Bilateral,constant,USD million,12.2842
2025,DZA,Algeria,Multilateral,constant,USD million,60.3573
2025,ECU,Ecuador,Bilateral,constant,USD million,735.3786
2025,ECU,Ecuador,Multilateral,constant,USD million,1840.1187
2025,ECU,Ecuador,Private,constant,USD million,763.3712
2025,EGY,"Egypt, Arab Rep.",Bilateral,constant,USD million,3464.3806
2025,EGY,"Egypt, Arab Rep.",Multilateral,constant,USD million,5751.429
2025,EGY,"Egypt, Arab Rep.",Private,constant,USD million,10238.1954
2025,ERI,Eritrea,Bilateral,constant,USD million,0.0
2025,ERI,Eritrea,Multilateral,constant,USD million,0.0
2025,ETH,Ethiopia,Bilateral,constant,USD million,1471.215
2025,ETH,Ethiopia,Multilateral,constant,USD million,665.0355
2025,ETH,Ethiopia,Private,constant,USD million,909.7003
2025,FJI,Fiji,Bilateral,constant,USD million,28.935
2025,FJI,Fiji,Multilateral,constant,USD million,107.4871
2025,GAB,Gabon,Bilateral,constant,USD million,197.6037
2025,GAB,Gabon,Multilateral,constant,USD million,187.4639
2025,GAB,Gabon,Private,constant,USD million,746.7898
2025,GEO,Georgia,Bilateral,constant,USD million,97.055
2025,GEO,Georgia,Multilateral,constant,USD million,388.8091
2025,GEO,Georgia,Private,constant,USD million,31.0509
2025,GHA,Ghana,Bilateral,constant,USD million,593.7919
2025,GHA,Ghana,Multilateral,constant,USD million,557.6098
2025,GHA,Ghana,Private,constant,USD million,2247.5969
2025,GIN,Guinea,Bilateral,constant,USD million,195.0534
2025,GIN,Guinea,Multilateral,constant,USD million,113.4357
2025,GIN,Guinea,Private,constant,USD million,56.1873
2025,GMB,"Gambia, The",Bilateral,constant,USD million,20.529
2025,GMB,"Gambia, The",Multilateral,constant,USD million,46.1818
2025,GNB,Guinea-Bissau,Bilateral,constant,USD million,6.5476
2025,GNB,Guinea-Bissau,Multilateral,constant,USD million,30.5783
2025,GNB,Guinea-Bissau,Private,constant,USD million,14.7824
2025,GRD,Grenada,Bilateral,constant,USD million,13.8205
2025,GRD,Grenada,Multilateral,constant,USD million,18.6238
2025,GRD,Grenada,Private,constant,USD million,12.2262
2025,GTM,Guatemala,Bilateral,constant,USD million,23.1913
2025,GTM,Guatemala,Multilateral,constant,USD million,477.4761
2025,GTM,Guatemala,Private,constant,USD million,226.7521
2025,GUY,Guyana,Bilateral,constant,USD million,94.8734
2025,GUY,Guyana,Multilateral,constant,USD million,101.4849
2025,GUY,Guyana,Private,constant,USD million,2.5537
2025,HND,Honduras,Bilateral,constant,USD million,72.8622
2025,HND,Honduras,Multilateral,constant,USD million,630.1526
2025,HND,Honduras,Private,constant,USD million,68.6237
2025,HTI,Haiti,Bilateral,constant,USD million,63.6131
2025,HTI,Haiti,Multilateral,constant,USD million,3.4557
2025,HTI,Haiti,Private,constant,USD million,1.8572
2025,IDN,Indonesia,Bilateral,constant,USD million,1965.4933
2025,IDN,Indonesia,Multilateral,constant,USD million,4265.2376
2025,IDN,Indonesia,Private,constant,USD million,13314.2245
2025,IND,India,Bilateral,constant,USD million,2739.0195
2025,IND,India,Multilateral,constant,USD million,8871.4755
2025,IND,India,Private,constant,USD million,11206.8024
2025,IRN,"Iran, Islamic Rep.",Bilateral,constant,USD million,24.5819
2025,IRN,"Iran, Islamic Rep.",Multilateral,constant,USD million,21.9842
2025,IRN,"Iran, Islamic Rep.",Private,constant,USD million,12.6553
2025,IRQ,Iraq,Bilateral,constant,USD million,1038.9432
2025,IRQ,Iraq,Multilateral,constant,USD million,466.9607
2025,IRQ,Iraq,Private,constant,USD million,580.8404
2025,JAM,Jamaica,Bilateral,constant,USD million,87.6427
2025,JAM,Jamaica,Multilateral,constant,USD million,255.4107
2025,JAM,Jamaica,Private,constant,USD million,598.9264
2025,JOR,Jordan,Bilateral,constant,USD million,250.3754
2025,JOR,Jordan,Multilateral,constant,USD million,539.6257
2025,JOR,Jordan,Private,constant,USD million,793.531
2025,KAZ,Kazakhstan,Bilateral,constant,USD million,414.7565
2025,KAZ,Kazakhstan,Multilateral,constant,USD million,904.7775
2025,KAZ,Kazakhstan,Private,constant,USD million,2508.7698
2025,KEN,Kenya,Bilateral,constant,USD million,1499.5284
2025,KEN,Kenya,Multilateral,constant,USD million,1451.3704
2025,KEN,Kenya,Private,constant,USD million,726.8554
2025,KGZ,Kyrgyz Republic,Bilateral,constant,USD million,144.7843
2025,KGZ,Kyrgyz Republic,Multilateral,constant,USD million,97.5876
2025,KHM,Cambodia,Bilateral,constant,USD million,454.5827
2025,KHM,Cambodia,Multilateral,constant,USD million,158.0008
2025,LAO,Lao PDR,Bilateral,constant,USD million,1537.4453
2025,LAO,Lao PDR,Multilateral,constant,USD million,230.9976
2025,LAO,Lao PDR,Private,constant,USD million,671.3417
2025,LBN,Lebanon,Bilateral,constant,USD million,0.0
2025,LBN,Lebanon,Multilateral,constant,USD million,0.0
2025,LBN,Lebanon,Private,constant,USD million,0.0
2025,LBR,Liberia,Bilateral,constant,USD million,4.813
2025,LBR,Liberia,Multilateral,constant,USD million,49.3138
2025,LCA,St. Lucia,Bilateral,constant,USD million,14.3946
2025,LCA,St. Lucia,Multilateral,constant,USD million,22.4476
2025,LCA,St. Lucia,Private,constant,USD million,0.0
2025,LKA,Sri Lanka,Bilateral,constant,USD million,0.0
2025,LKA,Sri Lanka,Multilateral,constant,USD million,0.0
2025,LKA,Sri Lanka,Private,constant,USD million,0.0
2025,LSO,Lesotho,Bilateral,constant,USD million,29.9423
2025,LSO,Lesotho,Multilateral,constant,USD million,59.7283
2025,LSO,Lesotho,Private,constant,USD million,0.3327
2025,MAR,Morocco,Bilateral,constant,USD million,1044.5805
2025,MAR,Morocco,Multilateral,constant,USD million,1883.5679
2025,MAR,Morocco,Private,constant,USD million,1423.8594
2025,MDA,Moldova,Bilateral,constant,USD million,4.8029
2025,MDA,Moldova,Multilateral,constant,USD million,148.1524
2025,MDA,Moldova,Private,constant,USD million,1.0115
2025,MDG,Madagascar,Bilateral,constant,USD million,71.0607
2025,MDG,Madagascar,Multilateral,constant,USD million,171.5022
2025,MDG,Madagascar,Private,constant,USD million,36.5321
2025,MDV,Maldives,Bilateral,constant,USD million,223.3052
2025,MDV,Maldives,Multilateral,constant,USD million,68.9287
2025,MDV,Maldives,Private,constant,USD million,213.15
2025,MEX,Mexico,Bilateral,constant,USD million,196.6093
2025,MEX,Mexico,Multilateral,constant,USD million,4500.1353
2025,MEX,Mexico,Private,constant,USD million,16998.8452
2025,MKD,North Macedonia,Bilateral,constant,USD million,72.099
2025,MKD,North Macedonia,Multilateral,constant,USD million,223.8465
2025,MKD,North Macedonia,Private,constant,USD million,644.3291
2025,MLI,Mali,Bilateral,constant,USD million,149.794
2025,MLI,Mali,Multilateral,constant,USD million,197.5468
2025,MMR,Myanmar,Bilateral,constant,USD million,539.6938
2025,MMR,Myanmar,Multilateral,constant,USD million,195.2081
2025,MMR,Myanmar,Private,constant,USD million,312.355
2025,MNE,Montenegro,Bilateral,constant,USD million,99.5738
2025,MNE,Montenegro,Multilateral,constant,USD million,59.1044
2025,MNE,Montenegro,Private,constant,USD million,361.2332
2025,MNG,Mongolia,Bilateral,constant,USD million,207.2205
2025,MNG,Mongolia,Multilateral,constant,USD million,234.4406
2025,MNG,Mongolia,Private,constant,USD million,48.606
2025,MOZ,Mozambique,Bilateral,constant,USD million,421.8965
2025,MOZ,Mozambique,Multilateral,constant,USD million,196.8307
2025,MOZ,Mozambique,Private,constant,USD million,88.8042
2025,MRT,Mauritania,Bilateral,constant,USD million,157.0396
2025,MRT,Mauritania,Multilateral,constant,USD million,221.6753
2025,MUS,Mauritius,Bilateral,constant,USD million,99.048
2025,MUS,Mauritius,Multilateral,constant,USD million,73.6828
2025,MUS,Mauritius,Private,constant,USD million,8.5644
2025,MWI,Malawi,Bilateral,constant,USD million,51.0933
2025,MWI,Malawi,Multilateral,constant,USD million,124.9442
2025,NER,Niger,Bilateral,constant,USD million,58.0682
2025,NER,Niger,Multilateral,constant,USD million,216.5786
2025,NER,Niger,Private,constant,USD million,20.4317
2025,NGA,Nigeria,Bilateral,constant,USD million,2103.6361
2025,NGA,Nigeria,Multilateral,constant,USD million,3636.136
2025,NGA,Nigeria,Private,constant,USD million,7713.7975
2025,NIC,Nicaragua,Bilateral,constant,USD million,31.7438
2025,NIC,Nicaragua,Multilateral,constant,USD million,590.6848
2025,NIC,Nicaragua,Private,constant,USD million,0.7353
2025,NPL,Nepal,Bilateral,constant,USD million,142.739
2025,NPL,Nepal,Multilateral,constant,USD million,292.3686
2025,PAK,Pakistan,Bilateral,constant,USD million,0.0
2025,PAK,Pakistan,Multilateral,constant,USD million,0.0
2025,PAK,Pakistan,Private,constant,USD million,0.0
2025,PER,Peru,Bilateral,constant,USD million,115.102
2025,PER,Peru,Multilateral,constant,USD million,1049.3118
2025,PER,Peru,Private,constant,USD million,2263.656
2025,PHL,Philippines,Bilateral,constant,USD million,734.8382
2025,PHL,Philippines,Multilateral,constant,USD million,2979.0804
2025,PHL,Philippines,Private,constant,USD million,1907.066
2025,PNG,Papua New Guinea,Bilateral,constant,USD million,267.607
2025,PNG,Papua New Guinea,Multilateral,constant,USD million,291.869
2025,PNG,Papua New Guinea,Private,constant,USD million,47.4978
2025,PRY,Paraguay,Bilateral,constant,USD million,27.9479
2025,PRY,Paraguay,Multilateral,constant,USD million,1009.8232
2025,PRY,Paraguay,Private,constant,USD million,325.933
2025,RUS,Russian Federation,Bilateral,constant,USD million,176.7853
2025,RUS,Russian Federation,Multilateral,constant,USD million,2.32
2025,RUS,Russian Federation,Private,constant,USD million,21190.9871
2025,RWA,Rwanda,Bilateral,constant,USD million,76.8035
2025,RWA,Rwanda,Multilateral,constant,USD million,211.583
2025,RWA,Rwanda,Private,constant,USD million,73.9104
2025,SDN,Sudan,Bilateral,constant,USD million,257.2808
2025,SDN,Sudan,Multilateral,constant,USD million,390.4952
2025,SEN,Senegal,Bilateral,constant,USD million,442.4989
2025,SEN,Senegal,Multilateral,constant,USD million,544.2061
2025,SEN,Senegal,Private,constant,USD million,507.2942
2025,SLB,Solomon Islands,Bilateral,constant,USD million,1.2228
2025,SLB,Solomon Islands,Multilateral,constant,USD million,6.4565
2025,SLE,Sierra Leone,Bilateral,constant,USD million,29.638
2025,SLE,Sierra Leone,Multilateral,constant,USD million,71.0291
2025,SLV,El Salvador,Bilateral,constant,USD million,30.9493
2025,SLV,El Salvador,Multilateral,constant,USD million,620.08
2025,SLV,El Salvador,Private,constant,USD million,579.4093
2025,SOM,Somalia,Bilateral,constant,USD million,26.318
2025,SOM,Somalia,Multilateral,constant,USD million,10.0805
2025,SRB,Serbia,Bilateral,constant,USD million,329.4236
2025,SRB,Serbia,Multilateral,constant,USD million,500.0025
2025,SRB,Serbia,Private,constant,USD million,239.4581
2025,STP,Sao Tome and Principe,Bilateral,constant,USD million,3.4293
2025,STP,Sao Tome and Principe,Multilateral,constant,USD million,1.809
2025,STP,Sao Tome and Principe,Private,constant,USD million,0.8657
2025,SUR,Suriname,Bilateral,constant,USD million,85.9415
2025,SUR,Suriname,Multilateral,constant,USD million,127.9837
2025,SUR,Suriname,Private,constant,USD million,77.3036
2025,SWZ,Eswatini,Bilateral,constant,USD million,30.0885
2025,SWZ,Eswatini,Multilateral,constant,USD million,72.7157
2025,SWZ,Eswatini,Private,constant,USD million,1.2112
2025,SYR,Syrian Arab Republic,Bilateral,constant,USD million,0.0
2025,SYR,Syrian Arab Republic,Multilateral,constant,USD million,0.0
2025,TCD,Chad,Bilateral,constant,USD million,110.6219
2025,TCD,Chad,Multilateral,constant,USD million,118.4987
2025,TCD,Chad,Private,constant,USD million,116.3793
2025,TGO,Togo,Bilateral,constant,USD million,82.8172
2025,TGO,Togo,Multilateral,constant,USD million,100.0569
2025,TGO,Togo,Private,constant,USD million,31.3951
2025,THA,Thailand,Bilateral,constant,USD million,206.1796
2025,THA,Thailand,Multilateral,constant,USD million,410.8562
2025,THA,Thailand,Private,constant,USD million,1764.6521
2025,TJK,Tajikistan,Bilateral,constant,USD million,150.6232
2025,TJK,Tajikistan,Multilateral,constant,USD million,195.2542
2025,TJK,Tajikistan,Private,constant,USD million,218.0176
2025,TKM,Turkmenistan,Bilateral,constant,USD million,200.6436
2025,TKM,Turkmenistan,Multilateral,constant,USD million,89.6016
2025,TKM,Turkmenistan,Private,constant,USD million,85.6842
2025,TLS,Timor-Leste,Bilateral,constant,USD million,2.8338
2025,TLS,Timor-Leste,Multilateral,constant,USD million,26.8911
2025,TON,Tonga,Bilateral,constant,USD million,13.7709
2025,TON,Tonga,Multilateral,constant,USD million,3.6697
2025,TUN,Tunisia,Bilateral,constant,USD million,742.9581
2025,TUN,Tunisia,Multilateral,constant,USD million,1180.5199
2025,TUN,Tunisia,Private,constant,USD million,1079.838
2025,TUR,Turkiye,Bilateral,constant,USD million,1216.6616
2025,TUR,Turkiye,Multilateral,constant,USD million,3246.0846
2025,TUR,Turkiye,Private,constant,USD million,19835.2945
2025,TZA,Tanzania,Bilateral,constant,USD million,417.8764
2025,TZA,Tanzania,Multilateral,constant,USD million,603.0691
2025,TZA,Tanzania,Private,constant,USD million,556.2877
2025,UGA,Uganda,Bilateral,constant,USD million,386.3873
2025,UGA,Uganda,Multilateral,constant,USD million,503.2354
2025,UGA,Uganda,Private,constant,USD million,57.5076
2025,UKR,Ukraine,Bilateral,constant,USD million,114.4946
2025,UKR,Ukraine,Multilateral,constant,USD million,725.3373
2025,UKR,Ukraine,Private,constant,USD million,1348.4144
2025,UZB,Uzbekistan,Bilateral,constant,USD million,691.9423
2025,UZB,Uzbekistan,Multilateral,constant,USD million,1729.307
2025,UZB,Uzbekistan,Private,constant,USD million,880.7981
2025,VCT,St. Vincent and the Grenadines,Bilateral,constant,USD million,6.4951
2025,VCT,St. Vincent and the Grenadines,Multilateral,constant,USD million,30.6039
2025,VCT,St. Vincent and the Grenadines,Private,constant,USD million,0.7534
2025,VNM,Viet Nam,Bilateral,constant,USD million,1729.8354
2025,VNM,Viet Nam,Multilateral,constant,USD million,1757.5183
2025,VNM,Viet Nam,Private,constant,USD million,524.9966
2025,VUT,Vanuatu,Bilateral,constant,USD million,12.4136
2025,VUT,Vanuatu,Multilateral,constant,USD million,4.4625
2025,WSM,Samoa,Bilateral,constant,USD million,16.7772
2025,WSM,Samoa,Multilateral,constant,USD million,10.0998
2025,XKX,Kosovo,Bilateral,constant,USD million,2.498
2025,XKX,Kosovo,Multilateral,constant,USD million,80.3801
2025,XKX,Kosovo,Private,constant,USD million,2.835
2025,YEM,"Yemen, Rep.",Bilateral,constant,USD million,307.465
2025,YEM,"Yemen, Rep.",Multilateral,constant,USD million,573.7051
2025,ZAF,South Africa,Bilateral,constant,USD million,422.3579
2025,ZAF,South Africa,Multilateral,constant,USD million,668.0308
2025,ZAF,South Africa,Private,constant,USD million,7399.1813
2025,ZMB,Zambia,Bilateral,constant,USD million,784.8094
2025,ZMB,Zambia,Multilateral,constant,USD million,313.435
2025,ZMB,Zambia,Private,constant,USD million,1010.5225
2025,ZWE,Zimbabwe,Bilateral,constant,USD million,114.3826
2025,ZWE,Zimbabwe,Multilateral,constant,USD million,21.5485
