year,entity_name,iso_code,estimate,indicator_name,value,units
2015,Aruba,ABW,False,General government revenue,708.098,USD million
2016,Aruba,ABW,False,General government revenue,713.209,USD million
2017,Aruba,ABW,False,General government revenue,708.76,USD million
2018,Aruba,ABW,False,General government revenue,733.943,USD million
2019,Aruba,ABW,False,General government revenue,756.493,USD million
2020,Aruba,ABW,False,General government revenue,588.845,USD million
2021,Aruba,ABW,False,General government revenue,616.786,USD million
2022,Aruba,ABW,False,General government revenue,733.679,USD million
2023,Aruba,ABW,True,General government revenue,884.104,USD million
2024,Aruba,ABW,True,General government revenue,906.708,USD million
2025,Aruba,ABW,True,General government revenue,898.35,USD million
2026,Aruba,ABW,True,General government revenue,908.332,USD million
2027,Aruba,ABW,True,General government revenue,918.491,USD million
2028,Aruba,ABW,True,General government revenue,928.723,USD million
2015,Afghanistan,AFG,False,General government revenue,4927.804,USD million
2016,Afghanistan,AFG,False,General government revenue,5769.445,USD million
2017,Afghanistan,AFG,False,General government revenue,5691.405,USD million
2018,Afghanistan,AFG,False,General government revenue,6506.36,USD million
2019,Afghanistan,AFG,False,General government revenue,5958.304,USD million
2020,Afghanistan,AFG,False,General government revenue,5548.903,USD million
2021,Afghanistan,AFG,False,General government revenue,3220.315,USD million
2022,Afghanistan,AFG,False,General government revenue,2616.007,USD million
2023,Afghanistan,AFG,False,General government revenue,2759.984,USD million
2015,Angola,AGO,False,General government revenue,28042.476,USD million
2016,Angola,AGO,False,General government revenue,19982.884,USD million
2017,Angola,AGO,False,General government revenue,19754.593,USD million
2018,Angola,AGO,False,General government revenue,26074.846,USD million
2019,Angola,AGO,False,General government revenue,24242.955,USD million
2020,Angola,AGO,False,General government revenue,22559.751,USD million
2021,Angola,AGO,False,General government revenue,25978.189,USD million
2022,Angola,AGO,True,General government revenue,26309.821,USD million
2023,Angola,AGO,True,General government revenue,22967.781,USD million
2024,Angola,AGO,True,General government revenue,24398.237,USD million
2025,Angola,AGO,True,General government revenue,23389.957,USD million
2026,Angola,AGO,True,General government revenue,23115.466,USD million
2027,Angola,AGO,True,General government revenue,22737.218,USD million
2028,Angola,AGO,True,General government revenue,22778.315,USD million
2015,Albania,ALB,False,General government revenue,3011.252,USD million
2016,Albania,ALB,False,General government revenue,3252.5,USD million
2017,Albania,ALB,False,General government revenue,3390.095,USD million
2018,Albania,ALB,False,General government revenue,3488.37,USD million
2019,Albania,ALB,False,General government revenue,3529.03,USD million
2020,Albania,ALB,False,General government revenue,3242.427,USD million
2021,Albania,ALB,False,General government revenue,3759.929,USD million
2022,Albania,ALB,True,General government revenue,3836.544,USD million
2023,Albania,ALB,True,General government revenue,4122.304,USD million
2024,Albania,ALB,True,General government revenue,4379.133,USD million
2025,Albania,ALB,True,General government revenue,4469.149,USD million
2026,Albania,ALB,True,General government revenue,4647.919,USD million
2027,Albania,ALB,True,General government revenue,4807.955,USD million
2028,Albania,ALB,True,General government revenue,4983.825,USD million
2015,Andorra,AND,False,General government revenue,975.648,USD million
2016,Andorra,AND,False,General government revenue,1117.381,USD million
2017,Andorra,AND,False,General government revenue,1108.34,USD million
2018,Andorra,AND,False,General government revenue,1137.85,USD million
2019,Andorra,AND,False,General government revenue,1147.166,USD million
2020,Andorra,AND,False,General government revenue,1102.342,USD million
2021,Andorra,AND,False,General government revenue,1095.583,USD million
2022,Andorra,AND,False,General government revenue,1259.054,USD million
2023,Andorra,AND,True,General government revenue,1241.619,USD million
2024,Andorra,AND,True,General government revenue,1252.108,USD million
2025,Andorra,AND,True,General government revenue,1265.797,USD million
2026,Andorra,AND,True,General government revenue,1285.166,USD million
2027,Andorra,AND,True,General government revenue,1305.454,USD million
2028,Andorra,AND,True,General government revenue,1327.794,USD million
2015,United Arab Emirates,ARE,False,General government revenue,76584.185,USD million
2016,United Arab Emirates,ARE,False,General government revenue,116178.544,USD million
2017,United Arab Emirates,ARE,False,General government revenue,110138.311,USD million
2018,United Arab Emirates,ARE,False,General government revenue,121513.779,USD million
2019,United Arab Emirates,ARE,False,General government revenue,125192.521,USD million
2020,United Arab Emirates,ARE,False,General government revenue,109874.014,USD million
2021,United Arab Emirates,ARE,False,General government revenue,121703.471,USD million
2022,United Arab Emirates,ARE,False,General government revenue,142385.989,USD million
2023,United Arab Emirates,ARE,True,General government revenue,125809.202,USD million
2024,United Arab Emirates,ARE,True,General government revenue,131146.06,USD million
2025,United Arab Emirates,ARE,True,General government revenue,136378.744,USD million
2026,United Arab Emirates,ARE,True,General government revenue,142173.139,USD million
2027,United Arab Emirates,ARE,True,General government revenue,147772.099,USD million
2028,United Arab Emirates,ARE,True,General government revenue,153893.523,USD million
2015,Argentina,ARG,False,General government revenue,227213.818,USD million
2016,Argentina,ARG,False,General government revenue,219347.976,USD million
2017,Argentina,ARG,False,General government revenue,222690.588,USD million
2018,Argentina,ARG,False,General government revenue,211066.786,USD million
2019,Argentina,ARG,False,General government revenue,207930.095,USD million
2020,Argentina,ARG,False,General government revenue,188016.948,USD million
2021,Argentina,ARG,False,General government revenue,206083.172,USD million
2022,Argentina,ARG,False,General government revenue,219019.108,USD million
2023,Argentina,ARG,True,General government revenue,206596.493,USD million
2024,Argentina,ARG,True,General government revenue,196033.661,USD million
2025,Argentina,ARG,True,General government revenue,218178.541,USD million
2026,Argentina,ARG,True,General government revenue,231840.262,USD million
2027,Argentina,ARG,True,General government revenue,239391.135,USD million
2028,Argentina,ARG,True,General government revenue,248354.771,USD million
2015,Armenia,ARM,False,General government revenue,2268.262,USD million
2016,Armenia,ARM,False,General government revenue,2264.428,USD million
2017,Armenia,ARM,False,General government revenue,2414.882,USD million
2018,Armenia,ARM,False,General government revenue,2667.392,USD million
2019,Armenia,ARM,False,General government revenue,3080.425,USD million
2020,Armenia,ARM,False,General government revenue,3019.564,USD million
2021,Armenia,ARM,False,General government revenue,3046.662,USD million
2022,Armenia,ARM,True,General government revenue,3455.931,USD million
2023,Armenia,ARM,True,General government revenue,3849.94,USD million
2024,Armenia,ARM,True,General government revenue,4115.163,USD million
2025,Armenia,ARM,True,General government revenue,4334.019,USD million
2026,Armenia,ARM,True,General government revenue,4642.728,USD million
2027,Armenia,ARM,True,General government revenue,4854.642,USD million
2028,Armenia,ARM,True,General government revenue,4989.306,USD million
2015,Antigua and Barbuda,ATG,False,General government revenue,322.256,USD million
2016,Antigua and Barbuda,ATG,False,General government revenue,353.844,USD million
2017,Antigua and Barbuda,ATG,False,General government revenue,304.926,USD million
2018,Antigua and Barbuda,ATG,False,General government revenue,313.464,USD million
2019,Antigua and Barbuda,ATG,False,General government revenue,312.525,USD million
2020,Antigua and Barbuda,ATG,False,General government revenue,271.122,USD million
2021,Antigua and Barbuda,ATG,False,General government revenue,280.195,USD million
2022,Antigua and Barbuda,ATG,False,General government revenue,290.199,USD million
2023,Antigua and Barbuda,ATG,True,General government revenue,283.43,USD million
2024,Antigua and Barbuda,ATG,True,General government revenue,311.152,USD million
2025,Antigua and Barbuda,ATG,True,General government revenue,328.137,USD million
2026,Antigua and Barbuda,ATG,True,General government revenue,337.931,USD million
2027,Antigua and Barbuda,ATG,True,General government revenue,349.766,USD million
2028,Antigua and Barbuda,ATG,True,General government revenue,359.508,USD million
2015,Australia,AUS,False,General government revenue,425406.227,USD million
2016,Australia,AUS,False,General government revenue,441784.117,USD million
2017,Australia,AUS,False,General government revenue,454798.817,USD million
2018,Australia,AUS,False,General government revenue,474902.187,USD million
2019,Australia,AUS,False,General government revenue,468574.621,USD million
2020,Australia,AUS,False,General government revenue,474620.336,USD million
2021,Australia,AUS,False,General government revenue,496273.37,USD million
2022,Australia,AUS,True,General government revenue,516165.927,USD million
2023,Australia,AUS,True,General government revenue,540679.334,USD million
2024,Australia,AUS,True,General government revenue,547473.725,USD million
2025,Australia,AUS,True,General government revenue,553392.408,USD million
2026,Australia,AUS,True,General government revenue,565661.977,USD million
2027,Australia,AUS,True,General government revenue,580991.009,USD million
2028,Australia,AUS,True,General government revenue,594728.625,USD million
2015,Austria,AUT,False,General government revenue,191471.052,USD million
2016,Austria,AUT,False,General government revenue,189105.634,USD million
2017,Austria,AUT,False,General government revenue,193161.837,USD million
2018,Austria,AUT,False,General government revenue,199662.294,USD million
2019,Austria,AUT,False,General government revenue,203857.304,USD million
2020,Austria,AUT,False,General government revenue,188685.076,USD million
2021,Austria,AUT,False,General government revenue,203116.104,USD million
2022,Austria,AUT,False,General government revenue,209839.119,USD million
2023,Austria,AUT,True,General government revenue,206666.179,USD million
2024,Austria,AUT,True,General government revenue,208254.393,USD million
2025,Austria,AUT,True,General government revenue,210347.405,USD million
2026,Austria,AUT,True,General government revenue,214191.562,USD million
2027,Austria,AUT,True,General government revenue,217620.776,USD million
2028,Austria,AUT,True,General government revenue,219935.453,USD million
2015,Azerbaijan,AZE,False,General government revenue,17947.964,USD million
2016,Azerbaijan,AZE,False,General government revenue,17597.881,USD million
2017,Azerbaijan,AZE,False,General government revenue,17611.653,USD million
2018,Azerbaijan,AZE,False,General government revenue,20158.82,USD million
2019,Azerbaijan,AZE,False,General government revenue,22190.471,USD million
2020,Azerbaijan,AZE,False,General government revenue,17281.74,USD million
2021,Azerbaijan,AZE,False,General government revenue,19690.705,USD million
2022,Azerbaijan,AZE,True,General government revenue,18219.562,USD million
2023,Azerbaijan,AZE,True,General government revenue,23324.566,USD million
2024,Azerbaijan,AZE,True,General government revenue,19994.3,USD million
2025,Azerbaijan,AZE,True,General government revenue,20343.14,USD million
2026,Azerbaijan,AZE,True,General government revenue,19834.532,USD million
2027,Azerbaijan,AZE,True,General government revenue,19486.66,USD million
2028,Azerbaijan,AZE,True,General government revenue,19066.773,USD million
2015,Burundi,BDI,False,General government revenue,484.503,USD million
2016,Burundi,BDI,False,General government revenue,477.091,USD million
2017,Burundi,BDI,False,General government revenue,591.85,USD million
2018,Burundi,BDI,False,General government revenue,609.98,USD million
2019,Burundi,BDI,False,General government revenue,717.995,USD million
2020,Burundi,BDI,False,General government revenue,743.936,USD million
2021,Burundi,BDI,False,General government revenue,834.303,USD million
2022,Burundi,BDI,True,General government revenue,776.084,USD million
2023,Burundi,BDI,True,General government revenue,716.832,USD million
2024,Burundi,BDI,True,General government revenue,817.268,USD million
2025,Burundi,BDI,True,General government revenue,1051.496,USD million
2026,Burundi,BDI,True,General government revenue,1073.322,USD million
2027,Burundi,BDI,True,General government revenue,1253.706,USD million
2028,Burundi,BDI,True,General government revenue,1303.335,USD million
2015,Belgium,BEL,False,General government revenue,237230.222,USD million
2016,Belgium,BEL,False,General government revenue,237654.328,USD million
2017,Belgium,BEL,False,General government revenue,244316.569,USD million
2018,Belgium,BEL,False,General government revenue,248933.369,USD million
2019,Belgium,BEL,False,General government revenue,247198.26,USD million
2020,Belgium,BEL,False,General government revenue,234131.685,USD million
2021,Belgium,BEL,False,General government revenue,247990.294,USD million
2022,Belgium,BEL,False,General government revenue,256630.84,USD million
2023,Belgium,BEL,True,General government revenue,262535.628,USD million
2024,Belgium,BEL,True,General government revenue,267370.699,USD million
2025,Belgium,BEL,True,General government revenue,269379.041,USD million
2026,Belgium,BEL,True,General government revenue,272379.398,USD million
2027,Belgium,BEL,True,General government revenue,276269.053,USD million
2028,Belgium,BEL,True,General government revenue,280229.686,USD million
2015,Benin,BEN,False,General government revenue,1435.014,USD million
2016,Benin,BEN,False,General government revenue,1310.983,USD million
2017,Benin,BEN,False,General government revenue,1689.053,USD million
2018,Benin,BEN,False,General government revenue,1803.495,USD million
2019,Benin,BEN,False,General government revenue,1994.117,USD million
2020,Benin,BEN,False,General government revenue,2119.019,USD million
2021,Benin,BEN,False,General government revenue,2232.299,USD million
2022,Benin,BEN,False,General government revenue,2399.222,USD million
2023,Benin,BEN,True,General government revenue,2682.157,USD million
2024,Benin,BEN,True,General government revenue,2895.265,USD million
2025,Benin,BEN,True,General government revenue,3177.449,USD million
2026,Benin,BEN,True,General government revenue,3448.367,USD million
2027,Benin,BEN,True,General government revenue,3752.982,USD million
2028,Benin,BEN,True,General government revenue,4073.543,USD million
2015,Burkina Faso,BFA,False,General government revenue,2161.771,USD million
2016,Burkina Faso,BFA,False,General government revenue,2325.8,USD million
2017,Burkina Faso,BFA,False,General government revenue,2575.675,USD million
2018,Burkina Faso,BFA,False,General government revenue,2804.556,USD million
2019,Burkina Faso,BFA,False,General government revenue,3000.504,USD million
2020,Burkina Faso,BFA,False,General government revenue,2954.393,USD million
2021,Burkina Faso,BFA,False,General government revenue,3332.037,USD million
2022,Burkina Faso,BFA,False,General government revenue,3602.329,USD million
2023,Burkina Faso,BFA,True,General government revenue,3822.656,USD million
2024,Burkina Faso,BFA,True,General government revenue,3945.101,USD million
2025,Burkina Faso,BFA,True,General government revenue,4348.633,USD million
2026,Burkina Faso,BFA,True,General government revenue,4677.748,USD million
2027,Burkina Faso,BFA,True,General government revenue,5017.31,USD million
2028,Burkina Faso,BFA,True,General government revenue,5317.711,USD million
2015,Bangladesh,BGD,False,General government revenue,19192.713,USD million
2016,Bangladesh,BGD,False,General government revenue,21121.127,USD million
2017,Bangladesh,BGD,False,General government revenue,21525.798,USD million
2018,Bangladesh,BGD,False,General government revenue,25432.251,USD million
2019,Bangladesh,BGD,False,General government revenue,25157.068,USD million
2020,Bangladesh,BGD,False,General government revenue,27059.924,USD million
2021,Bangladesh,BGD,False,General government revenue,31992.431,USD million
2022,Bangladesh,BGD,False,General government revenue,32638.967,USD million
2023,Bangladesh,BGD,True,General government revenue,31771.294,USD million
2024,Bangladesh,BGD,True,General government revenue,36061.785,USD million
2025,Bangladesh,BGD,True,General government revenue,38916.631,USD million
2026,Bangladesh,BGD,True,General government revenue,44811.0,USD million
2027,Bangladesh,BGD,True,General government revenue,48535.411,USD million
2028,Bangladesh,BGD,True,General government revenue,52707.599,USD million
2015,Bulgaria,BGR,False,General government revenue,17542.191,USD million
2016,Bulgaria,BGR,False,General government revenue,17920.846,USD million
2017,Bulgaria,BGR,False,General government revenue,17654.258,USD million
2018,Bulgaria,BGR,False,General government revenue,19011.418,USD million
2019,Bulgaria,BGR,False,General government revenue,20043.777,USD million
2020,Bulgaria,BGR,False,General government revenue,19231.632,USD million
2021,Bulgaria,BGR,False,General government revenue,21247.191,USD million
2022,Bulgaria,BGR,False,General government revenue,22756.354,USD million
2023,Bulgaria,BGR,True,General government revenue,21792.269,USD million
2024,Bulgaria,BGR,True,General government revenue,23494.291,USD million
2025,Bulgaria,BGR,True,General government revenue,24074.025,USD million
2026,Bulgaria,BGR,True,General government revenue,24371.417,USD million
2027,Bulgaria,BGR,True,General government revenue,24975.262,USD million
2028,Bulgaria,BGR,True,General government revenue,25646.218,USD million
2015,Bahrain,BHR,False,General government revenue,5654.124,USD million
2016,Bahrain,BHR,False,General government revenue,5637.913,USD million
2017,Bahrain,BHR,False,General government revenue,6132.852,USD million
2018,Bahrain,BHR,False,General government revenue,7519.963,USD million
2019,Bahrain,BHR,False,General government revenue,8364.586,USD million
2020,Bahrain,BHR,False,General government revenue,6001.346,USD million
2021,Bahrain,BHR,False,General government revenue,7268.274,USD million
2022,Bahrain,BHR,False,General government revenue,8554.411,USD million
2023,Bahrain,BHR,True,General government revenue,7627.636,USD million
2024,Bahrain,BHR,True,General government revenue,8427.548,USD million
2025,Bahrain,BHR,True,General government revenue,8102.642,USD million
2026,Bahrain,BHR,True,General government revenue,7808.098,USD million
2027,Bahrain,BHR,True,General government revenue,7519.434,USD million
2028,Bahrain,BHR,True,General government revenue,7535.506,USD million
2015,"Bahamas, The",BHS,False,General government revenue,1785.232,USD million
2016,"Bahamas, The",BHS,False,General government revenue,1963.85,USD million
2017,"Bahamas, The",BHS,False,General government revenue,2050.966,USD million
2018,"Bahamas, The",BHS,False,General government revenue,2003.906,USD million
2019,"Bahamas, The",BHS,False,General government revenue,2276.803,USD million
2020,"Bahamas, The",BHS,False,General government revenue,1729.854,USD million
2021,"Bahamas, The",BHS,False,General government revenue,2041.843,USD million
2022,"Bahamas, The",BHS,False,General government revenue,2541.068,USD million
2023,"Bahamas, The",BHS,True,General government revenue,2524.88,USD million
2024,"Bahamas, The",BHS,True,General government revenue,2665.185,USD million
2025,"Bahamas, The",BHS,True,General government revenue,2828.934,USD million
2026,"Bahamas, The",BHS,True,General government revenue,2871.122,USD million
2027,"Bahamas, The",BHS,True,General government revenue,2905.357,USD million
2028,"Bahamas, The",BHS,True,General government revenue,2941.773,USD million
2015,Bosnia and Herzegovina,BIH,False,General government revenue,6970.716,USD million
2016,Bosnia and Herzegovina,BIH,False,General government revenue,7078.663,USD million
2017,Bosnia and Herzegovina,BIH,False,General government revenue,7303.802,USD million
2018,Bosnia and Herzegovina,BIH,False,General government revenue,7635.057,USD million
2019,Bosnia and Herzegovina,BIH,False,General government revenue,7710.958,USD million
2020,Bosnia and Herzegovina,BIH,False,General government revenue,7385.581,USD million
2021,Bosnia and Herzegovina,BIH,False,General government revenue,7872.622,USD million
2022,Bosnia and Herzegovina,BIH,True,General government revenue,8020.51,USD million
2023,Bosnia and Herzegovina,BIH,True,General government revenue,8402.067,USD million
2024,Bosnia and Herzegovina,BIH,True,General government revenue,8760.881,USD million
2025,Bosnia and Herzegovina,BIH,True,General government revenue,8951.609,USD million
2026,Bosnia and Herzegovina,BIH,True,General government revenue,9227.609,USD million
2027,Bosnia and Herzegovina,BIH,True,General government revenue,9531.29,USD million
2028,Bosnia and Herzegovina,BIH,True,General government revenue,9821.653,USD million
2015,Belarus,BLR,False,General government revenue,21859.032,USD million
2016,Belarus,BLR,False,General government revenue,21424.403,USD million
2017,Belarus,BLR,False,General government revenue,21789.573,USD million
2018,Belarus,BLR,False,General government revenue,23020.905,USD million
2019,Belarus,BLR,False,General government revenue,22537.441,USD million
2020,Belarus,BLR,False,General government revenue,20579.259,USD million
2021,Belarus,BLR,False,General government revenue,21870.973,USD million
2022,Belarus,BLR,True,General government revenue,20772.805,USD million
2023,Belarus,BLR,True,General government revenue,24348.553,USD million
2024,Belarus,BLR,True,General government revenue,25838.512,USD million
2025,Belarus,BLR,True,General government revenue,26402.827,USD million
2026,Belarus,BLR,True,General government revenue,26743.486,USD million
2027,Belarus,BLR,True,General government revenue,26958.301,USD million
2028,Belarus,BLR,True,General government revenue,27185.179,USD million
2015,Belize,BLZ,False,General government revenue,500.197,USD million
2016,Belize,BLZ,False,General government revenue,508.76,USD million
2017,Belize,BLZ,False,General government revenue,521.093,USD million
2018,Belize,BLZ,False,General government revenue,555.153,USD million
2019,Belize,BLZ,False,General government revenue,557.873,USD million
2020,Belize,BLZ,False,General government revenue,481.351,USD million
2021,Belize,BLZ,False,General government revenue,518.865,USD million
2022,Belize,BLZ,True,General government revenue,569.841,USD million
2023,Belize,BLZ,True,General government revenue,587.823,USD million
2024,Belize,BLZ,True,General government revenue,620.422,USD million
2025,Belize,BLZ,True,General government revenue,641.785,USD million
2026,Belize,BLZ,True,General government revenue,657.801,USD million
2027,Belize,BLZ,True,General government revenue,672.399,USD million
2028,Belize,BLZ,True,General government revenue,686.46,USD million
2015,Bolivia,BOL,False,General government revenue,12515.236,USD million
2016,Bolivia,BOL,False,General government revenue,11328.438,USD million
2017,Bolivia,BOL,False,General government revenue,11102.058,USD million
2018,Bolivia,BOL,False,General government revenue,10885.576,USD million
2019,Bolivia,BOL,False,General government revenue,11086.49,USD million
2020,Bolivia,BOL,False,General government revenue,8866.755,USD million
2021,Bolivia,BOL,False,General government revenue,9340.463,USD million
2022,Bolivia,BOL,True,General government revenue,10629.889,USD million
2023,Bolivia,BOL,True,General government revenue,10787.605,USD million
2024,Bolivia,BOL,True,General government revenue,10893.888,USD million
2025,Bolivia,BOL,True,General government revenue,11095.152,USD million
2026,Bolivia,BOL,True,General government revenue,11432.983,USD million
2027,Bolivia,BOL,True,General government revenue,11603.502,USD million
2028,Bolivia,BOL,True,General government revenue,11749.742,USD million
2015,Brazil,BRA,False,General government revenue,664396.979,USD million
2016,Brazil,BRA,False,General government revenue,653131.042,USD million
2017,Brazil,BRA,False,General government revenue,640865.837,USD million
2018,Brazil,BRA,False,General government revenue,667792.936,USD million
2019,Brazil,BRA,False,General government revenue,693992.517,USD million
2020,Brazil,BRA,False,General government revenue,607228.852,USD million
2021,Brazil,BRA,False,General government revenue,695044.871,USD million
2022,Brazil,BRA,False,General government revenue,749042.932,USD million
2023,Brazil,BRA,True,General government revenue,738046.879,USD million
2024,Brazil,BRA,True,General government revenue,790734.315,USD million
2025,Brazil,BRA,True,General government revenue,806990.185,USD million
2026,Brazil,BRA,True,General government revenue,822197.162,USD million
2027,Brazil,BRA,True,General government revenue,847138.537,USD million
2028,Brazil,BRA,True,General government revenue,873998.268,USD million
2015,Barbados,BRB,False,General government revenue,1226.657,USD million
2016,Barbados,BRB,False,General government revenue,1378.433,USD million
2017,Barbados,BRB,False,General government revenue,1391.989,USD million
2018,Barbados,BRB,False,General government revenue,1406.256,USD million
2019,Barbados,BRB,False,General government revenue,1437.283,USD million
2020,Barbados,BRB,False,General government revenue,1281.236,USD million
2021,Barbados,BRB,False,General government revenue,1182.487,USD million
2022,Barbados,BRB,False,General government revenue,1473.272,USD million
2023,Barbados,BRB,False,General government revenue,1481.507,USD million
2024,Barbados,BRB,True,General government revenue,1507.83,USD million
2025,Barbados,BRB,True,General government revenue,1555.34,USD million
2026,Barbados,BRB,True,General government revenue,1588.536,USD million
2027,Barbados,BRB,True,General government revenue,1616.19,USD million
2028,Barbados,BRB,True,General government revenue,1646.921,USD million
2015,Brunei Darussalam,BRN,False,General government revenue,3123.112,USD million
2016,Brunei Darussalam,BRN,False,General government revenue,2228.574,USD million
2017,Brunei Darussalam,BRN,False,General government revenue,3345.838,USD million
2018,Brunei Darussalam,BRN,False,General government revenue,3652.249,USD million
2019,Brunei Darussalam,BRN,False,General government revenue,3817.516,USD million
2020,Brunei Darussalam,BRN,False,General government revenue,2345.227,USD million
2021,Brunei Darussalam,BRN,False,General government revenue,2791.444,USD million
2022,Brunei Darussalam,BRN,False,General government revenue,3758.43,USD million
2023,Brunei Darussalam,BRN,True,General government revenue,2434.585,USD million
2024,Brunei Darussalam,BRN,True,General government revenue,2654.044,USD million
2025,Brunei Darussalam,BRN,True,General government revenue,2760.407,USD million
2026,Brunei Darussalam,BRN,True,General government revenue,2623.641,USD million
2027,Brunei Darussalam,BRN,True,General government revenue,2421.983,USD million
2028,Brunei Darussalam,BRN,True,General government revenue,2325.952,USD million
2015,Bhutan,BTN,False,General government revenue,583.991,USD million
2016,Bhutan,BTN,False,General government revenue,652.966,USD million
2017,Bhutan,BTN,False,General government revenue,635.72,USD million
2018,Bhutan,BTN,False,General government revenue,755.648,USD million
2019,Bhutan,BTN,False,General government revenue,596.539,USD million
2020,Bhutan,BTN,False,General government revenue,744.977,USD million
2021,Bhutan,BTN,False,General government revenue,763.163,USD million
2022,Bhutan,BTN,False,General government revenue,651.418,USD million
2023,Bhutan,BTN,True,General government revenue,659.949,USD million
2024,Bhutan,BTN,True,General government revenue,692.99,USD million
2025,Bhutan,BTN,True,General government revenue,862.899,USD million
2026,Bhutan,BTN,True,General government revenue,1029.937,USD million
2027,Bhutan,BTN,True,General government revenue,1033.738,USD million
2028,Bhutan,BTN,True,General government revenue,1023.591,USD million
2015,Botswana,BWA,False,General government revenue,4464.148,USD million
2016,Botswana,BWA,False,General government revenue,5051.497,USD million
2017,Botswana,BWA,False,General government revenue,5063.576,USD million
2018,Botswana,BWA,False,General government revenue,4808.549,USD million
2019,Botswana,BWA,False,General government revenue,4592.533,USD million
2020,Botswana,BWA,False,General government revenue,3797.707,USD million
2021,Botswana,BWA,False,General government revenue,4807.213,USD million
2022,Botswana,BWA,False,General government revenue,5093.814,USD million
2023,Botswana,BWA,True,General government revenue,5100.462,USD million
2024,Botswana,BWA,True,General government revenue,5123.962,USD million
2025,Botswana,BWA,True,General government revenue,5504.508,USD million
2026,Botswana,BWA,True,General government revenue,5728.667,USD million
2027,Botswana,BWA,True,General government revenue,5991.212,USD million
2028,Botswana,BWA,True,General government revenue,5966.452,USD million
2015,Central African Republic,CAF,False,General government revenue,226.84,USD million
2016,Central African Republic,CAF,False,General government revenue,237.97,USD million
2017,Central African Republic,CAF,False,General government revenue,237.694,USD million
2018,Central African Republic,CAF,False,General government revenue,320.691,USD million
2019,Central African Republic,CAF,False,General government revenue,363.985,USD million
2020,Central African Republic,CAF,False,General government revenue,435.9,USD million
2021,Central African Republic,CAF,False,General government revenue,276.55,USD million
2022,Central African Republic,CAF,True,General government revenue,249.997,USD million
2023,Central African Republic,CAF,True,General government revenue,294.11,USD million
2024,Central African Republic,CAF,True,General government revenue,306.811,USD million
2025,Central African Republic,CAF,True,General government revenue,348.67,USD million
2026,Central African Republic,CAF,True,General government revenue,394.652,USD million
2027,Central African Republic,CAF,True,General government revenue,412.605,USD million
2028,Central African Republic,CAF,True,General government revenue,437.658,USD million
2015,Canada,CAN,False,General government revenue,621933.902,USD million
2016,Canada,CAN,False,General government revenue,633781.895,USD million
2017,Canada,CAN,False,General government revenue,653709.732,USD million
2018,Canada,CAN,False,General government revenue,682946.626,USD million
2019,Canada,CAN,False,General government revenue,688341.873,USD million
2020,Canada,CAN,False,General government revenue,667213.445,USD million
2021,Canada,CAN,False,General government revenue,721246.919,USD million
2022,Canada,CAN,False,General government revenue,724565.918,USD million
2023,Canada,CAN,True,General government revenue,747450.764,USD million
2024,Canada,CAN,True,General government revenue,745845.281,USD million
2025,Canada,CAN,True,General government revenue,763026.869,USD million
2026,Canada,CAN,True,General government revenue,776370.474,USD million
2027,Canada,CAN,True,General government revenue,790815.697,USD million
2028,Canada,CAN,True,General government revenue,804970.134,USD million
2015,Switzerland,CHE,False,General government revenue,229121.496,USD million
2016,Switzerland,CHE,False,General government revenue,231466.505,USD million
2017,Switzerland,CHE,False,General government revenue,241190.112,USD million
2018,Switzerland,CHE,False,General government revenue,244104.9,USD million
2019,Switzerland,CHE,False,General government revenue,249011.64,USD million
2020,Switzerland,CHE,False,General government revenue,248245.602,USD million
2021,Switzerland,CHE,False,General government revenue,263250.832,USD million
2022,Switzerland,CHE,False,General government revenue,260439.784,USD million
2023,Switzerland,CHE,True,General government revenue,257581.852,USD million
2024,Switzerland,CHE,True,General government revenue,261033.937,USD million
2025,Switzerland,CHE,True,General government revenue,263195.246,USD million
2026,Switzerland,CHE,True,General government revenue,267932.176,USD million
2027,Switzerland,CHE,True,General government revenue,271147.489,USD million
2028,Switzerland,CHE,True,General government revenue,276030.097,USD million
2015,Chile,CHL,False,General government revenue,55630.516,USD million
2016,Chile,CHL,False,General government revenue,56030.594,USD million
2017,Chile,CHL,False,General government revenue,57188.841,USD million
2018,Chile,CHL,False,General government revenue,62768.891,USD million
2019,Chile,CHL,False,General government revenue,62208.959,USD million
2020,Chile,CHL,False,General government revenue,54029.043,USD million
2021,Chile,CHL,False,General government revenue,71317.193,USD million
2022,Chile,CHL,False,General government revenue,78164.503,USD million
2023,Chile,CHL,True,General government revenue,70276.252,USD million
2024,Chile,CHL,True,General government revenue,70845.77,USD million
2025,Chile,CHL,True,General government revenue,74735.261,USD million
2026,Chile,CHL,True,General government revenue,79042.661,USD million
2027,Chile,CHL,True,General government revenue,81177.083,USD million
2028,Chile,CHL,True,General government revenue,82899.29,USD million
2015,China,CHN,False,General government revenue,3223917.536,USD million
2016,China,CHN,False,General government revenue,3434629.873,USD million
2017,China,CHN,False,General government revenue,3712361.711,USD million
2018,China,CHN,False,General government revenue,3930485.589,USD million
2019,China,CHN,False,General government revenue,4029111.443,USD million
2020,China,CHN,False,General government revenue,3771969.792,USD million
2021,China,CHN,False,General government revenue,4242961.902,USD million
2022,China,CHN,False,General government revenue,4258763.116,USD million
2023,China,CHN,True,General government revenue,4525831.52,USD million
2024,China,CHN,True,General government revenue,4780330.993,USD million
2025,China,CHN,True,General government revenue,5021510.211,USD million
2026,China,CHN,True,General government revenue,5266766.968,USD million
2027,China,CHN,True,General government revenue,5494048.249,USD million
2028,China,CHN,True,General government revenue,5710721.752,USD million
2015,Côte d'Ivoire,CIV,False,General government revenue,6624.849,USD million
2016,Côte d'Ivoire,CIV,False,General government revenue,7169.697,USD million
2017,Côte d'Ivoire,CIV,False,General government revenue,7824.038,USD million
2018,Côte d'Ivoire,CIV,False,General government revenue,8103.892,USD million
2019,Côte d'Ivoire,CIV,False,General government revenue,8838.54,USD million
2020,Côte d'Ivoire,CIV,False,General government revenue,8884.512,USD million
2021,Côte d'Ivoire,CIV,False,General government revenue,9921.619,USD million
2022,Côte d'Ivoire,CIV,False,General government revenue,10319.641,USD million
2023,Côte d'Ivoire,CIV,True,General government revenue,11657.007,USD million
2024,Côte d'Ivoire,CIV,True,General government revenue,12808.346,USD million
2025,Côte d'Ivoire,CIV,True,General government revenue,14320.184,USD million
2026,Côte d'Ivoire,CIV,True,General government revenue,15465.903,USD million
2027,Côte d'Ivoire,CIV,True,General government revenue,16848.281,USD million
2028,Côte d'Ivoire,CIV,True,General government revenue,18097.861,USD million
2015,Cameroon,CMR,False,General government revenue,5097.063,USD million
2016,Cameroon,CMR,False,General government revenue,4813.813,USD million
2017,Cameroon,CMR,False,General government revenue,5053.981,USD million
2018,Cameroon,CMR,False,General government revenue,5634.951,USD million
2019,Cameroon,CMR,False,General government revenue,5781.282,USD million
2020,Cameroon,CMR,False,General government revenue,5047.711,USD million
2021,Cameroon,CMR,False,General government revenue,5463.257,USD million
2022,Cameroon,CMR,True,General government revenue,6433.686,USD million
2023,Cameroon,CMR,True,General government revenue,6850.685,USD million
2024,Cameroon,CMR,True,General government revenue,6926.647,USD million
2025,Cameroon,CMR,True,General government revenue,6867.574,USD million
2026,Cameroon,CMR,True,General government revenue,7135.862,USD million
2027,Cameroon,CMR,True,General government revenue,7564.58,USD million
2028,Cameroon,CMR,True,General government revenue,8032.184,USD million
2015,"Congo, Democratic Republic of the",COD,False,General government revenue,6379.266,USD million
2016,"Congo, Democratic Republic of the",COD,False,General government revenue,5422.387,USD million
2017,"Congo, Democratic Republic of the",COD,False,General government revenue,4634.173,USD million
2018,"Congo, Democratic Republic of the",COD,False,General government revenue,4794.278,USD million
2019,"Congo, Democratic Republic of the",COD,False,General government revenue,5016.186,USD million
2020,"Congo, Democratic Republic of the",COD,False,General government revenue,4387.586,USD million
2021,"Congo, Democratic Republic of the",COD,False,General government revenue,6014.641,USD million
2022,"Congo, Democratic Republic of the",COD,True,General government revenue,9111.003,USD million
2023,"Congo, Democratic Republic of the",COD,True,General government revenue,8606.686,USD million
2024,"Congo, Democratic Republic of the",COD,True,General government revenue,9234.673,USD million
2025,"Congo, Democratic Republic of the",COD,True,General government revenue,8774.925,USD million
2026,"Congo, Democratic Republic of the",COD,True,General government revenue,9305.217,USD million
2027,"Congo, Democratic Republic of the",COD,True,General government revenue,9874.16,USD million
2028,"Congo, Democratic Republic of the",COD,True,General government revenue,10498.093,USD million
2015,"Congo, Republic of",COG,False,General government revenue,2792.364,USD million
2016,"Congo, Republic of",COG,False,General government revenue,2741.157,USD million
2017,"Congo, Republic of",COG,False,General government revenue,2242.776,USD million
2018,"Congo, Republic of",COG,False,General government revenue,2397.292,USD million
2019,"Congo, Republic of",COG,False,General government revenue,2576.925,USD million
2020,"Congo, Republic of",COG,False,General government revenue,1975.627,USD million
2021,"Congo, Republic of",COG,False,General government revenue,2252.106,USD million
2022,"Congo, Republic of",COG,False,General government revenue,3228.955,USD million
2023,"Congo, Republic of",COG,True,General government revenue,2743.554,USD million
2024,"Congo, Republic of",COG,True,General government revenue,2794.661,USD million
2025,"Congo, Republic of",COG,True,General government revenue,2803.924,USD million
2026,"Congo, Republic of",COG,True,General government revenue,2865.923,USD million
2027,"Congo, Republic of",COG,True,General government revenue,2923.537,USD million
2028,"Congo, Republic of",COG,True,General government revenue,2992.026,USD million
2015,Colombia,COL,False,General government revenue,81464.852,USD million
2016,Colombia,COL,False,General government revenue,83054.837,USD million
2017,Colombia,COL,False,General government revenue,81465.626,USD million
2018,Colombia,COL,False,General government revenue,93413.067,USD million
2019,Colombia,COL,False,General government revenue,94483.773,USD million
2020,Colombia,COL,False,General government revenue,79314.923,USD million
2021,Colombia,COL,False,General government revenue,89960.739,USD million
2022,Colombia,COL,False,General government revenue,98457.474,USD million
2023,Colombia,COL,True,General government revenue,115299.452,USD million
2024,Colombia,COL,True,General government revenue,104400.498,USD million
2025,Colombia,COL,True,General government revenue,106087.56,USD million
2026,Colombia,COL,True,General government revenue,109076.742,USD million
2027,Colombia,COL,True,General government revenue,113235.052,USD million
2028,Colombia,COL,True,General government revenue,117924.637,USD million
2015,Comoros,COM,False,General government revenue,209.207,USD million
2016,Comoros,COM,False,General government revenue,133.602,USD million
2017,Comoros,COM,False,General government revenue,194.3,USD million
2018,Comoros,COM,False,General government revenue,191.379,USD million
2019,Comoros,COM,False,General government revenue,173.144,USD million
2020,Comoros,COM,False,General government revenue,199.058,USD million
2021,Comoros,COM,False,General government revenue,190.658,USD million
2022,Comoros,COM,True,General government revenue,163.272,USD million
2023,Comoros,COM,True,General government revenue,193.603,USD million
2024,Comoros,COM,True,General government revenue,214.196,USD million
2025,Comoros,COM,True,General government revenue,199.635,USD million
2026,Comoros,COM,True,General government revenue,210.401,USD million
2027,Comoros,COM,True,General government revenue,228.554,USD million
2028,Comoros,COM,True,General government revenue,238.898,USD million
2015,Cabo Verde,CPV,False,General government revenue,429.45,USD million
2016,Cabo Verde,CPV,False,General government revenue,436.5,USD million
2017,Cabo Verde,CPV,False,General government revenue,483.651,USD million
2018,Cabo Verde,CPV,False,General government revenue,498.126,USD million
2019,Cabo Verde,CPV,False,General government revenue,547.71,USD million
2020,Cabo Verde,CPV,False,General government revenue,422.862,USD million
2021,Cabo Verde,CPV,False,General government revenue,417.609,USD million
2022,Cabo Verde,CPV,True,General government revenue,459.192,USD million
2023,Cabo Verde,CPV,True,General government revenue,543.878,USD million
2024,Cabo Verde,CPV,True,General government revenue,623.528,USD million
2025,Cabo Verde,CPV,True,General government revenue,618.715,USD million
2026,Cabo Verde,CPV,True,General government revenue,622.44,USD million
2027,Cabo Verde,CPV,True,General government revenue,665.702,USD million
2028,Cabo Verde,CPV,True,General government revenue,689.88,USD million
2015,Costa Rica,CRI,False,General government revenue,7471.228,USD million
2016,Costa Rica,CRI,False,General government revenue,8035.284,USD million
2017,Costa Rica,CRI,False,General government revenue,8134.164,USD million
2018,Costa Rica,CRI,False,General government revenue,8319.953,USD million
2019,Costa Rica,CRI,False,General government revenue,9658.65,USD million
2020,Costa Rica,CRI,False,General government revenue,8574.187,USD million
2021,Costa Rica,CRI,False,General government revenue,10435.358,USD million
2022,Costa Rica,CRI,False,General government revenue,11394.408,USD million
2023,Costa Rica,CRI,True,General government revenue,11161.019,USD million
2024,Costa Rica,CRI,True,General government revenue,11330.715,USD million
2025,Costa Rica,CRI,True,General government revenue,11774.875,USD million
2026,Costa Rica,CRI,True,General government revenue,12221.976,USD million
2027,Costa Rica,CRI,True,General government revenue,12643.018,USD million
2028,Costa Rica,CRI,True,General government revenue,13079.923,USD million
2015,Cyprus,CYP,False,General government revenue,7871.217,USD million
2016,Cyprus,CYP,False,General government revenue,7966.586,USD million
2017,Cyprus,CYP,False,General government revenue,8594.075,USD million
2018,Cyprus,CYP,False,General government revenue,9243.147,USD million
2019,Cyprus,CYP,False,General government revenue,9852.226,USD million
2020,Cyprus,CYP,False,General government revenue,9297.318,USD million
2021,Cyprus,CYP,False,General government revenue,10641.434,USD million
2022,Cyprus,CYP,False,General government revenue,11587.711,USD million
2023,Cyprus,CYP,True,General government revenue,12382.261,USD million
2024,Cyprus,CYP,True,General government revenue,13064.6,USD million
2025,Cyprus,CYP,True,General government revenue,13442.434,USD million
2026,Cyprus,CYP,True,General government revenue,13810.37,USD million
2027,Cyprus,CYP,True,General government revenue,13978.981,USD million
2028,Cyprus,CYP,True,General government revenue,14370.45,USD million
2015,Czech Republic,CZE,False,General government revenue,77640.18,USD million
2016,Czech Republic,CZE,False,General government revenue,77744.801,USD million
2017,Czech Republic,CZE,False,General government revenue,81497.522,USD million
2018,Czech Republic,CZE,False,General government revenue,86006.364,USD million
2019,Czech Republic,CZE,False,General government revenue,88343.464,USD million
2020,Czech Republic,CZE,False,General government revenue,83545.915,USD million
2021,Czech Republic,CZE,False,General government revenue,85805.747,USD million
2022,Czech Republic,CZE,False,General government revenue,87771.001,USD million
2023,Czech Republic,CZE,True,General government revenue,87788.511,USD million
2024,Czech Republic,CZE,True,General government revenue,92190.304,USD million
2025,Czech Republic,CZE,True,General government revenue,94478.518,USD million
2026,Czech Republic,CZE,True,General government revenue,95797.542,USD million
2027,Czech Republic,CZE,True,General government revenue,96035.083,USD million
2028,Czech Republic,CZE,True,General government revenue,96584.496,USD million
2015,Germany,DEU,False,General government revenue,1555176.432,USD million
2016,Germany,DEU,False,General government revenue,1605877.274,USD million
2017,Germany,DEU,False,General government revenue,1651332.201,USD million
2018,Germany,DEU,False,General government revenue,1694086.949,USD million
2019,Germany,DEU,False,General government revenue,1722630.511,USD million
2020,Germany,DEU,False,General government revenue,1646961.611,USD million
2021,Germany,DEU,False,General government revenue,1736384.809,USD million
2022,Germany,DEU,False,General government revenue,1734681.558,USD million
2023,Germany,DEU,True,General government revenue,1691557.23,USD million
2024,Germany,DEU,True,General government revenue,1704784.907,USD million
2025,Germany,DEU,True,General government revenue,1734859.523,USD million
2026,Germany,DEU,True,General government revenue,1770080.25,USD million
2027,Germany,DEU,True,General government revenue,1799327.955,USD million
2028,Germany,DEU,True,General government revenue,1821817.202,USD million
2015,Djibouti,DJI,False,General government revenue,640.421,USD million
2016,Djibouti,DJI,False,General government revenue,652.155,USD million
2017,Djibouti,DJI,False,General government revenue,647.739,USD million
2018,Djibouti,DJI,False,General government revenue,686.728,USD million
2019,Djibouti,DJI,False,General government revenue,724.625,USD million
2020,Djibouti,DJI,False,General government revenue,703.177,USD million
2021,Djibouti,DJI,False,General government revenue,644.93,USD million
2022,Djibouti,DJI,False,General government revenue,620.493,USD million
2023,Djibouti,DJI,True,General government revenue,628.434,USD million
2024,Djibouti,DJI,True,General government revenue,660.021,USD million
2025,Djibouti,DJI,True,General government revenue,689.495,USD million
2026,Djibouti,DJI,True,General government revenue,717.043,USD million
2027,Djibouti,DJI,True,General government revenue,760.2,USD million
2028,Djibouti,DJI,True,General government revenue,792.417,USD million
2015,Dominica,DMA,False,General government revenue,236.807,USD million
2016,Dominica,DMA,False,General government revenue,331.537,USD million
2017,Dominica,DMA,False,General government revenue,263.246,USD million
2018,Dominica,DMA,False,General government revenue,240.527,USD million
2019,Dominica,DMA,False,General government revenue,224.353,USD million
2020,Dominica,DMA,False,General government revenue,280.062,USD million
2021,Dominica,DMA,False,General government revenue,297.088,USD million
2022,Dominica,DMA,False,General government revenue,335.038,USD million
2023,Dominica,DMA,True,General government revenue,332.604,USD million
2024,Dominica,DMA,True,General government revenue,351.634,USD million
2025,Dominica,DMA,True,General government revenue,299.36,USD million
2026,Dominica,DMA,True,General government revenue,257.458,USD million
2027,Dominica,DMA,True,General government revenue,264.323,USD million
2028,Dominica,DMA,True,General government revenue,269.935,USD million
2015,Denmark,DNK,False,General government revenue,161510.47,USD million
2016,Denmark,DNK,False,General government revenue,163774.917,USD million
2017,Denmark,DNK,False,General government revenue,167612.971,USD million
2018,Denmark,DNK,False,General government revenue,168361.526,USD million
2019,Denmark,DNK,False,General government revenue,179631.961,USD million
2020,Denmark,DNK,False,General government revenue,175165.289,USD million
2021,Denmark,DNK,False,General government revenue,187479.616,USD million
2022,Denmark,DNK,True,General government revenue,171914.142,USD million
2023,Denmark,DNK,True,General government revenue,182765.031,USD million
2024,Denmark,DNK,True,General government revenue,184172.392,USD million
2025,Denmark,DNK,True,General government revenue,184479.446,USD million
2026,Denmark,DNK,True,General government revenue,186740.424,USD million
2027,Denmark,DNK,True,General government revenue,189974.282,USD million
2028,Denmark,DNK,True,General government revenue,192956.578,USD million
2015,Dominican Republic,DOM,False,General government revenue,11862.366,USD million
2016,Dominican Republic,DOM,False,General government revenue,10541.804,USD million
2017,Dominican Republic,DOM,False,General government revenue,11118.102,USD million
2018,Dominican Republic,DOM,False,General government revenue,12076.54,USD million
2019,Dominican Republic,DOM,False,General government revenue,12869.917,USD million
2020,Dominican Republic,DOM,False,General government revenue,11830.765,USD million
2021,Dominican Republic,DOM,False,General government revenue,14604.583,USD million
2022,Dominican Republic,DOM,False,General government revenue,14986.253,USD million
2023,Dominican Republic,DOM,True,General government revenue,15794.241,USD million
2024,Dominican Republic,DOM,True,General government revenue,17250.26,USD million
2025,Dominican Republic,DOM,True,General government revenue,16920.404,USD million
2026,Dominican Republic,DOM,True,General government revenue,17763.994,USD million
2027,Dominican Republic,DOM,True,General government revenue,18620.695,USD million
2028,Dominican Republic,DOM,True,General government revenue,19551.382,USD million
2015,Algeria,DZA,False,General government revenue,50696.503,USD million
2016,Algeria,DZA,False,General government revenue,49340.464,USD million
2017,Algeria,DZA,False,General government revenue,56756.167,USD million
2018,Algeria,DZA,False,General government revenue,60369.617,USD million
2019,Algeria,DZA,False,General government revenue,57885.509,USD million
2020,Algeria,DZA,False,General government revenue,51896.654,USD million
2021,Algeria,DZA,False,General government revenue,52350.303,USD million
2022,Algeria,DZA,False,General government revenue,61507.707,USD million
2023,Algeria,DZA,True,General government revenue,70814.211,USD million
2024,Algeria,DZA,True,General government revenue,65293.036,USD million
2025,Algeria,DZA,True,General government revenue,65105.609,USD million
2026,Algeria,DZA,True,General government revenue,66397.304,USD million
2027,Algeria,DZA,True,General government revenue,66151.989,USD million
2028,Algeria,DZA,True,General government revenue,67012.698,USD million
2015,Ecuador,ECU,False,General government revenue,36183.506,USD million
2016,Ecuador,ECU,False,General government revenue,32665.537,USD million
2017,Ecuador,ECU,False,General government revenue,35513.999,USD million
2018,Ecuador,ECU,False,General government revenue,39407.97,USD million
2019,Ecuador,ECU,False,General government revenue,37572.285,USD million
2020,Ecuador,ECU,False,General government revenue,30845.831,USD million
2021,Ecuador,ECU,False,General government revenue,36927.29,USD million
2022,Ecuador,ECU,False,General government revenue,42457.298,USD million
2023,Ecuador,ECU,True,General government revenue,41124.495,USD million
2024,Ecuador,ECU,True,General government revenue,43435.913,USD million
2025,Ecuador,ECU,True,General government revenue,42236.329,USD million
2026,Ecuador,ECU,True,General government revenue,43265.884,USD million
2027,Ecuador,ECU,True,General government revenue,43674.986,USD million
2028,Ecuador,ECU,True,General government revenue,44497.026,USD million
2015,Egypt,EGY,False,General government revenue,73157.365,USD million
2016,Egypt,EGY,False,General government revenue,70036.93,USD million
2017,Egypt,EGY,False,General government revenue,78617.647,USD million
2018,Egypt,EGY,False,General government revenue,78800.652,USD million
2019,Egypt,EGY,False,General government revenue,81674.119,USD million
2020,Egypt,EGY,False,General government revenue,79881.174,USD million
2021,Egypt,EGY,False,General government revenue,84113.913,USD million
2022,Egypt,EGY,False,General government revenue,91322.062,USD million
2023,Egypt,EGY,True,General government revenue,84994.832,USD million
2024,Egypt,EGY,True,General government revenue,85543.22,USD million
2025,Egypt,EGY,True,General government revenue,94331.995,USD million
2026,Egypt,EGY,True,General government revenue,109329.441,USD million
2027,Egypt,EGY,True,General government revenue,122652.915,USD million
2028,Egypt,EGY,True,General government revenue,130311.191,USD million
2015,Eritrea,ERI,False,General government revenue,570.83,USD million
2016,Eritrea,ERI,False,General government revenue,638.66,USD million
2017,Eritrea,ERI,False,General government revenue,716.045,USD million
2018,Eritrea,ERI,False,General government revenue,695.428,USD million
2019,Eritrea,ERI,True,General government revenue,776.788,USD million
2015,Spain,ESP,False,General government revenue,463431.34,USD million
2016,Spain,ESP,False,General government revenue,470186.58,USD million
2017,Spain,ESP,False,General government revenue,484776.203,USD million
2018,Spain,ESP,False,General government revenue,509410.41,USD million
2019,Spain,ESP,False,General government revenue,519671.695,USD million
2020,Spain,ESP,False,General government revenue,491795.784,USD million
2021,Spain,ESP,False,General government revenue,542750.704,USD million
2022,Spain,ESP,False,General government revenue,562314.373,USD million
2023,Spain,ESP,True,General government revenue,576827.733,USD million
2024,Spain,ESP,True,General government revenue,595081.138,USD million
2025,Spain,ESP,True,General government revenue,607977.395,USD million
2026,Spain,ESP,True,General government revenue,615428.598,USD million
2027,Spain,ESP,True,General government revenue,612269.398,USD million
2028,Spain,ESP,True,General government revenue,622269.512,USD million
2015,Estonia,EST,False,General government revenue,8959.57,USD million
2016,Estonia,EST,False,General government revenue,9055.828,USD million
2017,Estonia,EST,False,General government revenue,9508.652,USD million
2018,Estonia,EST,False,General government revenue,9848.756,USD million
2019,Estonia,EST,False,General government revenue,10523.22,USD million
2020,Estonia,EST,False,General government revenue,10298.784,USD million
2021,Estonia,EST,False,General government revenue,11102.848,USD million
2022,Estonia,EST,False,General government revenue,10904.408,USD million
2023,Estonia,EST,True,General government revenue,10931.334,USD million
2024,Estonia,EST,True,General government revenue,11474.354,USD million
2025,Estonia,EST,True,General government revenue,11409.696,USD million
2026,Estonia,EST,True,General government revenue,11643.467,USD million
2027,Estonia,EST,True,General government revenue,11776.511,USD million
2028,Estonia,EST,True,General government revenue,11950.996,USD million
2015,Ethiopia,ETH,False,General government revenue,9701.227,USD million
2016,Ethiopia,ETH,False,General government revenue,10636.712,USD million
2017,Ethiopia,ETH,False,General government revenue,11069.535,USD million
2018,Ethiopia,ETH,False,General government revenue,10569.26,USD million
2019,Ethiopia,ETH,False,General government revenue,11303.129,USD million
2020,Ethiopia,ETH,False,General government revenue,10946.0,USD million
2021,Ethiopia,ETH,False,General government revenue,10961.959,USD million
2022,Ethiopia,ETH,False,General government revenue,9024.349,USD million
2023,Ethiopia,ETH,True,General government revenue,9313.565,USD million
2024,Ethiopia,ETH,True,General government revenue,9277.68,USD million
2025,Ethiopia,ETH,True,General government revenue,12276.999,USD million
2026,Ethiopia,ETH,True,General government revenue,14171.649,USD million
2027,Ethiopia,ETH,True,General government revenue,16738.787,USD million
2028,Ethiopia,ETH,True,General government revenue,18625.954,USD million
2015,Finland,FIN,False,General government revenue,126811.658,USD million
2016,Finland,FIN,False,General government revenue,130140.409,USD million
2017,Finland,FIN,False,General government revenue,131861.156,USD million
2018,Finland,FIN,False,General government revenue,132244.844,USD million
2019,Finland,FIN,False,General government revenue,133540.335,USD million
2020,Finland,FIN,False,General government revenue,128458.879,USD million
2021,Finland,FIN,False,General government revenue,135597.494,USD million
2022,Finland,FIN,False,General government revenue,137434.219,USD million
2023,Finland,FIN,True,General government revenue,137301.524,USD million
2024,Finland,FIN,True,General government revenue,134880.413,USD million
2025,Finland,FIN,True,General government revenue,138477.766,USD million
2026,Finland,FIN,True,General government revenue,140389.268,USD million
2027,Finland,FIN,True,General government revenue,142038.833,USD million
2028,Finland,FIN,True,General government revenue,143918.634,USD million
2015,Fiji,FJI,False,General government revenue,1250.141,USD million
2016,Fiji,FJI,False,General government revenue,1265.439,USD million
2017,Fiji,FJI,False,General government revenue,1314.837,USD million
2018,Fiji,FJI,False,General government revenue,1474.284,USD million
2019,Fiji,FJI,False,General government revenue,1396.658,USD million
2020,Fiji,FJI,False,General government revenue,1018.945,USD million
2021,Fiji,FJI,False,General government revenue,851.465,USD million
2022,Fiji,FJI,False,General government revenue,1054.633,USD million
2023,Fiji,FJI,True,General government revenue,1227.939,USD million
2024,Fiji,FJI,True,General government revenue,1503.52,USD million
2025,Fiji,FJI,True,General government revenue,1548.457,USD million
2026,Fiji,FJI,True,General government revenue,1584.815,USD million
2027,Fiji,FJI,True,General government revenue,1627.262,USD million
2028,Fiji,FJI,True,General government revenue,1672.978,USD million
2015,France,FRA,False,General government revenue,1311941.965,USD million
2016,France,FRA,False,General government revenue,1319155.409,USD million
2017,France,FRA,False,General government revenue,1366635.933,USD million
2018,France,FRA,False,General government revenue,1381849.98,USD million
2019,France,FRA,False,General government revenue,1381952.943,USD million
2020,France,FRA,False,General government revenue,1272501.176,USD million
2021,France,FRA,False,General government revenue,1362350.525,USD million
2022,France,FRA,False,General government revenue,1418706.73,USD million
2023,France,FRA,True,General government revenue,1377725.437,USD million
2024,France,FRA,True,General government revenue,1385779.577,USD million
2025,France,FRA,True,General government revenue,1398467.899,USD million
2026,France,FRA,True,General government revenue,1417604.528,USD million
2027,France,FRA,True,General government revenue,1436148.214,USD million
2028,France,FRA,True,General government revenue,1456271.176,USD million
2015,Micronesia,FSM,False,General government revenue,208.881,USD million
2016,Micronesia,FSM,False,General government revenue,220.338,USD million
2017,Micronesia,FSM,False,General government revenue,255.781,USD million
2018,Micronesia,FSM,False,General government revenue,262.18,USD million
2019,Micronesia,FSM,False,General government revenue,256.397,USD million
2020,Micronesia,FSM,False,General government revenue,219.089,USD million
2021,Micronesia,FSM,True,General government revenue,239.657,USD million
2022,Micronesia,FSM,True,General government revenue,223.348,USD million
2023,Micronesia,FSM,True,General government revenue,199.395,USD million
2024,Micronesia,FSM,True,General government revenue,217.655,USD million
2025,Micronesia,FSM,True,General government revenue,225.677,USD million
2026,Micronesia,FSM,True,General government revenue,230.852,USD million
2027,Micronesia,FSM,True,General government revenue,231.822,USD million
2028,Micronesia,FSM,True,General government revenue,233.135,USD million
2015,Gabon,GAB,False,General government revenue,3040.414,USD million
2016,Gabon,GAB,False,General government revenue,2516.858,USD million
2017,Gabon,GAB,False,General government revenue,2421.93,USD million
2018,Gabon,GAB,False,General government revenue,2518.976,USD million
2019,Gabon,GAB,False,General government revenue,3020.396,USD million
2020,Gabon,GAB,False,General government revenue,2669.2,USD million
2021,Gabon,GAB,False,General government revenue,2360.484,USD million
2022,Gabon,GAB,True,General government revenue,2977.597,USD million
2023,Gabon,GAB,True,General government revenue,3302.075,USD million
2024,Gabon,GAB,True,General government revenue,3273.226,USD million
2025,Gabon,GAB,True,General government revenue,3102.92,USD million
2026,Gabon,GAB,True,General government revenue,3122.726,USD million
2027,Gabon,GAB,True,General government revenue,3169.465,USD million
2028,Gabon,GAB,True,General government revenue,3231.253,USD million
2015,United Kingdom,GBR,False,General government revenue,1048570.192,USD million
2016,United Kingdom,GBR,False,General government revenue,1083368.092,USD million
2017,United Kingdom,GBR,False,General government revenue,1123052.708,USD million
2018,United Kingdom,GBR,False,General government revenue,1137198.43,USD million
2019,United Kingdom,GBR,False,General government revenue,1144740.723,USD million
2020,United Kingdom,GBR,False,General government revenue,1042702.518,USD million
2021,United Kingdom,GBR,False,General government revenue,1168568.893,USD million
2022,United Kingdom,GBR,False,General government revenue,1269029.099,USD million
2023,United Kingdom,GBR,True,General government revenue,1236109.12,USD million
2024,United Kingdom,GBR,True,General government revenue,1279640.557,USD million
2025,United Kingdom,GBR,True,General government revenue,1305068.305,USD million
2026,United Kingdom,GBR,True,General government revenue,1325041.702,USD million
2027,United Kingdom,GBR,True,General government revenue,1344571.186,USD million
2028,United Kingdom,GBR,True,General government revenue,1362857.835,USD million
2015,Georgia,GEO,False,General government revenue,3931.949,USD million
2016,Georgia,GEO,False,General government revenue,4145.865,USD million
2017,Georgia,GEO,False,General government revenue,4431.444,USD million
2018,Georgia,GEO,False,General government revenue,4552.79,USD million
2019,Georgia,GEO,False,General government revenue,4969.172,USD million
2020,Georgia,GEO,False,General government revenue,4327.581,USD million
2021,Georgia,GEO,False,General government revenue,4839.571,USD million
2022,Georgia,GEO,False,General government revenue,5635.12,USD million
2023,Georgia,GEO,True,General government revenue,6310.332,USD million
2024,Georgia,GEO,True,General government revenue,6939.577,USD million
2025,Georgia,GEO,True,General government revenue,7260.909,USD million
2026,Georgia,GEO,True,General government revenue,7605.056,USD million
2027,Georgia,GEO,True,General government revenue,7970.315,USD million
2028,Georgia,GEO,True,General government revenue,8370.683,USD million
2015,Ghana,GHA,False,General government revenue,7225.712,USD million
2016,Ghana,GHA,False,General government revenue,6717.747,USD million
2017,Ghana,GHA,False,General government revenue,7524.064,USD million
2018,Ghana,GHA,False,General government revenue,8276.939,USD million
2019,Ghana,GHA,False,General government revenue,9357.513,USD million
2020,Ghana,GHA,False,General government revenue,8838.271,USD million
2021,Ghana,GHA,False,General government revenue,10022.364,USD million
2022,Ghana,GHA,False,General government revenue,10782.579,USD million
2023,Ghana,GHA,True,General government revenue,11289.21,USD million
2024,Ghana,GHA,True,General government revenue,12306.143,USD million
2025,Ghana,GHA,True,General government revenue,13192.226,USD million
2026,Ghana,GHA,True,General government revenue,14370.193,USD million
2027,Ghana,GHA,True,General government revenue,15025.884,USD million
2028,Ghana,GHA,True,General government revenue,15838.535,USD million
2015,Guinea,GIN,False,General government revenue,1331.773,USD million
2016,Guinea,GIN,False,General government revenue,1557.502,USD million
2017,Guinea,GIN,False,General government revenue,1642.182,USD million
2018,Guinea,GIN,False,General government revenue,1707.522,USD million
2019,Guinea,GIN,False,General government revenue,1776.026,USD million
2020,Guinea,GIN,False,General government revenue,1768.596,USD million
2021,Guinea,GIN,False,General government revenue,1796.748,USD million
2022,Guinea,GIN,False,General government revenue,1898.497,USD million
2023,Guinea,GIN,True,General government revenue,2081.485,USD million
2024,Guinea,GIN,True,General government revenue,2097.913,USD million
2025,Guinea,GIN,True,General government revenue,2177.418,USD million
2026,Guinea,GIN,True,General government revenue,2365.1,USD million
2027,Guinea,GIN,True,General government revenue,2533.042,USD million
2028,Guinea,GIN,True,General government revenue,2699.621,USD million
2015,"Gambia, The",GMB,False,General government revenue,192.451,USD million
2016,"Gambia, The",GMB,False,General government revenue,181.618,USD million
2017,"Gambia, The",GMB,False,General government revenue,279.063,USD million
2018,"Gambia, The",GMB,False,General government revenue,234.227,USD million
2019,"Gambia, The",GMB,False,General government revenue,349.476,USD million
2020,"Gambia, The",GMB,False,General government revenue,381.242,USD million
2021,"Gambia, The",GMB,False,General government revenue,292.152,USD million
2022,"Gambia, The",GMB,False,General government revenue,318.243,USD million
2023,"Gambia, The",GMB,True,General government revenue,385.476,USD million
2024,"Gambia, The",GMB,True,General government revenue,409.937,USD million
2025,"Gambia, The",GMB,True,General government revenue,415.378,USD million
2026,"Gambia, The",GMB,True,General government revenue,434.431,USD million
2027,"Gambia, The",GMB,True,General government revenue,442.659,USD million
2028,"Gambia, The",GMB,True,General government revenue,462.875,USD million
2015,Guinea-Bissau,GNB,False,General government revenue,211.483,USD million
2016,Guinea-Bissau,GNB,False,General government revenue,184.252,USD million
2017,Guinea-Bissau,GNB,False,General government revenue,213.599,USD million
2018,Guinea-Bissau,GNB,False,General government revenue,194.226,USD million
2019,Guinea-Bissau,GNB,False,General government revenue,206.043,USD million
2020,Guinea-Bissau,GNB,False,General government revenue,215.602,USD million
2021,Guinea-Bissau,GNB,False,General government revenue,284.367,USD million
2022,Guinea-Bissau,GNB,True,General government revenue,236.734,USD million
2023,Guinea-Bissau,GNB,True,General government revenue,224.825,USD million
2024,Guinea-Bissau,GNB,True,General government revenue,271.291,USD million
2025,Guinea-Bissau,GNB,True,General government revenue,279.785,USD million
2026,Guinea-Bissau,GNB,True,General government revenue,295.537,USD million
2027,Guinea-Bissau,GNB,True,General government revenue,316.003,USD million
2028,Guinea-Bissau,GNB,True,General government revenue,331.781,USD million
2015,Equatorial Guinea,GNQ,False,General government revenue,3491.126,USD million
2016,Equatorial Guinea,GNQ,False,General government revenue,2032.362,USD million
2017,Equatorial Guinea,GNQ,False,General government revenue,1982.751,USD million
2018,Equatorial Guinea,GNQ,False,General government revenue,2082.008,USD million
2019,Equatorial Guinea,GNQ,False,General government revenue,1872.077,USD million
2020,Equatorial Guinea,GNQ,False,General government revenue,1377.732,USD million
2021,Equatorial Guinea,GNQ,False,General government revenue,1483.411,USD million
2022,Equatorial Guinea,GNQ,False,General government revenue,2689.499,USD million
2023,Equatorial Guinea,GNQ,True,General government revenue,2091.85,USD million
2024,Equatorial Guinea,GNQ,True,General government revenue,2141.074,USD million
2025,Equatorial Guinea,GNQ,True,General government revenue,1858.851,USD million
2026,Equatorial Guinea,GNQ,True,General government revenue,1764.156,USD million
2027,Equatorial Guinea,GNQ,True,General government revenue,1645.417,USD million
2028,Equatorial Guinea,GNQ,True,General government revenue,1394.435,USD million
2015,Greece,GRC,False,General government revenue,95004.021,USD million
2016,Greece,GRC,False,General government revenue,98463.684,USD million
2017,Greece,GRC,False,General government revenue,97894.784,USD million
2018,Greece,GRC,False,General government revenue,99358.58,USD million
2019,Greece,GRC,False,General government revenue,97860.669,USD million
2020,Greece,GRC,False,General government revenue,91789.432,USD million
2021,Greece,GRC,False,General government revenue,100554.935,USD million
2022,Greece,GRC,False,General government revenue,107107.842,USD million
2023,Greece,GRC,True,General government revenue,105639.069,USD million
2024,Greece,GRC,True,General government revenue,105038.884,USD million
2025,Greece,GRC,True,General government revenue,107299.987,USD million
2026,Greece,GRC,True,General government revenue,106863.473,USD million
2027,Greece,GRC,True,General government revenue,105555.888,USD million
2028,Greece,GRC,True,General government revenue,104757.213,USD million
2015,Grenada,GRD,False,General government revenue,243.876,USD million
2016,Grenada,GRD,False,General government revenue,271.139,USD million
2017,Grenada,GRD,False,General government revenue,276.532,USD million
2018,Grenada,GRD,False,General government revenue,303.941,USD million
2019,Grenada,GRD,False,General government revenue,301.981,USD million
2020,Grenada,GRD,False,General government revenue,275.378,USD million
2021,Grenada,GRD,False,General government revenue,323.523,USD million
2022,Grenada,GRD,True,General government revenue,359.962,USD million
2023,Grenada,GRD,True,General government revenue,424.967,USD million
2024,Grenada,GRD,True,General government revenue,489.7,USD million
2025,Grenada,GRD,True,General government revenue,388.494,USD million
2026,Grenada,GRD,True,General government revenue,366.478,USD million
2027,Grenada,GRD,True,General government revenue,375.99,USD million
2028,Grenada,GRD,True,General government revenue,382.599,USD million
2015,Guatemala,GTM,False,General government revenue,6907.576,USD million
2016,Guatemala,GTM,False,General government revenue,7314.076,USD million
2017,Guatemala,GTM,False,General government revenue,7497.922,USD million
2018,Guatemala,GTM,False,General government revenue,7694.802,USD million
2019,Guatemala,GTM,False,General government revenue,7931.789,USD million
2020,Guatemala,GTM,False,General government revenue,7421.662,USD million
2021,Guatemala,GTM,False,General government revenue,9241.405,USD million
2022,Guatemala,GTM,False,General government revenue,9840.084,USD million
2023,Guatemala,GTM,True,General government revenue,10104.475,USD million
2024,Guatemala,GTM,True,General government revenue,10425.014,USD million
2025,Guatemala,GTM,True,General government revenue,10894.955,USD million
2026,Guatemala,GTM,True,General government revenue,11418.793,USD million
2027,Guatemala,GTM,True,General government revenue,11960.252,USD million
2028,Guatemala,GTM,True,General government revenue,12509.84,USD million
2015,Guyana,GUY,False,General government revenue,898.415,USD million
2016,Guyana,GUY,False,General government revenue,976.126,USD million
2017,Guyana,GUY,False,General government revenue,1067.832,USD million
2018,Guyana,GUY,False,General government revenue,1205.079,USD million
2019,Guyana,GUY,False,General government revenue,1298.75,USD million
2020,Guyana,GUY,False,General government revenue,1656.28,USD million
2021,Guyana,GUY,False,General government revenue,1635.962,USD million
2022,Guyana,GUY,False,General government revenue,2179.166,USD million
2023,Guyana,GUY,True,General government revenue,3344.471,USD million
2024,Guyana,GUY,True,General government revenue,4806.281,USD million
2025,Guyana,GUY,True,General government revenue,6492.123,USD million
2026,Guyana,GUY,True,General government revenue,6543.148,USD million
2027,Guyana,GUY,True,General government revenue,8512.281,USD million
2028,Guyana,GUY,True,General government revenue,10551.888,USD million
2015,Hong Kong SAR,HKG,False,General government revenue,57638.612,USD million
2016,Hong Kong SAR,HKG,False,General government revenue,71565.184,USD million
2017,Hong Kong SAR,HKG,False,General government revenue,74983.985,USD million
2018,Hong Kong SAR,HKG,False,General government revenue,69995.509,USD million
2019,Hong Kong SAR,HKG,False,General government revenue,67583.827,USD million
2020,Hong Kong SAR,HKG,False,General government revenue,64119.135,USD million
2021,Hong Kong SAR,HKG,False,General government revenue,78282.978,USD million
2022,Hong Kong SAR,HKG,False,General government revenue,69056.073,USD million
2023,Hong Kong SAR,HKG,False,General government revenue,59333.058,USD million
2024,Hong Kong SAR,HKG,True,General government revenue,66541.073,USD million
2025,Hong Kong SAR,HKG,True,General government revenue,72175.624,USD million
2026,Hong Kong SAR,HKG,True,General government revenue,77041.796,USD million
2027,Hong Kong SAR,HKG,True,General government revenue,80134.848,USD million
2028,Hong Kong SAR,HKG,True,General government revenue,83810.971,USD million
2015,Honduras,HND,False,General government revenue,5258.71,USD million
2016,Honduras,HND,False,General government revenue,5840.927,USD million
2017,Honduras,HND,False,General government revenue,6002.386,USD million
2018,Honduras,HND,False,General government revenue,6210.324,USD million
2019,Honduras,HND,False,General government revenue,6290.739,USD million
2020,Honduras,HND,False,General government revenue,5242.491,USD million
2021,Honduras,HND,False,General government revenue,6338.871,USD million
2022,Honduras,HND,False,General government revenue,6630.395,USD million
2023,Honduras,HND,True,General government revenue,6703.639,USD million
2024,Honduras,HND,True,General government revenue,7063.706,USD million
2025,Honduras,HND,True,General government revenue,7369.087,USD million
2026,Honduras,HND,True,General government revenue,7682.818,USD million
2027,Honduras,HND,True,General government revenue,7975.07,USD million
2028,Honduras,HND,True,General government revenue,8278.447,USD million
2015,Croatia,HRV,False,General government revenue,22341.947,USD million
2016,Croatia,HRV,False,General government revenue,23559.9,USD million
2017,Croatia,HRV,False,General government revenue,24346.344,USD million
2018,Croatia,HRV,False,General government revenue,25198.895,USD million
2019,Croatia,HRV,False,General government revenue,26718.39,USD million
2020,Croatia,HRV,False,General government revenue,24522.38,USD million
2021,Croatia,HRV,False,General government revenue,27206.666,USD million
2022,Croatia,HRV,False,General government revenue,28683.801,USD million
2023,Croatia,HRV,True,General government revenue,30972.893,USD million
2024,Croatia,HRV,True,General government revenue,31729.326,USD million
2025,Croatia,HRV,True,General government revenue,33414.645,USD million
2026,Croatia,HRV,True,General government revenue,34327.698,USD million
2027,Croatia,HRV,True,General government revenue,34123.753,USD million
2028,Croatia,HRV,True,General government revenue,34554.607,USD million
2015,Haiti,HTI,False,General government revenue,1672.195,USD million
2016,Haiti,HTI,False,General government revenue,1610.4,USD million
2017,Haiti,HTI,False,General government revenue,1535.506,USD million
2018,Haiti,HTI,False,General government revenue,1595.103,USD million
2019,Haiti,HTI,False,General government revenue,1174.784,USD million
2020,Haiti,HTI,False,General government revenue,1182.765,USD million
2021,Haiti,HTI,False,General government revenue,1022.714,USD million
2022,Haiti,HTI,False,General government revenue,948.77,USD million
2023,Haiti,HTI,True,General government revenue,1034.238,USD million
2024,Haiti,HTI,True,General government revenue,1588.944,USD million
2025,Haiti,HTI,True,General government revenue,796.441,USD million
2026,Haiti,HTI,True,General government revenue,829.165,USD million
2027,Haiti,HTI,True,General government revenue,802.396,USD million
2028,Haiti,HTI,True,General government revenue,851.21,USD million
2015,Hungary,HUN,False,General government revenue,60554.174,USD million
2016,Hungary,HUN,False,General government revenue,57569.634,USD million
2017,Hungary,HUN,False,General government revenue,59039.148,USD million
2018,Hungary,HUN,False,General government revenue,61895.454,USD million
2019,Hungary,HUN,False,General government revenue,64904.756,USD million
2020,Hungary,HUN,False,General government revenue,61727.841,USD million
2021,Hungary,HUN,False,General government revenue,62168.178,USD million
2022,Hungary,HUN,False,General government revenue,67320.398,USD million
2023,Hungary,HUN,True,General government revenue,66259.624,USD million
2024,Hungary,HUN,True,General government revenue,69335.339,USD million
2025,Hungary,HUN,True,General government revenue,70903.778,USD million
2026,Hungary,HUN,True,General government revenue,74080.08,USD million
2027,Hungary,HUN,True,General government revenue,77117.219,USD million
2028,Hungary,HUN,True,General government revenue,78935.106,USD million
2015,Indonesia,IDN,False,General government revenue,128077.858,USD million
2016,Indonesia,IDN,False,General government revenue,129841.065,USD million
2017,Indonesia,IDN,False,General government revenue,134713.37,USD million
2018,Indonesia,IDN,False,General government revenue,149087.36,USD million
2019,Indonesia,IDN,False,General government revenue,149718.446,USD million
2020,Indonesia,IDN,False,General government revenue,126936.28,USD million
2021,Indonesia,IDN,False,General government revenue,146204.833,USD million
2022,Indonesia,IDN,False,General government revenue,170248.981,USD million
2023,Indonesia,IDN,True,General government revenue,177299.37,USD million
2024,Indonesia,IDN,True,General government revenue,176548.646,USD million
2025,Indonesia,IDN,True,General government revenue,187489.815,USD million
2026,Indonesia,IDN,True,General government revenue,198243.111,USD million
2027,Indonesia,IDN,True,General government revenue,208286.582,USD million
2028,Indonesia,IDN,True,General government revenue,219367.134,USD million
2015,India,IND,False,General government revenue,417646.362,USD million
2016,India,IND,False,General government revenue,458027.382,USD million
2017,India,IND,False,General government revenue,486499.74,USD million
2018,India,IND,False,General government revenue,516552.069,USD million
2019,India,IND,False,General government revenue,515036.436,USD million
2020,India,IND,False,General government revenue,460015.885,USD million
2021,India,IND,False,General government revenue,568043.758,USD million
2022,India,IND,False,General government revenue,593220.459,USD million
2023,India,IND,True,General government revenue,668760.353,USD million
2024,India,IND,True,General government revenue,731648.632,USD million
2025,India,IND,True,General government revenue,773385.346,USD million
2026,India,IND,True,General government revenue,824748.398,USD million
2027,India,IND,True,General government revenue,882470.91,USD million
2028,India,IND,True,General government revenue,944331.62,USD million
2015,Ireland,IRL,False,General government revenue,78847.464,USD million
2016,Ireland,IRL,False,General government revenue,81817.016,USD million
2017,Ireland,IRL,False,General government revenue,84116.075,USD million
2018,Ireland,IRL,False,General government revenue,90056.822,USD million
2019,Ireland,IRL,False,General government revenue,92396.375,USD million
2020,Ireland,IRL,False,General government revenue,88859.711,USD million
2021,Ireland,IRL,False,General government revenue,104844.913,USD million
2022,Ireland,IRL,False,General government revenue,114546.935,USD million
2023,Ireland,IRL,True,General government revenue,117698.58,USD million
2024,Ireland,IRL,True,General government revenue,134538.609,USD million
2025,Ireland,IRL,True,General government revenue,126307.248,USD million
2026,Ireland,IRL,True,General government revenue,130170.263,USD million
2027,Ireland,IRL,True,General government revenue,132360.898,USD million
2028,Ireland,IRL,True,General government revenue,135808.187,USD million
2015,Iran,IRN,False,General government revenue,60520.53,USD million
2016,Iran,IRN,False,General government revenue,67819.291,USD million
2017,Iran,IRN,False,General government revenue,70781.407,USD million
2018,Iran,IRN,False,General government revenue,61001.378,USD million
2019,Iran,IRN,False,General government revenue,41948.454,USD million
2020,Iran,IRN,False,General government revenue,34978.887,USD million
2021,Iran,IRN,False,General government revenue,51652.085,USD million
2022,Iran,IRN,True,General government revenue,53910.106,USD million
2023,Iran,IRN,True,General government revenue,59519.694,USD million
2024,Iran,IRN,True,General government revenue,61538.12,USD million
2025,Iran,IRN,True,General government revenue,63493.336,USD million
2026,Iran,IRN,True,General government revenue,66304.033,USD million
2027,Iran,IRN,True,General government revenue,68152.259,USD million
2028,Iran,IRN,True,General government revenue,69859.603,USD million
2015,Iraq,IRQ,False,General government revenue,54416.4,USD million
2016,Iraq,IRQ,False,General government revenue,57616.184,USD million
2017,Iraq,IRQ,False,General government revenue,69051.425,USD million
2018,Iraq,IRQ,False,General government revenue,80959.35,USD million
2019,Iraq,IRQ,False,General government revenue,78156.154,USD million
2020,Iraq,IRQ,False,General government revenue,56052.698,USD million
2021,Iraq,IRQ,False,General government revenue,70347.138,USD million
2022,Iraq,IRQ,False,General government revenue,88600.463,USD million
2023,Iraq,IRQ,True,General government revenue,87884.91,USD million
2024,Iraq,IRQ,True,General government revenue,88930.288,USD million
2025,Iraq,IRQ,True,General government revenue,84766.726,USD million
2026,Iraq,IRQ,True,General government revenue,85813.122,USD million
2027,Iraq,IRQ,True,General government revenue,86192.381,USD million
2028,Iraq,IRQ,True,General government revenue,87025.531,USD million
2015,Iceland,ISL,False,General government revenue,7545.973,USD million
2016,Iceland,ISL,False,General government revenue,10984.086,USD million
2017,Iceland,ISL,False,General government revenue,8806.154,USD million
2018,Iceland,ISL,False,General government revenue,9117.885,USD million
2019,Iceland,ISL,False,General government revenue,8703.359,USD million
2020,Iceland,ISL,False,General government revenue,8141.738,USD million
2021,Iceland,ISL,False,General government revenue,8328.727,USD million
2022,Iceland,ISL,False,General government revenue,9422.963,USD million
2023,Iceland,ISL,True,General government revenue,10115.436,USD million
2024,Iceland,ISL,True,General government revenue,10184.069,USD million
2025,Iceland,ISL,True,General government revenue,10289.437,USD million
2026,Iceland,ISL,True,General government revenue,10264.679,USD million
2027,Iceland,ISL,True,General government revenue,10483.114,USD million
2028,Iceland,ISL,True,General government revenue,10740.64,USD million
2015,Israel,ISR,False,General government revenue,110095.881,USD million
2016,Israel,ISR,False,General government revenue,114174.214,USD million
2017,Israel,ISR,False,General government revenue,122677.537,USD million
2018,Israel,ISR,False,General government revenue,122240.729,USD million
2019,Israel,ISR,False,General government revenue,124044.584,USD million
2020,Israel,ISR,False,General government revenue,119361.664,USD million
2021,Israel,ISR,False,General government revenue,140292.513,USD million
2022,Israel,ISR,False,General government revenue,151930.986,USD million
2023,Israel,ISR,True,General government revenue,142830.162,USD million
2024,Israel,ISR,True,General government revenue,146830.808,USD million
2025,Israel,ISR,True,General government revenue,156698.605,USD million
2026,Israel,ISR,True,General government revenue,160301.228,USD million
2027,Israel,ISR,True,General government revenue,165406.58,USD million
2028,Israel,ISR,True,General government revenue,171178.093,USD million
2015,Italy,ITA,False,General government revenue,881927.606,USD million
2016,Italy,ITA,False,General government revenue,870220.747,USD million
2017,Italy,ITA,False,General government revenue,878457.764,USD million
2018,Italy,ITA,False,General government revenue,882943.286,USD million
2019,Italy,ITA,False,General government revenue,902976.791,USD million
2020,Italy,ITA,False,General government revenue,830448.322,USD million
2021,Italy,ITA,False,General government revenue,900249.341,USD million
2022,Italy,ITA,False,General government revenue,935065.015,USD million
2023,Italy,ITA,True,General government revenue,937647.751,USD million
2024,Italy,ITA,True,General government revenue,943830.063,USD million
2025,Italy,ITA,True,General government revenue,957813.051,USD million
2026,Italy,ITA,True,General government revenue,951805.71,USD million
2027,Italy,ITA,True,General government revenue,935642.151,USD million
2028,Italy,ITA,True,General government revenue,942373.678,USD million
2015,Jamaica,JAM,False,General government revenue,3820.165,USD million
2016,Jamaica,JAM,False,General government revenue,4016.607,USD million
2017,Jamaica,JAM,False,General government revenue,4205.883,USD million
2018,Jamaica,JAM,False,General government revenue,4510.733,USD million
2019,Jamaica,JAM,False,General government revenue,4555.391,USD million
2020,Jamaica,JAM,False,General government revenue,3955.054,USD million
2021,Jamaica,JAM,False,General government revenue,4345.823,USD million
2022,Jamaica,JAM,False,General government revenue,4432.24,USD million
2023,Jamaica,JAM,False,General government revenue,4620.295,USD million
2024,Jamaica,JAM,True,General government revenue,4771.228,USD million
2025,Jamaica,JAM,True,General government revenue,4785.536,USD million
2026,Jamaica,JAM,True,General government revenue,4843.186,USD million
2027,Jamaica,JAM,True,General government revenue,4939.888,USD million
2028,Jamaica,JAM,True,General government revenue,5018.767,USD million
2015,Jordan,JOR,False,General government revenue,9390.392,USD million
2016,Jordan,JOR,False,General government revenue,9758.945,USD million
2017,Jordan,JOR,False,General government revenue,10149.631,USD million
2018,Jordan,JOR,False,General government revenue,10479.371,USD million
2019,Jordan,JOR,False,General government revenue,10176.269,USD million
2020,Jordan,JOR,False,General government revenue,9383.061,USD million
2021,Jordan,JOR,False,General government revenue,10616.978,USD million
2022,Jordan,JOR,False,General government revenue,11294.897,USD million
2023,Jordan,JOR,True,General government revenue,11392.662,USD million
2024,Jordan,JOR,True,General government revenue,11998.581,USD million
2025,Jordan,JOR,True,General government revenue,12498.449,USD million
2026,Jordan,JOR,True,General government revenue,13079.123,USD million
2027,Jordan,JOR,True,General government revenue,13651.53,USD million
2028,Jordan,JOR,True,General government revenue,14084.521,USD million
2015,Japan,JPN,False,General government revenue,1494252.454,USD million
2016,Japan,JPN,False,General government revenue,1506097.045,USD million
2017,Japan,JPN,False,General government revenue,1529376.439,USD million
2018,Japan,JPN,False,General government revenue,1570375.451,USD million
2019,Japan,JPN,False,General government revenue,1563237.589,USD million
2020,Japan,JPN,False,General government revenue,1551091.184,USD million
2021,Japan,JPN,False,General government revenue,1632667.251,USD million
2022,Japan,JPN,True,General government revenue,1702381.281,USD million
2023,Japan,JPN,True,General government revenue,1707399.79,USD million
2024,Japan,JPN,True,General government revenue,1673672.451,USD million
2025,Japan,JPN,True,General government revenue,1725650.069,USD million
2026,Japan,JPN,True,General government revenue,1741486.582,USD million
2027,Japan,JPN,True,General government revenue,1754988.306,USD million
2028,Japan,JPN,True,General government revenue,1765670.37,USD million
2015,Kazakhstan,KAZ,False,General government revenue,30628.691,USD million
2016,Kazakhstan,KAZ,False,General government revenue,31642.84,USD million
2017,Kazakhstan,KAZ,False,General government revenue,38316.709,USD million
2018,Kazakhstan,KAZ,False,General government revenue,43115.255,USD million
2019,Kazakhstan,KAZ,False,General government revenue,41381.918,USD million
2020,Kazakhstan,KAZ,False,General government revenue,35861.288,USD million
2021,Kazakhstan,KAZ,False,General government revenue,36468.24,USD million
2022,Kazakhstan,KAZ,False,General government revenue,48064.957,USD million
2023,Kazakhstan,KAZ,True,General government revenue,50155.159,USD million
2024,Kazakhstan,KAZ,True,General government revenue,47359.693,USD million
2025,Kazakhstan,KAZ,True,General government revenue,48865.762,USD million
2026,Kazakhstan,KAZ,True,General government revenue,50098.292,USD million
2027,Kazakhstan,KAZ,True,General government revenue,51820.747,USD million
2028,Kazakhstan,KAZ,True,General government revenue,52529.272,USD million
2015,Kenya,KEN,False,General government revenue,12064.936,USD million
2016,Kenya,KEN,False,General government revenue,13120.424,USD million
2017,Kenya,KEN,False,General government revenue,13553.301,USD million
2018,Kenya,KEN,False,General government revenue,14113.429,USD million
2019,Kenya,KEN,False,General government revenue,14376.062,USD million
2020,Kenya,KEN,False,General government revenue,14057.752,USD million
2021,Kenya,KEN,False,General government revenue,15260.891,USD million
2022,Kenya,KEN,False,General government revenue,16273.695,USD million
2023,Kenya,KEN,True,General government revenue,16998.121,USD million
2024,Kenya,KEN,True,General government revenue,18504.201,USD million
2025,Kenya,KEN,True,General government revenue,20156.416,USD million
2026,Kenya,KEN,True,General government revenue,22023.661,USD million
2027,Kenya,KEN,True,General government revenue,23747.361,USD million
2028,Kenya,KEN,True,General government revenue,25289.352,USD million
2015,Kyrgyz Republic,KGZ,False,General government revenue,2375.164,USD million
2016,Kyrgyz Republic,KGZ,False,General government revenue,2308.557,USD million
2017,Kyrgyz Republic,KGZ,False,General government revenue,2429.226,USD million
2018,Kyrgyz Republic,KGZ,False,General government revenue,2451.575,USD million
2019,Kyrgyz Republic,KGZ,False,General government revenue,2429.783,USD million
2020,Kyrgyz Republic,KGZ,False,General government revenue,2127.386,USD million
2021,Kyrgyz Republic,KGZ,False,General government revenue,2427.052,USD million
2022,Kyrgyz Republic,KGZ,False,General government revenue,2927.627,USD million
2023,Kyrgyz Republic,KGZ,True,General government revenue,3349.129,USD million
2024,Kyrgyz Republic,KGZ,True,General government revenue,3413.507,USD million
2025,Kyrgyz Republic,KGZ,True,General government revenue,3753.334,USD million
2026,Kyrgyz Republic,KGZ,True,General government revenue,3615.729,USD million
2027,Kyrgyz Republic,KGZ,True,General government revenue,3556.921,USD million
2028,Kyrgyz Republic,KGZ,True,General government revenue,3660.433,USD million
2015,Cambodia,KHM,False,General government revenue,3346.547,USD million
2016,Cambodia,KHM,False,General government revenue,3903.765,USD million
2017,Cambodia,KHM,False,General government revenue,4354.275,USD million
2018,Cambodia,KHM,False,General government revenue,5023.334,USD million
2019,Cambodia,KHM,False,General government revenue,6557.061,USD million
2020,Cambodia,KHM,False,General government revenue,5685.279,USD million
2021,Cambodia,KHM,False,General government revenue,5212.457,USD million
2022,Cambodia,KHM,False,General government revenue,6265.017,USD million
2023,Cambodia,KHM,True,General government revenue,5786.139,USD million
2024,Cambodia,KHM,True,General government revenue,5767.825,USD million
2025,Cambodia,KHM,True,General government revenue,6032.229,USD million
2026,Cambodia,KHM,True,General government revenue,6362.45,USD million
2027,Cambodia,KHM,True,General government revenue,6758.936,USD million
2028,Cambodia,KHM,True,General government revenue,7212.654,USD million
2015,Kiribati,KIR,False,General government revenue,256.255,USD million
2016,Kiribati,KIR,False,General government revenue,245.115,USD million
2017,Kiribati,KIR,False,General government revenue,269.259,USD million
2018,Kiribati,KIR,False,General government revenue,252.025,USD million
2019,Kiribati,KIR,False,General government revenue,271.303,USD million
2020,Kiribati,KIR,False,General government revenue,237.239,USD million
2021,Kiribati,KIR,False,General government revenue,177.618,USD million
2022,Kiribati,KIR,True,General government revenue,176.192,USD million
2023,Kiribati,KIR,True,General government revenue,267.867,USD million
2024,Kiribati,KIR,True,General government revenue,290.673,USD million
2025,Kiribati,KIR,True,General government revenue,270.264,USD million
2026,Kiribati,KIR,True,General government revenue,248.123,USD million
2027,Kiribati,KIR,True,General government revenue,280.784,USD million
2028,Kiribati,KIR,True,General government revenue,277.813,USD million
2015,St. Kitts and Nevis,KNA,False,General government revenue,332.184,USD million
2016,St. Kitts and Nevis,KNA,False,General government revenue,296.436,USD million
2017,St. Kitts and Nevis,KNA,False,General government revenue,270.339,USD million
2018,St. Kitts and Nevis,KNA,False,General government revenue,360.894,USD million
2019,St. Kitts and Nevis,KNA,False,General government revenue,386.112,USD million
2020,St. Kitts and Nevis,KNA,False,General government revenue,302.091,USD million
2021,St. Kitts and Nevis,KNA,False,General government revenue,413.553,USD million
2022,St. Kitts and Nevis,KNA,True,General government revenue,443.668,USD million
2023,St. Kitts and Nevis,KNA,True,General government revenue,431.643,USD million
2024,St. Kitts and Nevis,KNA,True,General government revenue,392.601,USD million
2025,St. Kitts and Nevis,KNA,True,General government revenue,399.912,USD million
2026,St. Kitts and Nevis,KNA,True,General government revenue,405.25,USD million
2027,St. Kitts and Nevis,KNA,True,General government revenue,407.575,USD million
2028,St. Kitts and Nevis,KNA,True,General government revenue,408.653,USD million
2015,Korea,KOR,False,General government revenue,297021.74,USD million
2016,Korea,KOR,False,General government revenue,318717.449,USD million
2017,Korea,KOR,False,General government revenue,340238.184,USD million
2018,Korea,KOR,False,General government revenue,367788.676,USD million
2019,Korea,KOR,False,General government revenue,374858.181,USD million
2020,Korea,KOR,False,General government revenue,371132.819,USD million
2021,Korea,KOR,False,General government revenue,433695.814,USD million
2022,Korea,KOR,False,General government revenue,466065.503,USD million
2023,Korea,KOR,True,General government revenue,421874.511,USD million
2024,Korea,KOR,True,General government revenue,425265.413,USD million
2025,Korea,KOR,True,General government revenue,444064.112,USD million
2026,Korea,KOR,True,General government revenue,454798.037,USD million
2027,Korea,KOR,True,General government revenue,464590.098,USD million
2028,Korea,KOR,True,General government revenue,475018.196,USD million
2015,Kuwait,KWT,False,General government revenue,82399.422,USD million
2016,Kuwait,KWT,False,General government revenue,79374.123,USD million
2017,Kuwait,KWT,False,General government revenue,76789.152,USD million
2018,Kuwait,KWT,False,General government revenue,78342.768,USD million
2019,Kuwait,KWT,False,General government revenue,71767.543,USD million
2020,Kuwait,KWT,False,General government revenue,65944.999,USD million
2021,Kuwait,KWT,False,General government revenue,64994.088,USD million
2022,Kuwait,KWT,False,General government revenue,84910.116,USD million
2023,Kuwait,KWT,True,General government revenue,92201.103,USD million
2024,Kuwait,KWT,True,General government revenue,85870.977,USD million
2025,Kuwait,KWT,True,General government revenue,87726.855,USD million
2026,Kuwait,KWT,True,General government revenue,88648.8,USD million
2027,Kuwait,KWT,True,General government revenue,90027.474,USD million
2028,Kuwait,KWT,True,General government revenue,91486.413,USD million
2015,Lao P.D.R.,LAO,False,General government revenue,2914.166,USD million
2016,Lao P.D.R.,LAO,False,General government revenue,2472.606,USD million
2017,Lao P.D.R.,LAO,False,General government revenue,2687.549,USD million
2018,Lao P.D.R.,LAO,False,General government revenue,2846.709,USD million
2019,Lao P.D.R.,LAO,False,General government revenue,2827.636,USD million
2020,Lao P.D.R.,LAO,False,General government revenue,2371.992,USD million
2021,Lao P.D.R.,LAO,False,General government revenue,2802.183,USD million
2022,Lao P.D.R.,LAO,False,General government revenue,2817.856,USD million
2023,Lao P.D.R.,LAO,True,General government revenue,3238.564,USD million
2024,Lao P.D.R.,LAO,True,General government revenue,3399.55,USD million
2025,Lao P.D.R.,LAO,True,General government revenue,3517.288,USD million
2026,Lao P.D.R.,LAO,True,General government revenue,3627.154,USD million
2027,Lao P.D.R.,LAO,True,General government revenue,3727.407,USD million
2028,Lao P.D.R.,LAO,True,General government revenue,3825.253,USD million
2015,Lebanon,LBN,False,General government revenue,9573.886,USD million
2016,Lebanon,LBN,False,General government revenue,9837.023,USD million
2017,Lebanon,LBN,False,General government revenue,11214.848,USD million
2018,Lebanon,LBN,False,General government revenue,10560.001,USD million
2019,Lebanon,LBN,False,General government revenue,9722.956,USD million
2020,Lebanon,LBN,False,General government revenue,5586.429,USD million
2021,Lebanon,LBN,True,General government revenue,2971.943,USD million
2022,Lebanon,LBN,True,General government revenue,2068.145,USD million
2023,Lebanon,LBN,True,General government revenue,4652.622,USD million
2015,Liberia,LBR,False,General government revenue,1032.295,USD million
2016,Liberia,LBR,False,General government revenue,970.949,USD million
2017,Liberia,LBR,False,General government revenue,870.94,USD million
2018,Liberia,LBR,False,General government revenue,882.048,USD million
2019,Liberia,LBR,False,General government revenue,842.365,USD million
2020,Liberia,LBR,False,General government revenue,933.09,USD million
2021,Liberia,LBR,False,General government revenue,855.113,USD million
2022,Liberia,LBR,False,General government revenue,709.423,USD million
2023,Liberia,LBR,True,General government revenue,689.82,USD million
2024,Liberia,LBR,True,General government revenue,714.555,USD million
2025,Liberia,LBR,True,General government revenue,786.962,USD million
2026,Liberia,LBR,True,General government revenue,869.249,USD million
2027,Liberia,LBR,True,General government revenue,934.651,USD million
2028,Liberia,LBR,True,General government revenue,983.246,USD million
2015,Libya,LBY,False,General government revenue,12194.603,USD million
2016,Libya,LBY,False,General government revenue,6116.943,USD million
2017,Libya,LBY,False,General government revenue,15173.813,USD million
2018,Libya,LBY,False,General government revenue,32223.017,USD million
2019,Libya,LBY,False,General government revenue,36106.924,USD million
2020,Libya,LBY,False,General government revenue,15078.47,USD million
2021,Libya,LBY,False,General government revenue,43886.461,USD million
2022,Libya,LBY,False,General government revenue,43429.129,USD million
2023,Libya,LBY,True,General government revenue,41030.555,USD million
2024,Libya,LBY,True,General government revenue,36441.318,USD million
2025,Libya,LBY,True,General government revenue,41210.851,USD million
2026,Libya,LBY,True,General government revenue,40837.015,USD million
2027,Libya,LBY,True,General government revenue,39210.989,USD million
2028,Libya,LBY,True,General government revenue,37544.931,USD million
2015,St. Lucia,LCA,False,General government revenue,382.772,USD million
2016,St. Lucia,LCA,False,General government revenue,410.064,USD million
2017,St. Lucia,LCA,False,General government revenue,426.357,USD million
2018,St. Lucia,LCA,False,General government revenue,441.645,USD million
2019,St. Lucia,LCA,False,General government revenue,428.341,USD million
2020,St. Lucia,LCA,False,General government revenue,325.865,USD million
2021,St. Lucia,LCA,False,General government revenue,351.936,USD million
2022,St. Lucia,LCA,False,General government revenue,423.054,USD million
2023,St. Lucia,LCA,True,General government revenue,440.587,USD million
2024,St. Lucia,LCA,True,General government revenue,476.229,USD million
2025,St. Lucia,LCA,True,General government revenue,488.599,USD million
2026,St. Lucia,LCA,True,General government revenue,499.988,USD million
2027,St. Lucia,LCA,True,General government revenue,508.894,USD million
2028,St. Lucia,LCA,True,General government revenue,516.506,USD million
2015,Sri Lanka,LKA,False,General government revenue,10746.993,USD million
2016,Sri Lanka,LKA,False,General government revenue,11815.751,USD million
2017,Sri Lanka,LKA,False,General government revenue,12167.98,USD million
2018,Sri Lanka,LKA,False,General government revenue,12256.287,USD million
2019,Sri Lanka,LKA,False,General government revenue,11593.946,USD million
2020,Sri Lanka,LKA,False,General government revenue,8132.579,USD million
2021,Sri Lanka,LKA,False,General government revenue,8024.791,USD million
2022,Sri Lanka,LKA,True,General government revenue,7482.632,USD million
2015,Lesotho,LSO,False,General government revenue,1111.371,USD million
2016,Lesotho,LSO,False,General government revenue,1003.152,USD million
2017,Lesotho,LSO,False,General government revenue,1055.884,USD million
2018,Lesotho,LSO,False,General government revenue,1021.273,USD million
2019,Lesotho,LSO,False,General government revenue,997.459,USD million
2020,Lesotho,LSO,False,General government revenue,1076.288,USD million
2021,Lesotho,LSO,False,General government revenue,981.373,USD million
2022,Lesotho,LSO,False,General government revenue,911.616,USD million
2023,Lesotho,LSO,True,General government revenue,1173.022,USD million
2024,Lesotho,LSO,True,General government revenue,1363.182,USD million
2025,Lesotho,LSO,True,General government revenue,1340.715,USD million
2026,Lesotho,LSO,True,General government revenue,1293.425,USD million
2027,Lesotho,LSO,True,General government revenue,1270.02,USD million
2028,Lesotho,LSO,True,General government revenue,1296.72,USD million
2015,Lithuania,LTU,False,General government revenue,14168.573,USD million
2016,Lithuania,LTU,False,General government revenue,14254.304,USD million
2017,Lithuania,LTU,False,General government revenue,14568.236,USD million
2018,Lithuania,LTU,False,General government revenue,15549.361,USD million
2019,Lithuania,LTU,False,General government revenue,16384.56,USD million
2020,Lithuania,LTU,False,General government revenue,16731.23,USD million
2021,Lithuania,LTU,False,General government revenue,18472.955,USD million
2022,Lithuania,LTU,False,General government revenue,18596.243,USD million
2023,Lithuania,LTU,True,General government revenue,19453.625,USD million
2024,Lithuania,LTU,True,General government revenue,20766.714,USD million
2025,Lithuania,LTU,True,General government revenue,21312.433,USD million
2026,Lithuania,LTU,True,General government revenue,21460.344,USD million
2027,Lithuania,LTU,True,General government revenue,21433.146,USD million
2028,Lithuania,LTU,True,General government revenue,21785.917,USD million
2015,Luxembourg,LUX,False,General government revenue,25033.902,USD million
2016,Luxembourg,LUX,False,General government revenue,26447.631,USD million
2017,Luxembourg,LUX,False,General government revenue,27248.946,USD million
2018,Luxembourg,LUX,False,General government revenue,29283.246,USD million
2019,Luxembourg,LUX,False,General government revenue,30171.377,USD million
2020,Luxembourg,LUX,False,General government revenue,28717.923,USD million
2021,Luxembourg,LUX,False,General government revenue,30669.269,USD million
2022,Luxembourg,LUX,False,General government revenue,31185.661,USD million
2023,Luxembourg,LUX,True,General government revenue,33201.628,USD million
2024,Luxembourg,LUX,True,General government revenue,33734.002,USD million
2025,Luxembourg,LUX,True,General government revenue,34738.624,USD million
2026,Luxembourg,LUX,True,General government revenue,35608.376,USD million
2027,Luxembourg,LUX,True,General government revenue,36597.792,USD million
2028,Luxembourg,LUX,True,General government revenue,37607.702,USD million
2015,Latvia,LVA,False,General government revenue,9781.132,USD million
2016,Latvia,LVA,False,General government revenue,9944.388,USD million
2017,Latvia,LVA,False,General government revenue,10281.767,USD million
2018,Latvia,LVA,False,General government revenue,11189.285,USD million
2019,Latvia,LVA,False,General government revenue,11254.921,USD million
2020,Latvia,LVA,False,General government revenue,10958.479,USD million
2021,Latvia,LVA,False,General government revenue,11688.887,USD million
2022,Latvia,LVA,False,General government revenue,11908.903,USD million
2023,Latvia,LVA,True,General government revenue,12283.793,USD million
2024,Latvia,LVA,True,General government revenue,12476.53,USD million
2025,Latvia,LVA,True,General government revenue,12791.975,USD million
2026,Latvia,LVA,True,General government revenue,13089.536,USD million
2027,Latvia,LVA,True,General government revenue,13433.386,USD million
2028,Latvia,LVA,True,General government revenue,13834.305,USD million
2015,Macao SAR,MAC,False,General government revenue,14304.091,USD million
2016,Macao SAR,MAC,False,General government revenue,13527.877,USD million
2017,Macao SAR,MAC,False,General government revenue,15690.455,USD million
2018,Macao SAR,MAC,False,General government revenue,16413.555,USD million
2019,Macao SAR,MAC,False,General government revenue,16763.275,USD million
2020,Macao SAR,MAC,False,General government revenue,6494.937,USD million
2021,Macao SAR,MAC,False,General government revenue,7050.155,USD million
2022,Macao SAR,MAC,True,General government revenue,4784.8,USD million
2023,Macao SAR,MAC,True,General government revenue,8025.584,USD million
2024,Macao SAR,MAC,True,General government revenue,12150.755,USD million
2025,Macao SAR,MAC,True,General government revenue,16901.479,USD million
2026,Macao SAR,MAC,True,General government revenue,17588.425,USD million
2027,Macao SAR,MAC,True,General government revenue,18622.563,USD million
2028,Macao SAR,MAC,True,General government revenue,19212.135,USD million
2015,Morocco,MAR,False,General government revenue,26387.842,USD million
2016,Morocco,MAR,False,General government revenue,26776.12,USD million
2017,Morocco,MAR,False,General government revenue,28658.796,USD million
2018,Morocco,MAR,False,General government revenue,29134.714,USD million
2019,Morocco,MAR,False,General government revenue,29442.916,USD million
2020,Morocco,MAR,False,General government revenue,30987.364,USD million
2021,Morocco,MAR,False,General government revenue,31352.907,USD million
2022,Morocco,MAR,False,General government revenue,36153.467,USD million
2023,Morocco,MAR,True,General government revenue,36962.882,USD million
2024,Morocco,MAR,True,General government revenue,38401.963,USD million
2025,Morocco,MAR,True,General government revenue,38616.048,USD million
2026,Morocco,MAR,True,General government revenue,39057.869,USD million
2027,Morocco,MAR,True,General government revenue,40001.096,USD million
2028,Morocco,MAR,True,General government revenue,41142.979,USD million
2015,Moldova,MDA,False,General government revenue,2314.864,USD million
2016,Moldova,MDA,False,General government revenue,2304.718,USD million
2017,Moldova,MDA,False,General government revenue,2549.188,USD million
2018,Moldova,MDA,False,General government revenue,2684.076,USD million
2019,Moldova,MDA,False,General government revenue,2766.644,USD million
2020,Moldova,MDA,False,General government revenue,2607.593,USD million
2021,Moldova,MDA,False,General government revenue,3026.383,USD million
2022,Moldova,MDA,False,General government revenue,2986.612,USD million
2023,Moldova,MDA,True,General government revenue,3085.275,USD million
2024,Moldova,MDA,True,General government revenue,3013.627,USD million
2025,Moldova,MDA,True,General government revenue,3142.2,USD million
2026,Moldova,MDA,True,General government revenue,3377.366,USD million
2027,Moldova,MDA,True,General government revenue,3573.335,USD million
2028,Moldova,MDA,True,General government revenue,3760.788,USD million
2015,Madagascar,MDG,False,General government revenue,1152.568,USD million
2016,Madagascar,MDG,False,General government revenue,1464.585,USD million
2017,Madagascar,MDG,False,General government revenue,1571.269,USD million
2018,Madagascar,MDG,False,General government revenue,1643.436,USD million
2019,Madagascar,MDG,False,General government revenue,1838.299,USD million
2020,Madagascar,MDG,False,General government revenue,1518.148,USD million
2021,Madagascar,MDG,False,General government revenue,1413.653,USD million
2022,Madagascar,MDG,True,General government revenue,1471.011,USD million
2023,Madagascar,MDG,True,General government revenue,1924.849,USD million
2024,Madagascar,MDG,True,General government revenue,1895.782,USD million
2025,Madagascar,MDG,True,General government revenue,1819.507,USD million
2026,Madagascar,MDG,True,General government revenue,2017.643,USD million
2027,Madagascar,MDG,True,General government revenue,2227.816,USD million
2028,Madagascar,MDG,True,General government revenue,2331.463,USD million
2015,Maldives,MDV,False,General government revenue,1123.102,USD million
2016,Maldives,MDV,False,General government revenue,1203.023,USD million
2017,Maldives,MDV,False,General government revenue,1284.31,USD million
2018,Maldives,MDV,False,General government revenue,1364.081,USD million
2019,Maldives,MDV,False,General government revenue,1444.906,USD million
2020,Maldives,MDV,False,General government revenue,979.7,USD million
2021,Maldives,MDV,False,General government revenue,1337.783,USD million
2022,Maldives,MDV,True,General government revenue,1778.777,USD million
2023,Maldives,MDV,True,General government revenue,2018.155,USD million
2024,Maldives,MDV,True,General government revenue,1963.112,USD million
2025,Maldives,MDV,True,General government revenue,2161.408,USD million
2026,Maldives,MDV,True,General government revenue,2323.75,USD million
2027,Maldives,MDV,True,General government revenue,2431.049,USD million
2028,Maldives,MDV,True,General government revenue,2533.937,USD million
2015,Mexico,MEX,False,General government revenue,275405.605,USD million
2016,Mexico,MEX,False,General government revenue,294389.685,USD million
2017,Mexico,MEX,False,General government revenue,301698.565,USD million
2018,Mexico,MEX,False,General government revenue,292858.609,USD million
2019,Mexico,MEX,False,General government revenue,293585.477,USD million
2020,Mexico,MEX,False,General government revenue,275148.64,USD million
2021,Mexico,MEX,False,General government revenue,285583.615,USD million
2022,Mexico,MEX,True,General government revenue,312971.733,USD million
2023,Mexico,MEX,True,General government revenue,323692.611,USD million
2024,Mexico,MEX,True,General government revenue,326878.306,USD million
2025,Mexico,MEX,True,General government revenue,326079.956,USD million
2026,Mexico,MEX,True,General government revenue,326728.007,USD million
2027,Mexico,MEX,True,General government revenue,331886.44,USD million
2028,Mexico,MEX,True,General government revenue,334952.843,USD million
2015,Marshall Islands,MHL,False,General government revenue,108.757,USD million
2016,Marshall Islands,MHL,False,General government revenue,114.26,USD million
2017,Marshall Islands,MHL,False,General government revenue,132.947,USD million
2018,Marshall Islands,MHL,False,General government revenue,129.587,USD million
2019,Marshall Islands,MHL,False,General government revenue,144.834,USD million
2020,Marshall Islands,MHL,False,General government revenue,155.548,USD million
2021,Marshall Islands,MHL,False,General government revenue,156.515,USD million
2022,Marshall Islands,MHL,True,General government revenue,151.025,USD million
2023,Marshall Islands,MHL,True,General government revenue,141.477,USD million
2024,Marshall Islands,MHL,True,General government revenue,158.92,USD million
2025,Marshall Islands,MHL,True,General government revenue,180.286,USD million
2026,Marshall Islands,MHL,True,General government revenue,187.091,USD million
2027,Marshall Islands,MHL,True,General government revenue,198.165,USD million
2028,Marshall Islands,MHL,True,General government revenue,197.77,USD million
2015,North Macedonia,MKD,False,General government revenue,2893.96,USD million
2016,North Macedonia,MKD,False,General government revenue,2940.979,USD million
2017,North Macedonia,MKD,False,General government revenue,3038.22,USD million
2018,North Macedonia,MKD,False,General government revenue,3069.836,USD million
2019,North Macedonia,MKD,False,General government revenue,3293.609,USD million
2020,North Macedonia,MKD,False,General government revenue,3023.605,USD million
2021,North Macedonia,MKD,False,General government revenue,3338.406,USD million
2022,North Macedonia,MKD,False,General government revenue,3450.281,USD million
2023,North Macedonia,MKD,True,General government revenue,3794.536,USD million
2024,North Macedonia,MKD,True,General government revenue,4176.534,USD million
2025,North Macedonia,MKD,True,General government revenue,4329.812,USD million
2026,North Macedonia,MKD,True,General government revenue,4522.442,USD million
2027,North Macedonia,MKD,True,General government revenue,4715.991,USD million
2028,North Macedonia,MKD,True,General government revenue,4912.965,USD million
2015,Mali,MLI,False,General government revenue,2505.474,USD million
2016,Mali,MLI,False,General government revenue,2540.551,USD million
2017,Mali,MLI,False,General government revenue,2930.416,USD million
2018,Mali,MLI,False,General government revenue,2381.817,USD million
2019,Mali,MLI,False,General government revenue,3440.878,USD million
2020,Mali,MLI,False,General government revenue,3248.122,USD million
2021,Mali,MLI,False,General government revenue,3503.745,USD million
2022,Mali,MLI,True,General government revenue,3494.328,USD million
2023,Mali,MLI,True,General government revenue,3928.049,USD million
2024,Mali,MLI,True,General government revenue,4089.107,USD million
2025,Mali,MLI,True,General government revenue,4276.526,USD million
2026,Mali,MLI,True,General government revenue,4627.335,USD million
2027,Mali,MLI,True,General government revenue,5001.416,USD million
2028,Mali,MLI,True,General government revenue,5312.115,USD million
2015,Malta,MLT,False,General government revenue,4177.485,USD million
2016,Malta,MLT,False,General government revenue,4295.511,USD million
2017,Malta,MLT,False,General government revenue,4793.612,USD million
2018,Malta,MLT,False,General government revenue,5170.263,USD million
2019,Malta,MLT,False,General government revenue,5274.237,USD million
2020,Malta,MLT,False,General government revenue,4768.758,USD million
2021,Malta,MLT,False,General government revenue,5264.35,USD million
2022,Malta,MLT,False,General government revenue,5490.781,USD million
2023,Malta,MLT,True,General government revenue,5728.182,USD million
2024,Malta,MLT,True,General government revenue,5995.359,USD million
2025,Malta,MLT,True,General government revenue,6266.739,USD million
2026,Malta,MLT,True,General government revenue,6513.777,USD million
2027,Malta,MLT,True,General government revenue,6756.714,USD million
2028,Malta,MLT,True,General government revenue,6999.247,USD million
2015,Myanmar,MMR,False,General government revenue,13423.834,USD million
2016,Myanmar,MMR,False,General government revenue,13044.009,USD million
2017,Myanmar,MMR,False,General government revenue,12626.495,USD million
2018,Myanmar,MMR,False,General government revenue,13225.195,USD million
2019,Myanmar,MMR,False,General government revenue,13092.813,USD million
2020,Myanmar,MMR,True,General government revenue,13253.029,USD million
2021,Myanmar,MMR,True,General government revenue,11581.508,USD million
2022,Myanmar,MMR,True,General government revenue,12271.786,USD million
2023,Myanmar,MMR,True,General government revenue,12311.414,USD million
2024,Myanmar,MMR,True,General government revenue,12373.142,USD million
2025,Myanmar,MMR,True,General government revenue,12585.448,USD million
2026,Myanmar,MMR,True,General government revenue,12976.331,USD million
2027,Myanmar,MMR,True,General government revenue,13409.225,USD million
2028,Myanmar,MMR,True,General government revenue,13894.018,USD million
2015,"Montenegro, Rep. of",MNE,False,General government revenue,1639.031,USD million
2016,"Montenegro, Rep. of",MNE,False,General government revenue,1725.363,USD million
2017,"Montenegro, Rep. of",MNE,False,General government revenue,1760.605,USD million
2018,"Montenegro, Rep. of",MNE,False,General government revenue,1881.774,USD million
2019,"Montenegro, Rep. of",MNE,False,General government revenue,2019.774,USD million
2020,"Montenegro, Rep. of",MNE,False,General government revenue,1759.065,USD million
2021,"Montenegro, Rep. of",MNE,False,General government revenue,1973.106,USD million
2022,"Montenegro, Rep. of",MNE,False,General government revenue,1861.66,USD million
2023,"Montenegro, Rep. of",MNE,True,General government revenue,2157.978,USD million
2024,"Montenegro, Rep. of",MNE,True,General government revenue,2219.423,USD million
2025,"Montenegro, Rep. of",MNE,True,General government revenue,2186.411,USD million
2026,"Montenegro, Rep. of",MNE,True,General government revenue,2250.23,USD million
2027,"Montenegro, Rep. of",MNE,True,General government revenue,2317.833,USD million
2028,"Montenegro, Rep. of",MNE,True,General government revenue,2387.322,USD million
2015,Mongolia,MNG,False,General government revenue,3036.771,USD million
2016,Mongolia,MNG,False,General government revenue,2875.4,USD million
2017,Mongolia,MNG,False,General government revenue,3545.631,USD million
2018,Mongolia,MNG,False,General government revenue,4195.952,USD million
2019,Mongolia,MNG,False,General government revenue,4510.677,USD million
2020,Mongolia,MNG,False,General government revenue,3772.336,USD million
2021,Mongolia,MNG,False,General government revenue,4516.347,USD million
2022,Mongolia,MNG,False,General government revenue,4967.207,USD million
2023,Mongolia,MNG,True,General government revenue,5370.943,USD million
2024,Mongolia,MNG,True,General government revenue,6159.531,USD million
2025,Mongolia,MNG,True,General government revenue,6392.056,USD million
2026,Mongolia,MNG,True,General government revenue,6612.856,USD million
2027,Mongolia,MNG,True,General government revenue,6796.773,USD million
2028,Mongolia,MNG,True,General government revenue,7114.089,USD million
2015,Mozambique,MOZ,False,General government revenue,4151.287,USD million
2016,Mozambique,MOZ,False,General government revenue,4017.55,USD million
2017,Mozambique,MOZ,False,General government revenue,4634.077,USD million
2018,Mozambique,MOZ,False,General government revenue,4590.263,USD million
2019,Mozambique,MOZ,False,General government revenue,5478.981,USD million
2020,Mozambique,MOZ,False,General government revenue,5040.137,USD million
2021,Mozambique,MOZ,False,General government revenue,5015.231,USD million
2022,Mozambique,MOZ,False,General government revenue,5387.721,USD million
2023,Mozambique,MOZ,True,General government revenue,5961.184,USD million
2024,Mozambique,MOZ,True,General government revenue,6050.819,USD million
2025,Mozambique,MOZ,True,General government revenue,6172.506,USD million
2026,Mozambique,MOZ,True,General government revenue,6431.856,USD million
2027,Mozambique,MOZ,True,General government revenue,6739.383,USD million
2028,Mozambique,MOZ,True,General government revenue,7314.148,USD million
2015,Mauritania,MRT,False,General government revenue,1435.089,USD million
2016,Mauritania,MRT,False,General government revenue,1312.518,USD million
2017,Mauritania,MRT,False,General government revenue,1385.642,USD million
2018,Mauritania,MRT,False,General government revenue,1548.447,USD million
2019,Mauritania,MRT,False,General government revenue,1471.852,USD million
2020,Mauritania,MRT,False,General government revenue,1525.883,USD million
2021,Mauritania,MRT,False,General government revenue,1685.824,USD million
2022,Mauritania,MRT,False,General government revenue,1972.052,USD million
2023,Mauritania,MRT,True,General government revenue,1845.287,USD million
2024,Mauritania,MRT,True,General government revenue,2071.065,USD million
2025,Mauritania,MRT,True,General government revenue,2200.401,USD million
2026,Mauritania,MRT,True,General government revenue,2263.449,USD million
2027,Mauritania,MRT,True,General government revenue,2375.669,USD million
2028,Mauritania,MRT,True,General government revenue,2608.223,USD million
2015,Mauritius,MUS,False,General government revenue,2431.177,USD million
2016,Mauritius,MUS,False,General government revenue,2566.23,USD million
2017,Mauritius,MUS,False,General government revenue,2849.161,USD million
2018,Mauritius,MUS,False,General government revenue,2938.103,USD million
2019,Mauritius,MUS,False,General government revenue,3059.398,USD million
2020,Mauritius,MUS,False,General government revenue,2563.987,USD million
2021,Mauritius,MUS,False,General government revenue,2959.008,USD million
2022,Mauritius,MUS,False,General government revenue,3244.205,USD million
2023,Mauritius,MUS,True,General government revenue,3306.723,USD million
2024,Mauritius,MUS,True,General government revenue,3983.986,USD million
2025,Mauritius,MUS,True,General government revenue,4117.674,USD million
2026,Mauritius,MUS,True,General government revenue,4245.17,USD million
2027,Mauritius,MUS,True,General government revenue,4435.601,USD million
2028,Mauritius,MUS,True,General government revenue,4614.615,USD million
2015,Malawi,MWI,False,General government revenue,1383.829,USD million
2016,Malawi,MWI,False,General government revenue,1368.425,USD million
2017,Malawi,MWI,False,General government revenue,1518.839,USD million
2018,Malawi,MWI,False,General government revenue,1504.874,USD million
2019,Malawi,MWI,False,General government revenue,1558.262,USD million
2020,Malawi,MWI,False,General government revenue,1566.693,USD million
2021,Malawi,MWI,False,General government revenue,1706.436,USD million
2022,Malawi,MWI,False,General government revenue,1952.655,USD million
2023,Malawi,MWI,True,General government revenue,2192.367,USD million
2024,Malawi,MWI,True,General government revenue,2472.76,USD million
2025,Malawi,MWI,True,General government revenue,2409.826,USD million
2026,Malawi,MWI,True,General government revenue,2644.202,USD million
2027,Malawi,MWI,True,General government revenue,2860.034,USD million
2028,Malawi,MWI,True,General government revenue,2923.373,USD million
2015,Malaysia,MYS,False,General government revenue,66786.295,USD million
2016,Malaysia,MYS,False,General government revenue,63755.715,USD million
2017,Malaysia,MYS,False,General government revenue,65383.159,USD million
2018,Malaysia,MYS,False,General government revenue,70379.514,USD million
2019,Malaysia,MYS,False,General government revenue,78633.85,USD million
2020,Malaysia,MYS,False,General government revenue,69420.445,USD million
2021,Malaysia,MYS,False,General government revenue,65592.702,USD million
2022,Malaysia,MYS,False,General government revenue,76914.573,USD million
2023,Malaysia,MYS,True,General government revenue,78773.849,USD million
2024,Malaysia,MYS,True,General government revenue,76580.568,USD million
2025,Malaysia,MYS,True,General government revenue,77322.968,USD million
2026,Malaysia,MYS,True,General government revenue,79741.739,USD million
2027,Malaysia,MYS,True,General government revenue,83306.833,USD million
2028,Malaysia,MYS,True,General government revenue,86373.701,USD million
2015,Namibia,NAM,False,General government revenue,4050.094,USD million
2016,Namibia,NAM,False,General government revenue,3717.799,USD million
2017,Namibia,NAM,False,General government revenue,3752.167,USD million
2018,Namibia,NAM,False,General government revenue,3578.495,USD million
2019,Namibia,NAM,False,General government revenue,3626.516,USD million
2020,Namibia,NAM,False,General government revenue,3487.645,USD million
2021,Namibia,NAM,False,General government revenue,3307.451,USD million
2022,Namibia,NAM,False,General government revenue,3442.359,USD million
2023,Namibia,NAM,True,General government revenue,4002.39,USD million
2024,Namibia,NAM,True,General government revenue,4366.845,USD million
2025,Namibia,NAM,True,General government revenue,4154.076,USD million
2026,Namibia,NAM,True,General government revenue,4159.785,USD million
2027,Namibia,NAM,True,General government revenue,4275.829,USD million
2028,Namibia,NAM,True,General government revenue,4378.961,USD million
2015,Niger,NER,False,General government revenue,1693.828,USD million
2016,Niger,NER,False,General government revenue,1525.54,USD million
2017,Niger,NER,False,General government revenue,1655.075,USD million
2018,Niger,NER,False,General government revenue,2088.253,USD million
2019,Niger,NER,False,General government revenue,2198.706,USD million
2020,Niger,NER,False,General government revenue,2219.328,USD million
2021,Niger,NER,False,General government revenue,2327.857,USD million
2022,Niger,NER,False,General government revenue,2122.376,USD million
2023,Niger,NER,True,General government revenue,1531.005,USD million
2024,Niger,NER,True,General government revenue,1965.46,USD million
2025,Niger,NER,True,General government revenue,2176.261,USD million
2026,Niger,NER,True,General government revenue,2347.02,USD million
2027,Niger,NER,True,General government revenue,2526.209,USD million
2028,Niger,NER,True,General government revenue,2713.312,USD million
2015,Nigeria,NGA,False,General government revenue,35706.607,USD million
2016,Nigeria,NGA,False,General government revenue,24790.613,USD million
2017,Nigeria,NGA,False,General government revenue,32115.881,USD million
2018,Nigeria,NGA,False,General government revenue,42335.372,USD million
2019,Nigeria,NGA,False,General government revenue,39846.337,USD million
2020,Nigeria,NGA,False,General government revenue,32566.236,USD million
2021,Nigeria,NGA,False,General government revenue,36648.872,USD million
2022,Nigeria,NGA,False,General government revenue,47898.161,USD million
2023,Nigeria,NGA,True,General government revenue,51726.737,USD million
2024,Nigeria,NGA,True,General government revenue,76634.977,USD million
2025,Nigeria,NGA,True,General government revenue,77184.448,USD million
2026,Nigeria,NGA,True,General government revenue,75937.433,USD million
2027,Nigeria,NGA,True,General government revenue,79339.899,USD million
2028,Nigeria,NGA,True,General government revenue,77958.463,USD million
2015,Nicaragua,NIC,False,General government revenue,3037.314,USD million
2016,Nicaragua,NIC,False,General government revenue,3323.569,USD million
2017,Nicaragua,NIC,False,General government revenue,3566.253,USD million
2018,Nicaragua,NIC,False,General government revenue,3146.627,USD million
2019,Nicaragua,NIC,False,General government revenue,3474.826,USD million
2020,Nicaragua,NIC,False,General government revenue,3403.155,USD million
2021,Nicaragua,NIC,False,General government revenue,4099.129,USD million
2022,Nicaragua,NIC,True,General government revenue,4315.041,USD million
2023,Nicaragua,NIC,True,General government revenue,4452.678,USD million
2024,Nicaragua,NIC,True,General government revenue,4648.076,USD million
2025,Nicaragua,NIC,True,General government revenue,4782.134,USD million
2026,Nicaragua,NIC,True,General government revenue,4936.441,USD million
2027,Nicaragua,NIC,True,General government revenue,5130.225,USD million
2028,Nicaragua,NIC,True,General government revenue,5338.907,USD million
2015,Netherlands,NLD,False,General government revenue,337273.098,USD million
2016,Netherlands,NLD,False,General government revenue,350785.426,USD million
2017,Netherlands,NLD,False,General government revenue,359983.531,USD million
2018,Netherlands,NLD,False,General government revenue,366799.735,USD million
2019,Netherlands,NLD,False,General government revenue,374921.322,USD million
2020,Netherlands,NLD,False,General government revenue,363054.62,USD million
2021,Netherlands,NLD,False,General government revenue,381403.598,USD million
2022,Netherlands,NLD,False,General government revenue,395907.804,USD million
2023,Netherlands,NLD,True,General government revenue,392975.972,USD million
2024,Netherlands,NLD,True,General government revenue,393252.912,USD million
2025,Netherlands,NLD,True,General government revenue,396208.162,USD million
2026,Netherlands,NLD,True,General government revenue,403401.376,USD million
2027,Netherlands,NLD,True,General government revenue,414491.074,USD million
2028,Netherlands,NLD,True,General government revenue,423259.604,USD million
2015,Norway,NOR,False,General government revenue,210347.786,USD million
2016,Norway,NOR,False,General government revenue,213778.678,USD million
2017,Norway,NOR,False,General government revenue,217995.017,USD million
2018,Norway,NOR,False,General government revenue,225190.008,USD million
2019,Norway,NOR,False,General government revenue,232714.502,USD million
2020,Norway,NOR,False,General government revenue,219315.059,USD million
2021,Norway,NOR,False,General government revenue,238268.387,USD million
2022,Norway,NOR,False,General government revenue,273324.285,USD million
2023,Norway,NOR,True,General government revenue,270528.576,USD million
2024,Norway,NOR,True,General government revenue,257162.421,USD million
2025,Norway,NOR,True,General government revenue,263214.772,USD million
2026,Norway,NOR,True,General government revenue,267366.318,USD million
2027,Norway,NOR,True,General government revenue,270497.209,USD million
2028,Norway,NOR,True,General government revenue,273865.399,USD million
2015,Nepal,NPL,False,General government revenue,4445.152,USD million
2016,Nepal,NPL,False,General government revenue,4924.839,USD million
2017,Nepal,NPL,False,General government revenue,5584.794,USD million
2018,Nepal,NPL,False,General government revenue,6360.6,USD million
2019,Nepal,NPL,False,General government revenue,6840.93,USD million
2020,Nepal,NPL,False,General government revenue,6646.873,USD million
2021,Nepal,NPL,False,General government revenue,7289.218,USD million
2022,Nepal,NPL,False,General government revenue,7588.857,USD million
2023,Nepal,NPL,True,General government revenue,6522.198,USD million
2024,Nepal,NPL,True,General government revenue,6719.072,USD million
2025,Nepal,NPL,True,General government revenue,7388.767,USD million
2026,Nepal,NPL,True,General government revenue,8185.145,USD million
2027,Nepal,NPL,True,General government revenue,8891.107,USD million
2028,Nepal,NPL,True,General government revenue,9584.227,USD million
2015,Nauru,NRU,False,General government revenue,81.684,USD million
2016,Nauru,NRU,False,General government revenue,101.625,USD million
2017,Nauru,NRU,False,General government revenue,98.648,USD million
2018,Nauru,NRU,False,General government revenue,98.592,USD million
2019,Nauru,NRU,False,General government revenue,121.96,USD million
2020,Nauru,NRU,False,General government revenue,138.074,USD million
2021,Nauru,NRU,False,General government revenue,133.412,USD million
2022,Nauru,NRU,True,General government revenue,154.424,USD million
2023,Nauru,NRU,True,General government revenue,135.884,USD million
2024,Nauru,NRU,True,General government revenue,157.26,USD million
2025,Nauru,NRU,True,General government revenue,133.707,USD million
2026,Nauru,NRU,True,General government revenue,131.462,USD million
2027,Nauru,NRU,True,General government revenue,121.748,USD million
2028,Nauru,NRU,True,General government revenue,112.537,USD million
2015,New Zealand,NZL,False,General government revenue,66279.18,USD million
2016,New Zealand,NZL,False,General government revenue,68601.397,USD million
2017,New Zealand,NZL,False,General government revenue,70042.977,USD million
2018,New Zealand,NZL,False,General government revenue,73269.795,USD million
2019,New Zealand,NZL,False,General government revenue,73426.925,USD million
2020,New Zealand,NZL,False,General government revenue,75217.276,USD million
2021,New Zealand,NZL,False,General government revenue,81301.039,USD million
2022,New Zealand,NZL,False,General government revenue,82792.071,USD million
2023,New Zealand,NZL,True,General government revenue,82554.76,USD million
2024,New Zealand,NZL,True,General government revenue,83402.468,USD million
2025,New Zealand,NZL,True,General government revenue,84153.969,USD million
2026,New Zealand,NZL,True,General government revenue,86368.162,USD million
2027,New Zealand,NZL,True,General government revenue,88709.631,USD million
2028,New Zealand,NZL,True,General government revenue,90828.059,USD million
2015,Oman,OMN,False,General government revenue,24454.721,USD million
2016,Oman,OMN,False,General government revenue,20667.668,USD million
2017,Oman,OMN,False,General government revenue,24025.049,USD million
2018,Oman,OMN,False,General government revenue,26545.899,USD million
2019,Oman,OMN,False,General government revenue,28195.206,USD million
2020,Oman,OMN,False,General government revenue,23163.451,USD million
2021,Oman,OMN,False,General government revenue,27434.842,USD million
2022,Oman,OMN,False,General government revenue,36678.88,USD million
2023,Oman,OMN,True,General government revenue,30542.907,USD million
2024,Oman,OMN,True,General government revenue,29590.586,USD million
2025,Oman,OMN,True,General government revenue,27669.929,USD million
2026,Oman,OMN,True,General government revenue,28751.782,USD million
2027,Oman,OMN,True,General government revenue,29171.82,USD million
2028,Oman,OMN,True,General government revenue,29390.41,USD million
2015,Pakistan,PAK,False,General government revenue,39272.834,USD million
2016,Pakistan,PAK,False,General government revenue,43041.505,USD million
2017,Pakistan,PAK,False,General government revenue,45573.616,USD million
2018,Pakistan,PAK,False,General government revenue,46543.206,USD million
2019,Pakistan,PAK,False,General government revenue,40243.276,USD million
2020,Pakistan,PAK,False,General government revenue,46941.007,USD million
2021,Pakistan,PAK,False,General government revenue,46475.753,USD million
2022,Pakistan,PAK,False,General government revenue,48151.757,USD million
2023,Pakistan,PAK,False,General government revenue,45704.688,USD million
2024,Pakistan,PAK,True,General government revenue,51005.673,USD million
2025,Pakistan,PAK,True,General government revenue,,USD million
2026,Pakistan,PAK,True,General government revenue,,USD million
2027,Pakistan,PAK,True,General government revenue,,USD million
2028,Pakistan,PAK,True,General government revenue,,USD million
2015,Panama,PAN,False,General government revenue,10841.27,USD million
2016,Panama,PAN,False,General government revenue,11568.277,USD million
2017,Panama,PAN,False,General government revenue,12139.244,USD million
2018,Panama,PAN,False,General government revenue,12399.149,USD million
2019,Panama,PAN,False,General government revenue,11953.23,USD million
2020,Panama,PAN,False,General government revenue,9645.668,USD million
2021,Panama,PAN,False,General government revenue,11116.118,USD million
2022,Panama,PAN,False,General government revenue,12327.559,USD million
2023,Panama,PAN,True,General government revenue,13651.137,USD million
2024,Panama,PAN,True,General government revenue,13680.021,USD million
2025,Panama,PAN,True,General government revenue,14231.324,USD million
2026,Panama,PAN,True,General government revenue,14912.618,USD million
2027,Panama,PAN,True,General government revenue,15602.94,USD million
2028,Panama,PAN,True,General government revenue,16282.558,USD million
2015,Peru,PER,False,General government revenue,38832.276,USD million
2016,Peru,PER,False,General government revenue,37346.138,USD million
2017,Peru,PER,False,General government revenue,37152.395,USD million
2018,Peru,PER,False,General government revenue,41050.156,USD million
2019,Peru,PER,False,General government revenue,43119.201,USD million
2020,Peru,PER,False,General government revenue,34627.483,USD million
2021,Peru,PER,False,General government revenue,46296.585,USD million
2022,Peru,PER,False,General government revenue,50079.203,USD million
2023,Peru,PER,True,General government revenue,44446.407,USD million
2024,Peru,PER,True,General government revenue,44680.0,USD million
2025,Peru,PER,True,General government revenue,48115.386,USD million
2026,Peru,PER,True,General government revenue,48618.493,USD million
2027,Peru,PER,True,General government revenue,49786.762,USD million
2028,Peru,PER,True,General government revenue,51065.369,USD million
2015,Philippines,PHL,False,General government revenue,54951.897,USD million
2016,Philippines,PHL,False,General government revenue,59980.586,USD million
2017,Philippines,PHL,False,General government revenue,65679.128,USD million
2018,Philippines,PHL,False,General government revenue,72547.254,USD million
2019,Philippines,PHL,False,General government revenue,80108.372,USD million
2020,Philippines,PHL,False,General government revenue,73049.865,USD million
2021,Philippines,PHL,False,General government revenue,79472.167,USD million
2022,Philippines,PHL,False,General government revenue,83221.299,USD million
2023,Philippines,PHL,True,General government revenue,87277.523,USD million
2024,Philippines,PHL,True,General government revenue,93073.442,USD million
2025,Philippines,PHL,True,General government revenue,97385.403,USD million
2026,Philippines,PHL,True,General government revenue,103167.325,USD million
2027,Philippines,PHL,True,General government revenue,109600.068,USD million
2028,Philippines,PHL,True,General government revenue,116809.014,USD million
2015,Palau,PLW,False,General government revenue,114.771,USD million
2016,Palau,PLW,False,General government revenue,118.097,USD million
2017,Palau,PLW,False,General government revenue,110.071,USD million
2018,Palau,PLW,False,General government revenue,122.352,USD million
2019,Palau,PLW,False,General government revenue,119.699,USD million
2020,Palau,PLW,False,General government revenue,120.036,USD million
2021,Palau,PLW,False,General government revenue,133.691,USD million
2022,Palau,PLW,False,General government revenue,134.658,USD million
2023,Palau,PLW,True,General government revenue,106.857,USD million
2024,Palau,PLW,True,General government revenue,139.657,USD million
2025,Palau,PLW,True,General government revenue,132.863,USD million
2026,Palau,PLW,True,General government revenue,137.348,USD million
2027,Palau,PLW,True,General government revenue,138.82,USD million
2028,Palau,PLW,True,General government revenue,139.864,USD million
2015,Papua New Guinea,PNG,False,General government revenue,3974.44,USD million
2016,Papua New Guinea,PNG,False,General government revenue,3694.527,USD million
2017,Papua New Guinea,PNG,False,General government revenue,3770.578,USD million
2018,Papua New Guinea,PNG,False,General government revenue,4197.062,USD million
2019,Papua New Guinea,PNG,False,General government revenue,4033.592,USD million
2020,Papua New Guinea,PNG,False,General government revenue,3508.232,USD million
2021,Papua New Guinea,PNG,False,General government revenue,3592.707,USD million
2022,Papua New Guinea,PNG,True,General government revenue,4162.425,USD million
2023,Papua New Guinea,PNG,True,General government revenue,4571.345,USD million
2024,Papua New Guinea,PNG,True,General government revenue,4921.309,USD million
2025,Papua New Guinea,PNG,True,General government revenue,5143.132,USD million
2026,Papua New Guinea,PNG,True,General government revenue,5408.354,USD million
2027,Papua New Guinea,PNG,True,General government revenue,5714.626,USD million
2028,Papua New Guinea,PNG,True,General government revenue,5932.346,USD million
2015,Poland,POL,False,General government revenue,186600.52,USD million
2016,Poland,POL,False,General government revenue,191120.752,USD million
2017,Poland,POL,False,General government revenue,206063.398,USD million
2018,Poland,POL,False,General government revenue,225259.431,USD million
2019,Poland,POL,False,General government revenue,234917.017,USD million
2020,Poland,POL,False,General government revenue,231179.036,USD million
2021,Poland,POL,False,General government revenue,252864.951,USD million
2022,Poland,POL,False,General government revenue,253948.327,USD million
2023,Poland,POL,True,General government revenue,263694.147,USD million
2024,Poland,POL,True,General government revenue,282688.614,USD million
2025,Poland,POL,True,General government revenue,296277.459,USD million
2026,Poland,POL,True,General government revenue,307932.022,USD million
2027,Poland,POL,True,General government revenue,310717.341,USD million
2028,Poland,POL,True,General government revenue,319425.116,USD million
2015,Puerto Rico,PRI,False,General government revenue,20051.843,USD million
2016,Puerto Rico,PRI,False,General government revenue,19527.883,USD million
2017,Puerto Rico,PRI,False,General government revenue,20627.719,USD million
2018,Puerto Rico,PRI,False,General government revenue,21002.085,USD million
2019,Puerto Rico,PRI,False,General government revenue,22137.809,USD million
2020,Puerto Rico,PRI,False,General government revenue,19220.834,USD million
2021,Puerto Rico,PRI,False,General government revenue,19441.524,USD million
2022,Puerto Rico,PRI,False,General government revenue,21523.643,USD million
2023,Puerto Rico,PRI,True,General government revenue,21813.856,USD million
2024,Puerto Rico,PRI,True,General government revenue,21871.237,USD million
2025,Puerto Rico,PRI,True,General government revenue,22545.62,USD million
2026,Puerto Rico,PRI,True,General government revenue,22224.327,USD million
2027,Puerto Rico,PRI,True,General government revenue,22081.568,USD million
2028,Puerto Rico,PRI,True,General government revenue,20309.902,USD million
2015,Portugal,PRT,False,General government revenue,87341.338,USD million
2016,Portugal,PRT,False,General government revenue,87280.207,USD million
2017,Portugal,PRT,False,General government revenue,89308.474,USD million
2018,Portugal,PRT,False,General government revenue,92890.962,USD million
2019,Portugal,PRT,False,General government revenue,94567.161,USD million
2020,Portugal,PRT,False,General government revenue,88518.052,USD million
2021,Portugal,PRT,False,General government revenue,96129.908,USD million
2022,Portugal,PRT,False,General government revenue,100843.296,USD million
2023,Portugal,PRT,True,General government revenue,102575.939,USD million
2024,Portugal,PRT,True,General government revenue,104356.695,USD million
2025,Portugal,PRT,True,General government revenue,106249.399,USD million
2026,Portugal,PRT,True,General government revenue,107870.183,USD million
2027,Portugal,PRT,True,General government revenue,109019.345,USD million
2028,Portugal,PRT,True,General government revenue,111143.139,USD million
2015,Paraguay,PRY,False,General government revenue,6351.772,USD million
2016,Paraguay,PRY,False,General government revenue,6541.317,USD million
2017,Paraguay,PRY,False,General government revenue,6971.879,USD million
2018,Paraguay,PRY,False,General government revenue,7136.519,USD million
2019,Paraguay,PRY,False,General government revenue,7191.192,USD million
2020,Paraguay,PRY,False,General government revenue,6823.229,USD million
2021,Paraguay,PRY,False,General government revenue,7156.893,USD million
2022,Paraguay,PRY,False,General government revenue,7365.807,USD million
2023,Paraguay,PRY,True,General government revenue,7805.906,USD million
2024,Paraguay,PRY,True,General government revenue,8512.404,USD million
2025,Paraguay,PRY,True,General government revenue,8729.621,USD million
2026,Paraguay,PRY,True,General government revenue,9050.36,USD million
2027,Paraguay,PRY,True,General government revenue,9396.108,USD million
2028,Paraguay,PRY,True,General government revenue,9750.721,USD million
2015,West Bank and Gaza,PSE,False,General government revenue,3738.209,USD million
2016,West Bank and Gaza,PSE,False,General government revenue,4307.345,USD million
2017,West Bank and Gaza,PSE,False,General government revenue,4209.925,USD million
2018,West Bank and Gaza,PSE,False,General government revenue,4016.397,USD million
2019,West Bank and Gaza,PSE,False,General government revenue,3775.921,USD million
2020,West Bank and Gaza,PSE,False,General government revenue,3602.024,USD million
2021,West Bank and Gaza,PSE,False,General government revenue,3848.964,USD million
2022,West Bank and Gaza,PSE,False,General government revenue,4398.505,USD million
2023,West Bank and Gaza,PSE,True,General government revenue,4413.253,USD million
2015,Qatar,QAT,False,General government revenue,92203.122,USD million
2016,Qatar,QAT,False,General government revenue,51566.819,USD million
2017,Qatar,QAT,False,General government revenue,45717.629,USD million
2018,Qatar,QAT,False,General government revenue,51789.449,USD million
2019,Qatar,QAT,False,General government revenue,56007.152,USD million
2020,Qatar,QAT,False,General government revenue,52567.03,USD million
2021,Qatar,QAT,False,General government revenue,48576.231,USD million
2022,Qatar,QAT,False,General government revenue,59318.622,USD million
2023,Qatar,QAT,True,General government revenue,56753.989,USD million
2024,Qatar,QAT,True,General government revenue,48287.144,USD million
2025,Qatar,QAT,True,General government revenue,49477.912,USD million
2026,Qatar,QAT,True,General government revenue,54301.41,USD million
2027,Qatar,QAT,True,General government revenue,56061.651,USD million
2028,Qatar,QAT,True,General government revenue,57128.543,USD million
2015,Romania,ROU,False,General government revenue,58372.116,USD million
2016,Romania,ROU,False,General government revenue,53636.621,USD million
2017,Romania,ROU,False,General government revenue,55750.506,USD million
2018,Romania,ROU,False,General government revenue,60847.345,USD million
2019,Romania,ROU,False,General government revenue,62677.785,USD million
2020,Romania,ROU,False,General government revenue,60086.945,USD million
2021,Romania,ROU,False,General government revenue,67516.665,USD million
2022,Romania,ROU,False,General government revenue,72163.723,USD million
2023,Romania,ROU,True,General government revenue,73194.795,USD million
2024,Romania,ROU,True,General government revenue,75682.643,USD million
2025,Romania,ROU,True,General government revenue,79222.088,USD million
2026,Romania,ROU,True,General government revenue,84186.239,USD million
2027,Romania,ROU,True,General government revenue,85935.756,USD million
2028,Romania,ROU,True,General government revenue,89024.118,USD million
2015,Russia,RUS,False,General government revenue,432611.886,USD million
2016,Russia,RUS,False,General government revenue,447442.478,USD million
2017,Russia,RUS,False,General government revenue,461774.125,USD million
2018,Russia,RUS,False,General government revenue,505795.236,USD million
2019,Russia,RUS,False,General government revenue,518920.444,USD million
2020,Russia,RUS,False,General government revenue,497818.743,USD million
2021,Russia,RUS,False,General government revenue,531160.027,USD million
2022,Russia,RUS,False,General government revenue,506183.245,USD million
2023,Russia,RUS,True,General government revenue,525530.89,USD million
2024,Russia,RUS,True,General government revenue,563484.882,USD million
2025,Russia,RUS,True,General government revenue,587507.52,USD million
2026,Russia,RUS,True,General government revenue,595081.587,USD million
2027,Russia,RUS,True,General government revenue,604796.447,USD million
2028,Russia,RUS,True,General government revenue,610233.396,USD million
2015,Rwanda,RWA,False,General government revenue,2043.434,USD million
2016,Rwanda,RWA,False,General government revenue,2070.765,USD million
2017,Rwanda,RWA,False,General government revenue,2124.487,USD million
2018,Rwanda,RWA,False,General government revenue,2431.046,USD million
2019,Rwanda,RWA,False,General government revenue,2584.467,USD million
2020,Rwanda,RWA,False,General government revenue,2583.109,USD million
2021,Rwanda,RWA,False,General government revenue,2940.985,USD million
2022,Rwanda,RWA,False,General government revenue,3097.346,USD million
2023,Rwanda,RWA,True,General government revenue,3132.4,USD million
2024,Rwanda,RWA,True,General government revenue,3395.916,USD million
2025,Rwanda,RWA,True,General government revenue,3651.459,USD million
2026,Rwanda,RWA,True,General government revenue,4085.445,USD million
2027,Rwanda,RWA,True,General government revenue,4343.803,USD million
2028,Rwanda,RWA,True,General government revenue,4612.703,USD million
2015,Saudi Arabia,SAU,False,General government revenue,163387.814,USD million
2016,Saudi Arabia,SAU,False,General government revenue,141869.188,USD million
2017,Saudi Arabia,SAU,False,General government revenue,159551.958,USD million
2018,Saudi Arabia,SAU,False,General government revenue,202630.174,USD million
2019,Saudi Arabia,SAU,False,General government revenue,211662.973,USD million
2020,Saudi Arabia,SAU,False,General government revenue,196563.09,USD million
2021,Saudi Arabia,SAU,False,General government revenue,214286.851,USD million
2022,Saudi Arabia,SAU,False,General government revenue,240651.164,USD million
2023,Saudi Arabia,SAU,True,General government revenue,235022.589,USD million
2024,Saudi Arabia,SAU,True,General government revenue,233907.693,USD million
2025,Saudi Arabia,SAU,True,General government revenue,240190.492,USD million
2026,Saudi Arabia,SAU,True,General government revenue,250167.35,USD million
2027,Saudi Arabia,SAU,True,General government revenue,253567.899,USD million
2028,Saudi Arabia,SAU,True,General government revenue,256121.224,USD million
2015,Sudan,SDN,False,General government revenue,5491.198,USD million
2016,Sudan,SDN,False,General government revenue,4093.213,USD million
2017,Sudan,SDN,False,General government revenue,4591.031,USD million
2018,Sudan,SDN,False,General government revenue,5928.199,USD million
2019,Sudan,SDN,False,General government revenue,5126.831,USD million
2020,Sudan,SDN,False,General government revenue,3039.827,USD million
2021,Sudan,SDN,True,General government revenue,5997.602,USD million
2022,Sudan,SDN,True,General government revenue,9627.48,USD million
2023,Sudan,SDN,True,General government revenue,2296.895,USD million
2024,Sudan,SDN,True,General government revenue,1456.787,USD million
2025,Sudan,SDN,True,General government revenue,3534.852,USD million
2026,Sudan,SDN,True,General government revenue,4891.483,USD million
2027,Sudan,SDN,True,General government revenue,5154.467,USD million
2028,Sudan,SDN,True,General government revenue,5260.438,USD million
2015,Senegal,SEN,False,General government revenue,3428.117,USD million
2016,Senegal,SEN,False,General government revenue,3912.026,USD million
2017,Senegal,SEN,False,General government revenue,3958.936,USD million
2018,Senegal,SEN,False,General government revenue,4074.272,USD million
2019,Senegal,SEN,False,General government revenue,4589.194,USD million
2020,Senegal,SEN,False,General government revenue,4609.606,USD million
2021,Senegal,SEN,False,General government revenue,4746.141,USD million
2022,Senegal,SEN,True,General government revenue,5052.769,USD million
2023,Senegal,SEN,True,General government revenue,5528.635,USD million
2024,Senegal,SEN,True,General government revenue,5863.588,USD million
2025,Senegal,SEN,True,General government revenue,6703.687,USD million
2026,Senegal,SEN,True,General government revenue,7443.966,USD million
2027,Senegal,SEN,True,General government revenue,7923.532,USD million
2028,Senegal,SEN,True,General government revenue,8351.534,USD million
2015,Singapore,SGP,False,General government revenue,53280.747,USD million
2016,Singapore,SGP,False,General government revenue,59212.692,USD million
2017,Singapore,SGP,False,General government revenue,62921.986,USD million
2018,Singapore,SGP,False,General government revenue,60589.442,USD million
2019,Singapore,SGP,False,General government revenue,62187.938,USD million
2020,Singapore,SGP,False,General government revenue,58527.13,USD million
2021,Singapore,SGP,False,General government revenue,62026.164,USD million
2022,Singapore,SGP,False,General government revenue,63552.165,USD million
2023,Singapore,SGP,True,General government revenue,72194.998,USD million
2024,Singapore,SGP,True,General government revenue,73285.824,USD million
2025,Singapore,SGP,True,General government revenue,76062.399,USD million
2026,Singapore,SGP,True,General government revenue,77981.856,USD million
2027,Singapore,SGP,True,General government revenue,80408.79,USD million
2028,Singapore,SGP,True,General government revenue,82405.594,USD million
2015,Solomon Islands,SLB,False,General government revenue,552.839,USD million
2016,Solomon Islands,SLB,False,General government revenue,497.709,USD million
2017,Solomon Islands,SLB,False,General government revenue,542.386,USD million
2018,Solomon Islands,SLB,False,General government revenue,530.845,USD million
2019,Solomon Islands,SLB,False,General government revenue,507.057,USD million
2020,Solomon Islands,SLB,False,General government revenue,545.454,USD million
2021,Solomon Islands,SLB,False,General government revenue,458.673,USD million
2022,Solomon Islands,SLB,True,General government revenue,432.076,USD million
2023,Solomon Islands,SLB,True,General government revenue,470.389,USD million
2024,Solomon Islands,SLB,True,General government revenue,467.723,USD million
2025,Solomon Islands,SLB,True,General government revenue,479.649,USD million
2026,Solomon Islands,SLB,True,General government revenue,492.226,USD million
2027,Solomon Islands,SLB,True,General government revenue,507.252,USD million
2028,Solomon Islands,SLB,True,General government revenue,522.794,USD million
2015,Sierra Leone,SLE,False,General government revenue,688.5,USD million
2016,Sierra Leone,SLE,False,General government revenue,672.852,USD million
2017,Sierra Leone,SLE,False,General government revenue,687.183,USD million
2018,Sierra Leone,SLE,False,General government revenue,765.41,USD million
2019,Sierra Leone,SLE,False,General government revenue,908.636,USD million
2020,Sierra Leone,SLE,False,General government revenue,959.515,USD million
2021,Sierra Leone,SLE,False,General government revenue,1340.912,USD million
2022,Sierra Leone,SLE,False,General government revenue,1194.673,USD million
2023,Sierra Leone,SLE,True,General government revenue,1181.461,USD million
2024,Sierra Leone,SLE,True,General government revenue,1217.505,USD million
2025,Sierra Leone,SLE,True,General government revenue,1383.974,USD million
2026,Sierra Leone,SLE,True,General government revenue,1452.862,USD million
2027,Sierra Leone,SLE,True,General government revenue,1562.921,USD million
2028,Sierra Leone,SLE,True,General government revenue,1670.899,USD million
2015,El Salvador,SLV,False,General government revenue,5502.07,USD million
2016,El Salvador,SLV,False,General government revenue,5854.008,USD million
2017,El Salvador,SLV,False,General government revenue,6201.533,USD million
2018,El Salvador,SLV,False,General government revenue,6180.977,USD million
2019,El Salvador,SLV,False,General government revenue,6223.002,USD million
2020,El Salvador,SLV,False,General government revenue,5822.529,USD million
2021,El Salvador,SLV,False,General government revenue,6948.634,USD million
2022,El Salvador,SLV,False,General government revenue,7144.424,USD million
2023,El Salvador,SLV,True,General government revenue,7397.837,USD million
2024,El Salvador,SLV,True,General government revenue,7720.706,USD million
2025,El Salvador,SLV,True,General government revenue,7951.402,USD million
2026,El Salvador,SLV,True,General government revenue,8234.584,USD million
2027,El Salvador,SLV,True,General government revenue,8463.639,USD million
2028,El Salvador,SLV,True,General government revenue,8701.75,USD million
2015,San Marino,SMR,False,General government revenue,326.16,USD million
2016,San Marino,SMR,False,General government revenue,338.082,USD million
2017,San Marino,SMR,False,General government revenue,321.723,USD million
2018,San Marino,SMR,False,General government revenue,339.484,USD million
2019,San Marino,SMR,False,General government revenue,337.167,USD million
2020,San Marino,SMR,False,General government revenue,303.429,USD million
2021,San Marino,SMR,False,General government revenue,332.059,USD million
2022,San Marino,SMR,True,General government revenue,382.688,USD million
2023,San Marino,SMR,True,General government revenue,360.478,USD million
2024,San Marino,SMR,True,General government revenue,350.683,USD million
2025,San Marino,SMR,True,General government revenue,352.945,USD million
2026,San Marino,SMR,True,General government revenue,357.172,USD million
2027,San Marino,SMR,True,General government revenue,361.091,USD million
2028,San Marino,SMR,True,General government revenue,365.733,USD million
2015,Somalia,SOM,False,General government revenue,141.198,USD million
2016,Somalia,SOM,False,General government revenue,156.284,USD million
2017,Somalia,SOM,False,General government revenue,240.63,USD million
2018,Somalia,SOM,False,General government revenue,257.361,USD million
2019,Somalia,SOM,False,General government revenue,301.41,USD million
2020,Somalia,SOM,False,General government revenue,431.832,USD million
2021,Somalia,SOM,False,General government revenue,307.982,USD million
2022,Somalia,SOM,False,General government revenue,563.908,USD million
2023,Somalia,SOM,True,General government revenue,561.379,USD million
2024,Somalia,SOM,True,General government revenue,621.708,USD million
2025,Somalia,SOM,True,General government revenue,541.065,USD million
2026,Somalia,SOM,True,General government revenue,449.899,USD million
2027,Somalia,SOM,True,General government revenue,431.823,USD million
2028,Somalia,SOM,True,General government revenue,452.434,USD million
2015,Serbia,SRB,False,General government revenue,15576.084,USD million
2016,Serbia,SRB,False,General government revenue,16675.955,USD million
2017,Serbia,SRB,False,General government revenue,17343.889,USD million
2018,Serbia,SRB,False,General government revenue,18144.528,USD million
2019,Serbia,SRB,False,General government revenue,19170.064,USD million
2020,Serbia,SRB,False,General government revenue,18518.127,USD million
2021,Serbia,SRB,False,General government revenue,21055.666,USD million
2022,Serbia,SRB,False,General government revenue,21640.561,USD million
2023,Serbia,SRB,True,General government revenue,21818.943,USD million
2024,Serbia,SRB,True,General government revenue,23303.354,USD million
2025,Serbia,SRB,True,General government revenue,24331.533,USD million
2026,Serbia,SRB,True,General government revenue,25229.708,USD million
2027,Serbia,SRB,True,General government revenue,26168.644,USD million
2028,Serbia,SRB,True,General government revenue,27080.172,USD million
2015,South Sudan,SSD,False,General government revenue,2626.11,USD million
2016,South Sudan,SSD,False,General government revenue,4729.037,USD million
2017,South Sudan,SSD,False,General government revenue,8796.337,USD million
2018,South Sudan,SSD,False,General government revenue,5836.417,USD million
2019,South Sudan,SSD,False,General government revenue,5925.922,USD million
2020,South Sudan,SSD,False,General government revenue,3303.898,USD million
2021,South Sudan,SSD,False,General government revenue,4236.166,USD million
2022,South Sudan,SSD,False,General government revenue,3662.793,USD million
2023,South Sudan,SSD,True,General government revenue,3642.42,USD million
2024,South Sudan,SSD,True,General government revenue,2582.293,USD million
2025,South Sudan,SSD,True,General government revenue,3592.828,USD million
2026,South Sudan,SSD,True,General government revenue,4508.297,USD million
2027,South Sudan,SSD,True,General government revenue,4635.029,USD million
2028,South Sudan,SSD,True,General government revenue,4765.517,USD million
2015,São Tomé and Príncipe,STP,False,General government revenue,89.041,USD million
2016,São Tomé and Príncipe,STP,False,General government revenue,91.744,USD million
2017,São Tomé and Príncipe,STP,False,General government revenue,82.694,USD million
2018,São Tomé and Príncipe,STP,False,General government revenue,77.677,USD million
2019,São Tomé and Príncipe,STP,False,General government revenue,69.545,USD million
2020,São Tomé and Príncipe,STP,False,General government revenue,81.868,USD million
2021,São Tomé and Príncipe,STP,False,General government revenue,77.021,USD million
2022,São Tomé and Príncipe,STP,False,General government revenue,81.488,USD million
2023,São Tomé and Príncipe,STP,True,General government revenue,71.187,USD million
2024,São Tomé and Príncipe,STP,True,General government revenue,83.895,USD million
2025,São Tomé and Príncipe,STP,True,General government revenue,85.95,USD million
2026,São Tomé and Príncipe,STP,True,General government revenue,77.394,USD million
2027,São Tomé and Príncipe,STP,True,General government revenue,80.279,USD million
2028,São Tomé and Príncipe,STP,True,General government revenue,83.022,USD million
2015,Suriname,SUR,False,General government revenue,1106.703,USD million
2016,Suriname,SUR,False,General government revenue,863.845,USD million
2017,Suriname,SUR,False,General government revenue,996.021,USD million
2018,Suriname,SUR,False,General government revenue,1086.008,USD million
2019,Suriname,SUR,False,General government revenue,1065.762,USD million
2020,Suriname,SUR,False,General government revenue,805.942,USD million
2021,Suriname,SUR,False,General government revenue,1135.865,USD million
2022,Suriname,SUR,True,General government revenue,1185.001,USD million
2023,Suriname,SUR,True,General government revenue,1133.713,USD million
2024,Suriname,SUR,True,General government revenue,1210.325,USD million
2025,Suriname,SUR,True,General government revenue,1215.555,USD million
2026,Suriname,SUR,True,General government revenue,1252.021,USD million
2027,Suriname,SUR,True,General government revenue,1289.584,USD million
2028,Suriname,SUR,True,General government revenue,1328.273,USD million
2015,Slovak Republic,SVK,False,General government revenue,38140.612,USD million
2016,Slovak Republic,SVK,False,General government revenue,36228.888,USD million
2017,Slovak Republic,SVK,False,General government revenue,35935.201,USD million
2018,Slovak Republic,SVK,False,General government revenue,37523.362,USD million
2019,Slovak Republic,SVK,False,General government revenue,39117.301,USD million
2020,Slovak Republic,SVK,False,General government revenue,37883.962,USD million
2021,Slovak Republic,SVK,False,General government revenue,40477.71,USD million
2022,Slovak Republic,SVK,False,General government revenue,41802.166,USD million
2023,Slovak Republic,SVK,True,General government revenue,45006.27,USD million
2024,Slovak Republic,SVK,True,General government revenue,43654.266,USD million
2025,Slovak Republic,SVK,True,General government revenue,45391.835,USD million
2026,Slovak Republic,SVK,True,General government revenue,46036.324,USD million
2027,Slovak Republic,SVK,True,General government revenue,45905.605,USD million
2028,Slovak Republic,SVK,True,General government revenue,47014.343,USD million
2015,Slovenia,SVN,False,General government revenue,19929.071,USD million
2016,Slovenia,SVN,False,General government revenue,19764.843,USD million
2017,Slovenia,SVN,False,General government revenue,20674.056,USD million
2018,Slovenia,SVN,False,General government revenue,21719.61,USD million
2019,Slovenia,SVN,False,General government revenue,22235.307,USD million
2020,Slovenia,SVN,False,General government revenue,21162.828,USD million
2021,Slovenia,SVN,False,General government revenue,23541.81,USD million
2022,Slovenia,SVN,False,General government revenue,23834.929,USD million
2023,Slovenia,SVN,True,General government revenue,23942.608,USD million
2024,Slovenia,SVN,True,General government revenue,24995.302,USD million
2025,Slovenia,SVN,True,General government revenue,25210.136,USD million
2026,Slovenia,SVN,True,General government revenue,25742.641,USD million
2027,Slovenia,SVN,True,General government revenue,26423.037,USD million
2028,Slovenia,SVN,True,General government revenue,27076.325,USD million
2015,Sweden,SWE,False,General government revenue,244422.249,USD million
2016,Sweden,SWE,False,General government revenue,256193.91,USD million
2017,Sweden,SWE,False,General government revenue,261974.276,USD million
2018,Sweden,SWE,False,General government revenue,266053.213,USD million
2019,Sweden,SWE,False,General government revenue,266781.341,USD million
2020,Sweden,SWE,False,General government revenue,259270.376,USD million
2021,Sweden,SWE,False,General government revenue,274185.639,USD million
2022,Sweden,SWE,True,General government revenue,279988.199,USD million
2023,Sweden,SWE,True,General government revenue,269140.475,USD million
2024,Sweden,SWE,True,General government revenue,272665.391,USD million
2025,Sweden,SWE,True,General government revenue,279367.408,USD million
2026,Sweden,SWE,True,General government revenue,284609.177,USD million
2027,Sweden,SWE,True,General government revenue,292165.32,USD million
2028,Sweden,SWE,True,General government revenue,297663.249,USD million
2015,Eswatini,SWZ,False,General government revenue,1120.958,USD million
2016,Eswatini,SWZ,False,General government revenue,1036.261,USD million
2017,Eswatini,SWZ,False,General government revenue,1182.006,USD million
2018,Eswatini,SWZ,False,General government revenue,1074.413,USD million
2019,Eswatini,SWZ,False,General government revenue,1202.882,USD million
2020,Eswatini,SWZ,False,General government revenue,1245.477,USD million
2021,Eswatini,SWZ,False,General government revenue,1175.736,USD million
2022,Eswatini,SWZ,False,General government revenue,1118.821,USD million
2023,Eswatini,SWZ,True,General government revenue,1448.094,USD million
2024,Eswatini,SWZ,True,General government revenue,1539.668,USD million
2025,Eswatini,SWZ,True,General government revenue,1444.725,USD million
2026,Eswatini,SWZ,True,General government revenue,1469.237,USD million
2027,Eswatini,SWZ,True,General government revenue,1538.043,USD million
2028,Eswatini,SWZ,True,General government revenue,1574.643,USD million
2015,Seychelles,SYC,False,General government revenue,471.257,USD million
2016,Seychelles,SYC,False,General government revenue,553.751,USD million
2017,Seychelles,SYC,False,General government revenue,559.233,USD million
2018,Seychelles,SYC,False,General government revenue,580.585,USD million
2019,Seychelles,SYC,False,General government revenue,611.606,USD million
2020,Seychelles,SYC,False,General government revenue,519.649,USD million
2021,Seychelles,SYC,False,General government revenue,558.06,USD million
2022,Seychelles,SYC,False,General government revenue,581.136,USD million
2023,Seychelles,SYC,True,General government revenue,648.494,USD million
2024,Seychelles,SYC,True,General government revenue,698.712,USD million
2025,Seychelles,SYC,True,General government revenue,747.767,USD million
2026,Seychelles,SYC,True,General government revenue,768.709,USD million
2027,Seychelles,SYC,True,General government revenue,796.639,USD million
2028,Seychelles,SYC,True,General government revenue,819.437,USD million
2015,Chad,TCD,False,General government revenue,1528.853,USD million
2016,Chad,TCD,False,General government revenue,1285.99,USD million
2017,Chad,TCD,False,General government revenue,1473.026,USD million
2018,Chad,TCD,False,General government revenue,1550.821,USD million
2019,Chad,TCD,False,General government revenue,1569.233,USD million
2020,Chad,TCD,False,General government revenue,2284.845,USD million
2021,Chad,TCD,False,General government revenue,1815.745,USD million
2022,Chad,TCD,True,General government revenue,2750.839,USD million
2023,Chad,TCD,True,General government revenue,2656.894,USD million
2024,Chad,TCD,True,General government revenue,2713.191,USD million
2025,Chad,TCD,True,General government revenue,2593.108,USD million
2026,Chad,TCD,True,General government revenue,2551.01,USD million
2027,Chad,TCD,True,General government revenue,2700.11,USD million
2028,Chad,TCD,True,General government revenue,2776.076,USD million
2015,Togo,TGO,False,General government revenue,912.614,USD million
2016,Togo,TGO,False,General government revenue,966.344,USD million
2017,Togo,TGO,False,General government revenue,1016.851,USD million
2018,Togo,TGO,False,General government revenue,1207.628,USD million
2019,Togo,TGO,False,General government revenue,1268.818,USD million
2020,Togo,TGO,False,General government revenue,1181.397,USD million
2021,Togo,TGO,False,General government revenue,1288.957,USD million
2022,Togo,TGO,False,General government revenue,1404.694,USD million
2023,Togo,TGO,True,General government revenue,1668.278,USD million
2024,Togo,TGO,True,General government revenue,1680.58,USD million
2025,Togo,TGO,True,General government revenue,1755.582,USD million
2026,Togo,TGO,True,General government revenue,1892.842,USD million
2027,Togo,TGO,True,General government revenue,2047.674,USD million
2028,Togo,TGO,True,General government revenue,2194.442,USD million
2015,Thailand,THA,False,General government revenue,90121.749,USD million
2016,Thailand,THA,False,General government revenue,90337.797,USD million
2017,Thailand,THA,False,General government revenue,91202.276,USD million
2018,Thailand,THA,False,General government revenue,96748.12,USD million
2019,Thailand,THA,False,General government revenue,96530.471,USD million
2020,Thailand,THA,False,General government revenue,88269.255,USD million
2021,Thailand,THA,False,General government revenue,87883.68,USD million
2022,Thailand,THA,False,General government revenue,90248.45,USD million
2023,Thailand,THA,True,General government revenue,95747.989,USD million
2024,Thailand,THA,True,General government revenue,98447.815,USD million
2025,Thailand,THA,True,General government revenue,101518.195,USD million
2026,Thailand,THA,True,General government revenue,104338.744,USD million
2027,Thailand,THA,True,General government revenue,107232.314,USD million
2028,Thailand,THA,True,General government revenue,110168.525,USD million
2015,Tajikistan,TJK,False,General government revenue,2352.7,USD million
2016,Tajikistan,TJK,False,General government revenue,2497.868,USD million
2017,Tajikistan,TJK,False,General government revenue,2530.315,USD million
2018,Tajikistan,TJK,False,General government revenue,2727.645,USD million
2019,Tajikistan,TJK,False,General government revenue,2783.14,USD million
2020,Tajikistan,TJK,False,General government revenue,2693.804,USD million
2021,Tajikistan,TJK,False,General government revenue,3202.502,USD million
2022,Tajikistan,TJK,False,General government revenue,3554.22,USD million
2023,Tajikistan,TJK,True,General government revenue,4131.012,USD million
2024,Tajikistan,TJK,True,General government revenue,4040.161,USD million
2025,Tajikistan,TJK,True,General government revenue,4452.464,USD million
2026,Tajikistan,TJK,True,General government revenue,4729.706,USD million
2027,Tajikistan,TJK,True,General government revenue,4962.156,USD million
2028,Tajikistan,TJK,True,General government revenue,5018.585,USD million
2015,Turkmenistan,TKM,False,General government revenue,5948.338,USD million
2016,Turkmenistan,TKM,False,General government revenue,4430.489,USD million
2017,Turkmenistan,TKM,False,General government revenue,5636.159,USD million
2018,Turkmenistan,TKM,False,General government revenue,5196.839,USD million
2019,Turkmenistan,TKM,False,General government revenue,5027.332,USD million
2020,Turkmenistan,TKM,False,General government revenue,5092.337,USD million
2021,Turkmenistan,TKM,False,General government revenue,4945.398,USD million
2022,Turkmenistan,TKM,True,General government revenue,5473.741,USD million
2023,Turkmenistan,TKM,True,General government revenue,5691.562,USD million
2024,Turkmenistan,TKM,True,General government revenue,5628.624,USD million
2025,Turkmenistan,TKM,True,General government revenue,5625.679,USD million
2026,Turkmenistan,TKM,True,General government revenue,5646.051,USD million
2027,Turkmenistan,TKM,True,General government revenue,5659.116,USD million
2028,Turkmenistan,TKM,True,General government revenue,5716.385,USD million
2015,Timor-Leste,TLS,False,General government revenue,1031.159,USD million
2016,Timor-Leste,TLS,False,General government revenue,924.764,USD million
2017,Timor-Leste,TLS,False,General government revenue,849.283,USD million
2018,Timor-Leste,TLS,False,General government revenue,925.83,USD million
2019,Timor-Leste,TLS,False,General government revenue,845.088,USD million
2020,Timor-Leste,TLS,False,General government revenue,864.361,USD million
2021,Timor-Leste,TLS,False,General government revenue,898.037,USD million
2022,Timor-Leste,TLS,False,General government revenue,906.311,USD million
2023,Timor-Leste,TLS,True,General government revenue,832.139,USD million
2024,Timor-Leste,TLS,True,General government revenue,786.577,USD million
2025,Timor-Leste,TLS,True,General government revenue,758.78,USD million
2026,Timor-Leste,TLS,True,General government revenue,728.498,USD million
2027,Timor-Leste,TLS,True,General government revenue,697.112,USD million
2028,Timor-Leste,TLS,True,General government revenue,666.455,USD million
2015,Tonga,TON,False,General government revenue,151.416,USD million
2016,Tonga,TON,False,General government revenue,180.583,USD million
2017,Tonga,TON,False,General government revenue,209.53,USD million
2018,Tonga,TON,False,General government revenue,208.24,USD million
2019,Tonga,TON,False,General government revenue,211.388,USD million
2020,Tonga,TON,False,General government revenue,217.51,USD million
2021,Tonga,TON,False,General government revenue,218.791,USD million
2022,Tonga,TON,False,General government revenue,208.931,USD million
2023,Tonga,TON,True,General government revenue,240.622,USD million
2024,Tonga,TON,True,General government revenue,240.232,USD million
2025,Tonga,TON,True,General government revenue,194.681,USD million
2026,Tonga,TON,True,General government revenue,185.911,USD million
2027,Tonga,TON,True,General government revenue,180.371,USD million
2028,Tonga,TON,True,General government revenue,175.176,USD million
2015,Trinidad and Tobago,TTO,False,General government revenue,7181.885,USD million
2016,Trinidad and Tobago,TTO,False,General government revenue,5319.448,USD million
2017,Trinidad and Tobago,TTO,False,General government revenue,4837.761,USD million
2018,Trinidad and Tobago,TTO,False,General government revenue,5616.718,USD million
2019,Trinidad and Tobago,TTO,False,General government revenue,6369.537,USD million
2020,Trinidad and Tobago,TTO,False,General government revenue,5019.586,USD million
2021,Trinidad and Tobago,TTO,False,General government revenue,4872.909,USD million
2022,Trinidad and Tobago,TTO,False,General government revenue,6035.489,USD million
2023,Trinidad and Tobago,TTO,True,General government revenue,6204.772,USD million
2024,Trinidad and Tobago,TTO,True,General government revenue,5343.708,USD million
2025,Trinidad and Tobago,TTO,True,General government revenue,5709.05,USD million
2026,Trinidad and Tobago,TTO,True,General government revenue,5754.129,USD million
2027,Trinidad and Tobago,TTO,True,General government revenue,5953.233,USD million
2028,Trinidad and Tobago,TTO,True,General government revenue,6415.292,USD million
2015,Tunisia,TUN,False,General government revenue,10298.444,USD million
2016,Tunisia,TUN,False,General government revenue,9880.283,USD million
2017,Tunisia,TUN,False,General government revenue,10942.076,USD million
2018,Tunisia,TUN,False,General government revenue,11859.596,USD million
2019,Tunisia,TUN,False,General government revenue,12788.197,USD million
2020,Tunisia,TUN,False,General government revenue,11436.604,USD million
2021,Tunisia,TUN,False,General government revenue,12039.846,USD million
2022,Tunisia,TUN,False,General government revenue,14281.81,USD million
2023,Tunisia,TUN,True,General government revenue,13847.352,USD million
2024,Tunisia,TUN,True,General government revenue,14006.213,USD million
2025,Tunisia,TUN,True,General government revenue,14030.193,USD million
2026,Tunisia,TUN,True,General government revenue,13956.13,USD million
2027,Tunisia,TUN,True,General government revenue,14132.636,USD million
2028,Tunisia,TUN,True,General government revenue,14274.753,USD million
2015,Türkiye,TUR,False,General government revenue,277084.447,USD million
2016,Türkiye,TUR,False,General government revenue,287760.371,USD million
2017,Türkiye,TUR,False,General government revenue,295981.672,USD million
2018,Türkiye,TUR,False,General government revenue,309136.19,USD million
2019,Türkiye,TUR,False,General government revenue,307395.984,USD million
2020,Türkiye,TUR,False,General government revenue,305165.589,USD million
2021,Türkiye,TUR,False,General government revenue,320558.481,USD million
2022,Türkiye,TUR,False,General government revenue,314080.657,USD million
2023,Türkiye,TUR,True,General government revenue,351078.054,USD million
2024,Türkiye,TUR,True,General government revenue,378219.575,USD million
2025,Türkiye,TUR,True,General government revenue,388070.042,USD million
2026,Türkiye,TUR,True,General government revenue,396186.502,USD million
2027,Türkiye,TUR,True,General government revenue,410801.459,USD million
2028,Türkiye,TUR,True,General government revenue,425943.81,USD million
2015,Tuvalu,TUV,False,General government revenue,48.714,USD million
2016,Tuvalu,TUV,False,General government revenue,57.372,USD million
2017,Tuvalu,TUV,False,General government revenue,43.32,USD million
2018,Tuvalu,TUV,False,General government revenue,63.09,USD million
2019,Tuvalu,TUV,False,General government revenue,51.603,USD million
2020,Tuvalu,TUV,False,General government revenue,59.175,USD million
2021,Tuvalu,TUV,False,General government revenue,44.143,USD million
2022,Tuvalu,TUV,False,General government revenue,50.131,USD million
2023,Tuvalu,TUV,True,General government revenue,50.774,USD million
2024,Tuvalu,TUV,True,General government revenue,48.172,USD million
2025,Tuvalu,TUV,True,General government revenue,46.321,USD million
2026,Tuvalu,TUV,True,General government revenue,46.282,USD million
2027,Tuvalu,TUV,True,General government revenue,46.368,USD million
2028,Tuvalu,TUV,True,General government revenue,46.425,USD million
2015,Taiwan Province of China,TWN,False,General government revenue,83437.792,USD million
2016,Taiwan Province of China,TWN,False,General government revenue,83704.173,USD million
2017,Taiwan Province of China,TWN,False,General government revenue,86374.442,USD million
2018,Taiwan Province of China,TWN,False,General government revenue,89900.441,USD million
2019,Taiwan Province of China,TWN,False,General government revenue,92666.922,USD million
2020,Taiwan Province of China,TWN,False,General government revenue,94205.395,USD million
2021,Taiwan Province of China,TWN,False,General government revenue,101001.408,USD million
2022,Taiwan Province of China,TWN,False,General government revenue,109982.535,USD million
2023,Taiwan Province of China,TWN,True,General government revenue,113066.496,USD million
2024,Taiwan Province of China,TWN,True,General government revenue,119418.665,USD million
2025,Taiwan Province of China,TWN,True,General government revenue,124792.477,USD million
2026,Taiwan Province of China,TWN,True,General government revenue,130268.49,USD million
2027,Taiwan Province of China,TWN,True,General government revenue,135867.636,USD million
2028,Taiwan Province of China,TWN,True,General government revenue,141630.057,USD million
2015,Tanzania,TZA,False,General government revenue,6630.824,USD million
2016,Tanzania,TZA,False,General government revenue,7514.424,USD million
2017,Tanzania,TZA,False,General government revenue,8226.035,USD million
2018,Tanzania,TZA,False,General government revenue,8838.876,USD million
2019,Tanzania,TZA,False,General government revenue,9423.485,USD million
2020,Tanzania,TZA,False,General government revenue,9630.247,USD million
2021,Tanzania,TZA,False,General government revenue,10077.175,USD million
2022,Tanzania,TZA,False,General government revenue,10794.36,USD million
2023,Tanzania,TZA,True,General government revenue,11559.542,USD million
2024,Tanzania,TZA,True,General government revenue,12626.332,USD million
2025,Tanzania,TZA,True,General government revenue,13595.002,USD million
2026,Tanzania,TZA,True,General government revenue,14626.101,USD million
2027,Tanzania,TZA,True,General government revenue,15591.102,USD million
2028,Tanzania,TZA,True,General government revenue,16593.127,USD million
2015,Uganda,UGA,False,General government revenue,3704.102,USD million
2016,Uganda,UGA,False,General government revenue,3785.409,USD million
2017,Uganda,UGA,False,General government revenue,4014.92,USD million
2018,Uganda,UGA,False,General government revenue,4476.946,USD million
2019,Uganda,UGA,False,General government revenue,4925.602,USD million
2020,Uganda,UGA,False,General government revenue,4951.806,USD million
2021,Uganda,UGA,False,General government revenue,5344.563,USD million
2022,Uganda,UGA,False,General government revenue,5772.511,USD million
2023,Uganda,UGA,True,General government revenue,6078.719,USD million
2024,Uganda,UGA,True,General government revenue,6651.353,USD million
2025,Uganda,UGA,True,General government revenue,7695.911,USD million
2026,Uganda,UGA,True,General government revenue,9167.664,USD million
2027,Uganda,UGA,True,General government revenue,10228.378,USD million
2028,Uganda,UGA,True,General government revenue,11070.603,USD million
2015,Ukraine,UKR,False,General government revenue,38081.77,USD million
2016,Ukraine,UKR,False,General government revenue,35697.291,USD million
2017,Ukraine,UKR,False,General government revenue,37481.787,USD million
2018,Ukraine,UKR,False,General government revenue,39266.632,USD million
2019,Ukraine,UKR,False,General government revenue,40139.084,USD million
2020,Ukraine,UKR,False,General government revenue,38888.697,USD million
2021,Ukraine,UKR,False,General government revenue,37018.962,USD million
2022,Ukraine,UKR,False,General government revenue,35961.191,USD million
2023,Ukraine,UKR,True,General government revenue,41691.329,USD million
2024,Ukraine,UKR,True,General government revenue,35342.912,USD million
2025,Ukraine,UKR,True,General government revenue,32136.414,USD million
2026,Ukraine,UKR,True,General government revenue,33995.193,USD million
2027,Ukraine,UKR,True,General government revenue,37163.395,USD million
2028,Ukraine,UKR,True,General government revenue,38517.169,USD million
2015,Uruguay,URY,False,General government revenue,15424.277,USD million
2016,Uruguay,URY,False,General government revenue,15976.753,USD million
2017,Uruguay,URY,False,General government revenue,16393.376,USD million
2018,Uruguay,URY,False,General government revenue,17167.226,USD million
2019,Uruguay,URY,False,General government revenue,16964.964,USD million
2020,Uruguay,URY,False,General government revenue,15829.633,USD million
2021,Uruguay,URY,False,General government revenue,16403.42,USD million
2022,Uruguay,URY,False,General government revenue,17230.505,USD million
2023,Uruguay,URY,True,General government revenue,17321.927,USD million
2024,Uruguay,URY,True,General government revenue,18414.806,USD million
2025,Uruguay,URY,True,General government revenue,18623.267,USD million
2026,Uruguay,URY,True,General government revenue,19112.563,USD million
2027,Uruguay,URY,True,General government revenue,19583.202,USD million
2028,Uruguay,URY,True,General government revenue,20037.907,USD million
2015,United States,USA,False,General government revenue,5763107.95,USD million
2016,United States,USA,False,General government revenue,5770346.041,USD million
2017,United States,USA,False,General government revenue,5802056.238,USD million
2018,United States,USA,False,General government revenue,5898315.044,USD million
2019,United States,USA,False,General government revenue,6050124.004,USD million
2020,United States,USA,False,General government revenue,6044493.908,USD million
2021,United States,USA,False,General government revenue,6605008.424,USD million
2022,United States,USA,False,General government revenue,6944469.108,USD million
2023,United States,USA,True,General government revenue,6444676.752,USD million
2024,United States,USA,True,General government revenue,6778416.29,USD million
2025,United States,USA,True,General government revenue,6962153.579,USD million
2026,United States,USA,True,General government revenue,7242770.994,USD million
2027,United States,USA,True,General government revenue,7521817.617,USD million
2028,United States,USA,True,General government revenue,7668048.868,USD million
2015,Uzbekistan,UZB,False,General government revenue,20807.3,USD million
2016,Uzbekistan,UZB,False,General government revenue,21785.776,USD million
2017,Uzbekistan,UZB,False,General government revenue,19828.231,USD million
2018,Uzbekistan,UZB,False,General government revenue,23836.536,USD million
2019,Uzbekistan,UZB,False,General government revenue,25662.115,USD million
2020,Uzbekistan,UZB,False,General government revenue,25026.413,USD million
2021,Uzbekistan,UZB,False,General government revenue,27341.82,USD million
2022,Uzbekistan,UZB,False,General government revenue,34396.232,USD million
2023,Uzbekistan,UZB,True,General government revenue,34560.437,USD million
2024,Uzbekistan,UZB,True,General government revenue,35091.797,USD million
2025,Uzbekistan,UZB,True,General government revenue,36432.055,USD million
2026,Uzbekistan,UZB,True,General government revenue,38771.648,USD million
2027,Uzbekistan,UZB,True,General government revenue,41587.985,USD million
2028,Uzbekistan,UZB,True,General government revenue,44039.5,USD million
2015,St. Vincent and the Grenadines,VCT,False,General government revenue,201.275,USD million
2016,St. Vincent and the Grenadines,VCT,False,General government revenue,222.07,USD million
2017,St. Vincent and the Grenadines,VCT,False,General government revenue,208.732,USD million
2018,St. Vincent and the Grenadines,VCT,False,General government revenue,211.627,USD million
2019,St. Vincent and the Grenadines,VCT,False,General government revenue,221.984,USD million
2020,St. Vincent and the Grenadines,VCT,False,General government revenue,223.045,USD million
2021,St. Vincent and the Grenadines,VCT,False,General government revenue,253.13,USD million
2022,St. Vincent and the Grenadines,VCT,False,General government revenue,232.774,USD million
2023,St. Vincent and the Grenadines,VCT,True,General government revenue,242.605,USD million
2024,St. Vincent and the Grenadines,VCT,True,General government revenue,275.38,USD million
2025,St. Vincent and the Grenadines,VCT,True,General government revenue,280.799,USD million
2026,St. Vincent and the Grenadines,VCT,True,General government revenue,289.918,USD million
2027,St. Vincent and the Grenadines,VCT,True,General government revenue,298.486,USD million
2028,St. Vincent and the Grenadines,VCT,True,General government revenue,306.969,USD million
2015,Venezuela,VEN,False,General government revenue,,USD million
2016,Venezuela,VEN,False,General government revenue,,USD million
2017,Venezuela,VEN,True,General government revenue,,USD million
2018,Venezuela,VEN,True,General government revenue,,USD million
2019,Venezuela,VEN,True,General government revenue,,USD million
2020,Venezuela,VEN,True,General government revenue,,USD million
2021,Venezuela,VEN,True,General government revenue,,USD million
2022,Venezuela,VEN,True,General government revenue,,USD million
2023,Venezuela,VEN,True,General government revenue,,USD million
2015,Vietnam,VNM,False,General government revenue,45440.96,USD million
2016,Vietnam,VNM,False,General government revenue,48170.262,USD million
2017,Vietnam,VNM,False,General government revenue,52858.886,USD million
2018,Vietnam,VNM,False,General government revenue,56497.295,USD million
2019,Vietnam,VNM,False,General government revenue,60517.57,USD million
2020,Vietnam,VNM,False,General government revenue,58966.286,USD million
2021,Vietnam,VNM,False,General government revenue,61467.515,USD million
2022,Vietnam,VNM,True,General government revenue,67591.451,USD million
2023,Vietnam,VNM,True,General government revenue,63704.7,USD million
2024,Vietnam,VNM,True,General government revenue,69810.615,USD million
2025,Vietnam,VNM,True,General government revenue,77424.142,USD million
2026,Vietnam,VNM,True,General government revenue,84161.81,USD million
2027,Vietnam,VNM,True,General government revenue,90178.829,USD million
2028,Vietnam,VNM,True,General government revenue,95578.377,USD million
2015,Vanuatu,VUT,False,General government revenue,261.092,USD million
2016,Vanuatu,VUT,False,General government revenue,276.691,USD million
2017,Vanuatu,VUT,False,General government revenue,297.574,USD million
2018,Vanuatu,VUT,False,General government revenue,336.651,USD million
2019,Vanuatu,VUT,False,General government revenue,375.035,USD million
2020,Vanuatu,VUT,False,General government revenue,346.265,USD million
2021,Vanuatu,VUT,False,General government revenue,384.839,USD million
2022,Vanuatu,VUT,True,General government revenue,307.653,USD million
2023,Vanuatu,VUT,True,General government revenue,336.992,USD million
2024,Vanuatu,VUT,True,General government revenue,280.853,USD million
2025,Vanuatu,VUT,True,General government revenue,279.743,USD million
2026,Vanuatu,VUT,True,General government revenue,272.77,USD million
2027,Vanuatu,VUT,True,General government revenue,268.292,USD million
2028,Vanuatu,VUT,True,General government revenue,279.138,USD million
2015,Samoa,WSM,False,General government revenue,220.395,USD million
2016,Samoa,WSM,False,General government revenue,240.257,USD million
2017,Samoa,WSM,False,General government revenue,260.745,USD million
2018,Samoa,WSM,False,General government revenue,269.248,USD million
2019,Samoa,WSM,False,General government revenue,311.494,USD million
2020,Samoa,WSM,False,General government revenue,325.896,USD million
2021,Samoa,WSM,False,General government revenue,307.527,USD million
2022,Samoa,WSM,False,General government revenue,307.331,USD million
2023,Samoa,WSM,True,General government revenue,295.088,USD million
2024,Samoa,WSM,True,General government revenue,320.392,USD million
2025,Samoa,WSM,True,General government revenue,326.989,USD million
2026,Samoa,WSM,True,General government revenue,334.638,USD million
2027,Samoa,WSM,True,General government revenue,341.742,USD million
2028,Samoa,WSM,True,General government revenue,348.522,USD million
2015,Kosovo,XKX,False,General government revenue,1616.12,USD million
2016,Kosovo,XKX,False,General government revenue,1779.52,USD million
2017,Kosovo,XKX,False,General government revenue,1863.946,USD million
2018,Kosovo,XKX,False,General government revenue,1916.835,USD million
2019,Kosovo,XKX,False,General government revenue,2037.555,USD million
2020,Kosovo,XKX,False,General government revenue,1832.147,USD million
2021,Kosovo,XKX,False,General government revenue,2199.133,USD million
2022,Kosovo,XKX,False,General government revenue,2318.08,USD million
2023,Kosovo,XKX,True,General government revenue,2525.911,USD million
2024,Kosovo,XKX,True,General government revenue,2615.348,USD million
2025,Kosovo,XKX,True,General government revenue,2677.889,USD million
2026,Kosovo,XKX,True,General government revenue,2784.721,USD million
2027,Kosovo,XKX,True,General government revenue,2893.114,USD million
2028,Kosovo,XKX,True,General government revenue,3004.642,USD million
2015,Yemen,YEM,False,General government revenue,4533.019,USD million
2016,Yemen,YEM,False,General government revenue,2908.325,USD million
2017,Yemen,YEM,False,General government revenue,1273.607,USD million
2018,Yemen,YEM,False,General government revenue,2360.732,USD million
2019,Yemen,YEM,False,General government revenue,2750.237,USD million
2020,Yemen,YEM,False,General government revenue,2125.352,USD million
2021,Yemen,YEM,False,General government revenue,2484.497,USD million
2022,Yemen,YEM,True,General government revenue,3280.158,USD million
2023,Yemen,YEM,True,General government revenue,2039.811,USD million
2024,Yemen,YEM,True,General government revenue,2477.106,USD million
2025,Yemen,YEM,True,General government revenue,2245.254,USD million
2026,Yemen,YEM,True,General government revenue,4002.459,USD million
2027,Yemen,YEM,True,General government revenue,6663.467,USD million
2028,Yemen,YEM,True,General government revenue,6949.073,USD million
2015,South Africa,ZAF,False,General government revenue,89404.388,USD million
2016,South Africa,ZAF,False,General government revenue,91373.601,USD million
2017,South Africa,ZAF,False,General government revenue,91231.303,USD million
2018,South Africa,ZAF,False,General government revenue,94716.266,USD million
2019,South Africa,ZAF,False,General government revenue,94610.37,USD million
2020,South Africa,ZAF,False,General government revenue,84295.405,USD million
2021,South Africa,ZAF,False,General government revenue,95636.754,USD million
2022,South Africa,ZAF,True,General government revenue,99650.521,USD million
2023,South Africa,ZAF,True,General government revenue,97273.791,USD million
2024,South Africa,ZAF,True,General government revenue,98949.418,USD million
2025,South Africa,ZAF,True,General government revenue,100712.629,USD million
2026,South Africa,ZAF,True,General government revenue,102528.328,USD million
2027,South Africa,ZAF,True,General government revenue,104203.331,USD million
2028,South Africa,ZAF,True,General government revenue,105874.238,USD million
2015,Zambia,ZMB,False,General government revenue,3987.686,USD million
2016,Zambia,ZMB,False,General government revenue,4020.791,USD million
2017,Zambia,ZMB,False,General government revenue,3987.797,USD million
2018,Zambia,ZMB,False,General government revenue,4611.418,USD million
2019,Zambia,ZMB,False,General government revenue,4916.06,USD million
2020,Zambia,ZMB,False,General government revenue,4745.191,USD million
2021,Zambia,ZMB,False,General government revenue,5563.621,USD million
2022,Zambia,ZMB,True,General government revenue,5335.788,USD million
2023,Zambia,ZMB,True,General government revenue,5918.396,USD million
2024,Zambia,ZMB,True,General government revenue,6036.431,USD million
2025,Zambia,ZMB,True,General government revenue,6573.754,USD million
2026,Zambia,ZMB,True,General government revenue,6937.301,USD million
2027,Zambia,ZMB,True,General government revenue,7362.989,USD million
2028,Zambia,ZMB,True,General government revenue,7936.934,USD million
2015,Zimbabwe,ZWE,False,General government revenue,3737.074,USD million
2016,Zimbabwe,ZWE,False,General government revenue,3329.984,USD million
2017,Zimbabwe,ZWE,False,General government revenue,3772.837,USD million
2018,Zimbabwe,ZWE,False,General government revenue,3319.505,USD million
2019,Zimbabwe,ZWE,False,General government revenue,2247.625,USD million
2020,Zimbabwe,ZWE,False,General government revenue,2544.359,USD million
2021,Zimbabwe,ZWE,False,General government revenue,3190.56,USD million
2022,Zimbabwe,ZWE,False,General government revenue,3661.459,USD million
2023,Zimbabwe,ZWE,True,General government revenue,3403.8,USD million
2024,Zimbabwe,ZWE,True,General government revenue,3701.176,USD million
2025,Zimbabwe,ZWE,True,General government revenue,3996.558,USD million
2026,Zimbabwe,ZWE,True,General government revenue,4252.138,USD million
2027,Zimbabwe,ZWE,True,General government revenue,4480.509,USD million
2028,Zimbabwe,ZWE,True,General government revenue,4715.931,USD million
