year,iso_code,country,creditor_iso_code,creditor,debt_type,prices,units,value
2015,AFG,Afghanistan,,Asian Dev. Bank   ,Multilateral,constant,USD million,0.147
2016,AFG,Afghanistan,,Asian Dev. Bank   ,Multilateral,constant,USD million,9.6258
2015,AFG,Afghanistan,,Islamic Dev. Bank,Multilateral,constant,USD million,3.7622
2023,AFG,Afghanistan,,Islamic Dev. Bank,Multilateral,constant,USD million,9.2094
2024,AFG,Afghanistan,,Islamic Dev. Bank,Multilateral,constant,USD million,
2025,AFG,Afghanistan,,Islamic Dev. Bank,Multilateral,constant,USD million,
2015,ALB,Albania,,Council of Europe,Multilateral,constant,USD million,0.1664
2016,ALB,Albania,,Council of Europe,Multilateral,constant,USD million,1.6467
2017,ALB,Albania,,Council of Europe,Multilateral,constant,USD million,9.0911
2018,ALB,Albania,,Council of Europe,Multilateral,constant,USD million,13.664
2019,ALB,Albania,,Council of Europe,Multilateral,constant,USD million,12.8252
2020,ALB,Albania,,Council of Europe,Multilateral,constant,USD million,3.7694
2022,ALB,Albania,,Council of Europe,Multilateral,constant,USD million,48.6251
2023,ALB,Albania,,Council of Europe,Multilateral,constant,USD million,0.5124
2024,ALB,Albania,,Council of Europe,Multilateral,constant,USD million,0.4621
2015,ALB,Albania,,European Bank for Reconstruction and Dev. (EBRD),Multilateral,constant,USD million,15.0937
2016,ALB,Albania,,European Bank for Reconstruction and Dev. (EBRD),Multilateral,constant,USD million,1.8706
2017,ALB,Albania,,European Bank for Reconstruction and Dev. (EBRD),Multilateral,constant,USD million,2.1554
2018,ALB,Albania,,European Bank for Reconstruction and Dev. (EBRD),Multilateral,constant,USD million,117.7404
2019,ALB,Albania,,European Bank for Reconstruction and Dev. (EBRD),Multilateral,constant,USD million,9.7811
2020,ALB,Albania,,European Bank for Reconstruction and Dev. (EBRD),Multilateral,constant,USD million,103.0013
2021,ALB,Albania,,European Bank for Reconstruction and Dev. (EBRD),Multilateral,constant,USD million,15.7514
2022,ALB,Albania,,European Bank for Reconstruction and Dev. (EBRD),Multilateral,constant,USD million,52.7649
2023,ALB,Albania,,European Bank for Reconstruction and Dev. (EBRD),Multilateral,constant,USD million,56.1422
2024,ALB,Albania,,European Bank for Reconstruction and Dev. (EBRD),Multilateral,constant,USD million,52.0793
2025,ALB,Albania,,European Bank for Reconstruction and Dev. (EBRD),Multilateral,constant,USD million,28.2839
2015,ALB,Albania,,European Investment Bank,Multilateral,constant,USD million,11.0958
2016,ALB,Albania,,European Investment Bank,Multilateral,constant,USD million,4.6217
2017,ALB,Albania,,European Investment Bank,Multilateral,constant,USD million,0.1216
2020,ALB,Albania,,European Investment Bank,Multilateral,constant,USD million,20.7316
2021,ALB,Albania,,European Investment Bank,Multilateral,constant,USD million,7.1896
2023,ALB,Albania,,European Investment Bank,Multilateral,constant,USD million,6.523
2024,ALB,Albania,,European Investment Bank,Multilateral,constant,USD million,20.0077
2025,ALB,Albania,,European Investment Bank,Multilateral,constant,USD million,14.319
2021,ALB,Albania,,European Union,Multilateral,constant,USD million,161.7651
2015,ALB,Albania,,International Fund for Agricultural Dev.,Multilateral,constant,USD million,0.4883
2017,ALB,Albania,,International Fund for Agricultural Dev.,Multilateral,constant,USD million,0.0805
2015,ALB,Albania,,Islamic Dev. Bank,Multilateral,constant,USD million,5.0809
2016,ALB,Albania,,Islamic Dev. Bank,Multilateral,constant,USD million,21.1562
2017,ALB,Albania,,Islamic Dev. Bank,Multilateral,constant,USD million,29.334
2018,ALB,Albania,,Islamic Dev. Bank,Multilateral,constant,USD million,14.2396
2019,ALB,Albania,,Islamic Dev. Bank,Multilateral,constant,USD million,15.8941
2020,ALB,Albania,,Islamic Dev. Bank,Multilateral,constant,USD million,9.3816
2021,ALB,Albania,,Islamic Dev. Bank,Multilateral,constant,USD million,15.9216
2022,ALB,Albania,,Islamic Dev. Bank,Multilateral,constant,USD million,8.9696
2023,ALB,Albania,,Islamic Dev. Bank,Multilateral,constant,USD million,7.3824
2024,ALB,Albania,,Islamic Dev. Bank,Multilateral,constant,USD million,12.9693
2025,ALB,Albania,,Islamic Dev. Bank,Multilateral,constant,USD million,7.3814
2015,ALB,Albania,,OPEC Fund for International Dev.,Multilateral,constant,USD million,2.763
2016,ALB,Albania,,OPEC Fund for International Dev.,Multilateral,constant,USD million,0.2103
2018,ALB,Albania,,OPEC Fund for International Dev.,Multilateral,constant,USD million,3.3654
2019,ALB,Albania,,OPEC Fund for International Dev.,Multilateral,constant,USD million,6.9832
2020,ALB,Albania,,OPEC Fund for International Dev.,Multilateral,constant,USD million,0.2262
2021,ALB,Albania,,OPEC Fund for International Dev.,Multilateral,constant,USD million,1.358
2022,ALB,Albania,,OPEC Fund for International Dev.,Multilateral,constant,USD million,0.7505
2015,ALB,Albania,,World Bank-IBRD                         ,Multilateral,constant,USD million,23.964
2016,ALB,Albania,,World Bank-IBRD                         ,Multilateral,constant,USD million,37.4789
2017,ALB,Albania,,World Bank-IBRD                         ,Multilateral,constant,USD million,250.2595
2018,ALB,Albania,,World Bank-IBRD                         ,Multilateral,constant,USD million,73.5661
2019,ALB,Albania,,World Bank-IBRD                         ,Multilateral,constant,USD million,82.3452
2020,ALB,Albania,,World Bank-IBRD                         ,Multilateral,constant,USD million,52.6083
2021,ALB,Albania,,World Bank-IBRD                         ,Multilateral,constant,USD million,103.4402
2022,ALB,Albania,,World Bank-IBRD                         ,Multilateral,constant,USD million,38.112
2023,ALB,Albania,,World Bank-IBRD                         ,Multilateral,constant,USD million,38.2925
2024,ALB,Albania,,World Bank-IBRD                         ,Multilateral,constant,USD million,30.2943
2025,ALB,Albania,,World Bank-IBRD                         ,Multilateral,constant,USD million,25.2007
2016,DZA,Algeria,,African Dev. Bank         ,Multilateral,constant,USD million,1059.7665
2016,AGO,Angola,,African Dev. Bank         ,Multilateral,constant,USD million,450.2335
2017,AGO,Angola,,African Dev. Bank         ,Multilateral,constant,USD million,111.9552
2018,AGO,Angola,,African Dev. Bank         ,Multilateral,constant,USD million,7.9965
2019,AGO,Angola,,African Dev. Bank         ,Multilateral,constant,USD million,19.1308
2020,AGO,Angola,,African Dev. Bank         ,Multilateral,constant,USD million,349.4775
2021,AGO,Angola,,African Dev. Bank         ,Multilateral,constant,USD million,61.6034
2022,AGO,Angola,,African Dev. Bank         ,Multilateral,constant,USD million,45.0684
2023,AGO,Angola,,African Dev. Bank         ,Multilateral,constant,USD million,116.8266
2024,AGO,Angola,,African Dev. Bank         ,Multilateral,constant,USD million,260.6035
2025,AGO,Angola,,African Dev. Bank         ,Multilateral,constant,USD million,191.2889
2021,AGO,Angola,,African Export-Import Bank,Multilateral,constant,USD million,148.89
2021,AGO,Angola,,European Investment Bank,Multilateral,constant,USD million,1.39
2022,AGO,Angola,,European Investment Bank,Multilateral,constant,USD million,3.1581
2023,AGO,Angola,,European Investment Bank,Multilateral,constant,USD million,46.7676
2024,AGO,Angola,,European Investment Bank,Multilateral,constant,USD million,34.778
2025,AGO,Angola,,European Investment Bank,Multilateral,constant,USD million,24.0675
2015,AGO,Angola,,OPEC Fund for International Dev.,Multilateral,constant,USD million,0.761
2016,AGO,Angola,,OPEC Fund for International Dev.,Multilateral,constant,USD million,0.5244
2017,AGO,Angola,,OPEC Fund for International Dev.,Multilateral,constant,USD million,0.2579
2018,AGO,Angola,,OPEC Fund for International Dev.,Multilateral,constant,USD million,0.1575
2023,AGO,Angola,,OPEC Fund for International Dev.,Multilateral,constant,USD million,0.0333
2024,AGO,Angola,,OPEC Fund for International Dev.,Multilateral,constant,USD million,0.022
2015,AGO,Angola,,World Bank-IBRD                         ,Multilateral,constant,USD million,450.0
2017,AGO,Angola,,World Bank-IBRD                         ,Multilateral,constant,USD million,13.5309
2018,AGO,Angola,,World Bank-IBRD                         ,Multilateral,constant,USD million,35.7166
2019,AGO,Angola,,World Bank-IBRD                         ,Multilateral,constant,USD million,829.6643
2020,AGO,Angola,,World Bank-IBRD                         ,Multilateral,constant,USD million,219.1916
2021,AGO,Angola,,World Bank-IBRD                         ,Multilateral,constant,USD million,1175.3839
2022,AGO,Angola,,World Bank-IBRD                         ,Multilateral,constant,USD million,773.1153
2023,AGO,Angola,,World Bank-IBRD                         ,Multilateral,constant,USD million,349.7852
2024,AGO,Angola,,World Bank-IBRD                         ,Multilateral,constant,USD million,360.358
2025,AGO,Angola,,World Bank-IBRD                         ,Multilateral,constant,USD million,352.7287
2015,AGO,Angola,,World Bank-IDA                         ,Multilateral,constant,USD million,9.51
2016,AGO,Angola,,World Bank-IDA                         ,Multilateral,constant,USD million,5.9127
2017,AGO,Angola,,World Bank-IDA                         ,Multilateral,constant,USD million,21.949
2018,AGO,Angola,,World Bank-IDA                         ,Multilateral,constant,USD million,25.5284
2019,AGO,Angola,,World Bank-IDA                         ,Multilateral,constant,USD million,31.6699
2020,AGO,Angola,,World Bank-IDA                         ,Multilateral,constant,USD million,6.1039
2021,AGO,Angola,,World Bank-IDA                         ,Multilateral,constant,USD million,10.3881
2022,AGO,Angola,,World Bank-IDA                         ,Multilateral,constant,USD million,1.5865
2023,AGO,Angola,,World Bank-IDA                         ,Multilateral,constant,USD million,0.0582
2024,AGO,Angola,,World Bank-IDA                         ,Multilateral,constant,USD million,0.0081
2025,AGO,Angola,,World Bank-IDA                         ,Multilateral,constant,USD million,0.0012
2021,ARG,Argentina,,Central American Bank for Econ. Integ. (CABEI),Multilateral,constant,USD million,86.8837
2022,ARG,Argentina,,Central American Bank for Econ. Integ. (CABEI),Multilateral,constant,USD million,52.0928
2023,ARG,Argentina,,Central American Bank for Econ. Integ. (CABEI),Multilateral,constant,USD million,57.1145
2024,ARG,Argentina,,Central American Bank for Econ. Integ. (CABEI),Multilateral,constant,USD million,44.6002
2025,ARG,Argentina,,Central American Bank for Econ. Integ. (CABEI),Multilateral,constant,USD million,28.562
2015,ARG,Argentina,,Corporacion Andina de Fomento,Multilateral,constant,USD million,376.542
2016,ARG,Argentina,,Corporacion Andina de Fomento,Multilateral,constant,USD million,319.9742
2017,ARG,Argentina,,Corporacion Andina de Fomento,Multilateral,constant,USD million,707.1658
2018,ARG,Argentina,,Corporacion Andina de Fomento,Multilateral,constant,USD million,930.5785
2019,ARG,Argentina,,Corporacion Andina de Fomento,Multilateral,constant,USD million,788.9367
2020,ARG,Argentina,,Corporacion Andina de Fomento,Multilateral,constant,USD million,769.788
2021,ARG,Argentina,,Corporacion Andina de Fomento,Multilateral,constant,USD million,876.5874
2022,ARG,Argentina,,Corporacion Andina de Fomento,Multilateral,constant,USD million,777.3091
2023,ARG,Argentina,,Corporacion Andina de Fomento,Multilateral,constant,USD million,662.5214
2024,ARG,Argentina,,Corporacion Andina de Fomento,Multilateral,constant,USD million,458.8615
2025,ARG,Argentina,,Corporacion Andina de Fomento,Multilateral,constant,USD million,246.6776
2018,ARG,Argentina,,European Investment Bank,Multilateral,constant,USD million,84.7576
2019,ARG,Argentina,,European Investment Bank,Multilateral,constant,USD million,21.1264
2020,ARG,Argentina,,European Investment Bank,Multilateral,constant,USD million,29.0003
2021,ARG,Argentina,,European Investment Bank,Multilateral,constant,USD million,33.1368
2022,ARG,Argentina,,European Investment Bank,Multilateral,constant,USD million,102.263
2023,ARG,Argentina,,European Investment Bank,Multilateral,constant,USD million,5.4162
2024,ARG,Argentina,,European Investment Bank,Multilateral,constant,USD million,3.4564
2025,ARG,Argentina,,European Investment Bank,Multilateral,constant,USD million,0.2938
2015,ARG,Argentina,,Inter-American Dev. Bank      ,Multilateral,constant,USD million,751.648
2016,ARG,Argentina,,Inter-American Dev. Bank      ,Multilateral,constant,USD million,1225.9576
2017,ARG,Argentina,,Inter-American Dev. Bank      ,Multilateral,constant,USD million,1265.8129
2018,ARG,Argentina,,Inter-American Dev. Bank      ,Multilateral,constant,USD million,1685.1175
2019,ARG,Argentina,,Inter-American Dev. Bank      ,Multilateral,constant,USD million,1630.6009
2020,ARG,Argentina,,Inter-American Dev. Bank      ,Multilateral,constant,USD million,2284.9058
2021,ARG,Argentina,,Inter-American Dev. Bank      ,Multilateral,constant,USD million,1927.67
2022,ARG,Argentina,,Inter-American Dev. Bank      ,Multilateral,constant,USD million,2431.4721
2023,ARG,Argentina,,Inter-American Dev. Bank      ,Multilateral,constant,USD million,1226.2837
2024,ARG,Argentina,,Inter-American Dev. Bank      ,Multilateral,constant,USD million,1144.4246
2025,ARG,Argentina,,Inter-American Dev. Bank      ,Multilateral,constant,USD million,897.0266
2015,ARG,Argentina,,International Fund for Agricultural Dev.,Multilateral,constant,USD million,10.9948
2016,ARG,Argentina,,International Fund for Agricultural Dev.,Multilateral,constant,USD million,7.7963
2017,ARG,Argentina,,International Fund for Agricultural Dev.,Multilateral,constant,USD million,10.884
2018,ARG,Argentina,,International Fund for Agricultural Dev.,Multilateral,constant,USD million,7.664
2019,ARG,Argentina,,International Fund for Agricultural Dev.,Multilateral,constant,USD million,2.4752
2020,ARG,Argentina,,International Fund for Agricultural Dev.,Multilateral,constant,USD million,3.4109
2021,ARG,Argentina,,International Fund for Agricultural Dev.,Multilateral,constant,USD million,8.7106
2022,ARG,Argentina,,International Fund for Agricultural Dev.,Multilateral,constant,USD million,12.675
2023,ARG,Argentina,,International Fund for Agricultural Dev.,Multilateral,constant,USD million,16.719
2024,ARG,Argentina,,International Fund for Agricultural Dev.,Multilateral,constant,USD million,5.1819
2025,ARG,Argentina,,International Fund for Agricultural Dev.,Multilateral,constant,USD million,3.9412
2017,ARG,Argentina,,OPEC Fund for International Dev.,Multilateral,constant,USD million,20.1465
2018,ARG,Argentina,,OPEC Fund for International Dev.,Multilateral,constant,USD million,25.4732
2019,ARG,Argentina,,OPEC Fund for International Dev.,Multilateral,constant,USD million,59.5131
2020,ARG,Argentina,,OPEC Fund for International Dev.,Multilateral,constant,USD million,24.2805
2021,ARG,Argentina,,OPEC Fund for International Dev.,Multilateral,constant,USD million,42.1881
2022,ARG,Argentina,,OPEC Fund for International Dev.,Multilateral,constant,USD million,31.0051
2023,ARG,Argentina,,OPEC Fund for International Dev.,Multilateral,constant,USD million,12.036
2024,ARG,Argentina,,OPEC Fund for International Dev.,Multilateral,constant,USD million,4.963
2025,ARG,Argentina,,OPEC Fund for International Dev.,Multilateral,constant,USD million,4.7992
2015,ARG,Argentina,,Plata Basin Financial Dev. Fund,Multilateral,constant,USD million,40.203
2016,ARG,Argentina,,Plata Basin Financial Dev. Fund,Multilateral,constant,USD million,12.273
2017,ARG,Argentina,,Plata Basin Financial Dev. Fund,Multilateral,constant,USD million,44.7092
2018,ARG,Argentina,,Plata Basin Financial Dev. Fund,Multilateral,constant,USD million,78.8385
2019,ARG,Argentina,,Plata Basin Financial Dev. Fund,Multilateral,constant,USD million,129.8215
2020,ARG,Argentina,,Plata Basin Financial Dev. Fund,Multilateral,constant,USD million,151.5407
2021,ARG,Argentina,,Plata Basin Financial Dev. Fund,Multilateral,constant,USD million,136.4612
2022,ARG,Argentina,,Plata Basin Financial Dev. Fund,Multilateral,constant,USD million,125.7855
2023,ARG,Argentina,,Plata Basin Financial Dev. Fund,Multilateral,constant,USD million,131.5334
2024,ARG,Argentina,,Plata Basin Financial Dev. Fund,Multilateral,constant,USD million,67.3521
2025,ARG,Argentina,,Plata Basin Financial Dev. Fund,Multilateral,constant,USD million,31.9905
2015,ARG,Argentina,,World Bank-IBRD                         ,Multilateral,constant,USD million,573.926
2016,ARG,Argentina,,World Bank-IBRD                         ,Multilateral,constant,USD million,1059.0239
2017,ARG,Argentina,,World Bank-IBRD                         ,Multilateral,constant,USD million,906.1099
2018,ARG,Argentina,,World Bank-IBRD                         ,Multilateral,constant,USD million,1503.4771
2019,ARG,Argentina,,World Bank-IBRD                         ,Multilateral,constant,USD million,1051.0226
2020,ARG,Argentina,,World Bank-IBRD                         ,Multilateral,constant,USD million,1510.4962
2021,ARG,Argentina,,World Bank-IBRD                         ,Multilateral,constant,USD million,1504.8395
2022,ARG,Argentina,,World Bank-IBRD                         ,Multilateral,constant,USD million,1020.5661
2023,ARG,Argentina,,World Bank-IBRD                         ,Multilateral,constant,USD million,987.0841
2024,ARG,Argentina,,World Bank-IBRD                         ,Multilateral,constant,USD million,773.1959
2025,ARG,Argentina,,World Bank-IBRD                         ,Multilateral,constant,USD million,656.3921
2015,ARM,Armenia,,Asian Dev. Bank   ,Multilateral,constant,USD million,60.826
2016,ARM,Armenia,,Asian Dev. Bank   ,Multilateral,constant,USD million,118.9297
2017,ARM,Armenia,,Asian Dev. Bank   ,Multilateral,constant,USD million,125.2894
2018,ARM,Armenia,,Asian Dev. Bank   ,Multilateral,constant,USD million,86.474
2019,ARM,Armenia,,Asian Dev. Bank   ,Multilateral,constant,USD million,79.6581
2020,ARM,Armenia,,Asian Dev. Bank   ,Multilateral,constant,USD million,18.2256
2021,ARM,Armenia,,Asian Dev. Bank   ,Multilateral,constant,USD million,43.5632
2022,ARM,Armenia,,Asian Dev. Bank   ,Multilateral,constant,USD million,105.4332
2023,ARM,Armenia,,Asian Dev. Bank   ,Multilateral,constant,USD million,55.263
2024,ARM,Armenia,,Asian Dev. Bank   ,Multilateral,constant,USD million,36.7998
2025,ARM,Armenia,,Asian Dev. Bank   ,Multilateral,constant,USD million,11.8724
2015,ARM,Armenia,,Eurasian Development Bank,Multilateral,constant,USD million,100.0
2016,ARM,Armenia,,Eurasian Development Bank,Multilateral,constant,USD million,105.2741
2017,ARM,Armenia,,Eurasian Development Bank,Multilateral,constant,USD million,98.8581
2018,ARM,Armenia,,Eurasian Development Bank,Multilateral,constant,USD million,0.9967
2019,ARM,Armenia,,Eurasian Development Bank,Multilateral,constant,USD million,3.6521
2020,ARM,Armenia,,Eurasian Development Bank,Multilateral,constant,USD million,7.0929
2021,ARM,Armenia,,Eurasian Development Bank,Multilateral,constant,USD million,6.5701
2022,ARM,Armenia,,Eurasian Development Bank,Multilateral,constant,USD million,5.4236
2023,ARM,Armenia,,Eurasian Development Bank,Multilateral,constant,USD million,22.8281
2024,ARM,Armenia,,Eurasian Development Bank,Multilateral,constant,USD million,38.5838
2025,ARM,Armenia,,Eurasian Development Bank,Multilateral,constant,USD million,23.2239
2015,ARM,Armenia,,European Bank for Reconstruction and Dev. (EBRD),Multilateral,constant,USD million,1.5443
2016,ARM,Armenia,,European Bank for Reconstruction and Dev. (EBRD),Multilateral,constant,USD million,4.2825
2017,ARM,Armenia,,European Bank for Reconstruction and Dev. (EBRD),Multilateral,constant,USD million,3.5859
2018,ARM,Armenia,,European Bank for Reconstruction and Dev. (EBRD),Multilateral,constant,USD million,1.8402
2019,ARM,Armenia,,European Bank for Reconstruction and Dev. (EBRD),Multilateral,constant,USD million,2.3342
2020,ARM,Armenia,,European Bank for Reconstruction and Dev. (EBRD),Multilateral,constant,USD million,2.7279
2021,ARM,Armenia,,European Bank for Reconstruction and Dev. (EBRD),Multilateral,constant,USD million,4.8752
2022,ARM,Armenia,,European Bank for Reconstruction and Dev. (EBRD),Multilateral,constant,USD million,6.3947
2023,ARM,Armenia,,European Bank for Reconstruction and Dev. (EBRD),Multilateral,constant,USD million,13.367
2024,ARM,Armenia,,European Bank for Reconstruction and Dev. (EBRD),Multilateral,constant,USD million,10.9077
2025,ARM,Armenia,,European Bank for Reconstruction and Dev. (EBRD),Multilateral,constant,USD million,6.062
2015,ARM,Armenia,,European Investment Bank,Multilateral,constant,USD million,88.4862
2016,ARM,Armenia,,European Investment Bank,Multilateral,constant,USD million,33.0223
2017,ARM,Armenia,,European Investment Bank,Multilateral,constant,USD million,66.4548
2018,ARM,Armenia,,European Investment Bank,Multilateral,constant,USD million,6.2385
2020,ARM,Armenia,,European Investment Bank,Multilateral,constant,USD million,22.2558
2021,ARM,Armenia,,European Investment Bank,Multilateral,constant,USD million,43.6662
2022,ARM,Armenia,,European Investment Bank,Multilateral,constant,USD million,13.838
2023,ARM,Armenia,,European Investment Bank,Multilateral,constant,USD million,9.6463
2024,ARM,Armenia,,European Investment Bank,Multilateral,constant,USD million,9.4406
2025,ARM,Armenia,,European Investment Bank,Multilateral,constant,USD million,5.8551
2016,ARM,Armenia,,International Fund for Agricultural Dev.,Multilateral,constant,USD million,2.0125
2017,ARM,Armenia,,International Fund for Agricultural Dev.,Multilateral,constant,USD million,0.8548
2018,ARM,Armenia,,International Fund for Agricultural Dev.,Multilateral,constant,USD million,1.5134
2019,ARM,Armenia,,International Fund for Agricultural Dev.,Multilateral,constant,USD million,2.2924
2020,ARM,Armenia,,International Fund for Agricultural Dev.,Multilateral,constant,USD million,2.8284
2021,ARM,Armenia,,International Fund for Agricultural Dev.,Multilateral,constant,USD million,0.2104
2022,ARM,Armenia,,International Fund for Agricultural Dev.,Multilateral,constant,USD million,0.0039
2015,ARM,Armenia,,OPEC Fund for International Dev.,Multilateral,constant,USD million,7.876
2016,ARM,Armenia,,OPEC Fund for International Dev.,Multilateral,constant,USD million,18.2716
2017,ARM,Armenia,,OPEC Fund for International Dev.,Multilateral,constant,USD million,5.3267
2018,ARM,Armenia,,OPEC Fund for International Dev.,Multilateral,constant,USD million,2.1874
2019,ARM,Armenia,,OPEC Fund for International Dev.,Multilateral,constant,USD million,0.5795
2020,ARM,Armenia,,OPEC Fund for International Dev.,Multilateral,constant,USD million,0.3652
2021,ARM,Armenia,,OPEC Fund for International Dev.,Multilateral,constant,USD million,0.0656
2015,ARM,Armenia,,World Bank-IBRD                         ,Multilateral,constant,USD million,101.705
2016,ARM,Armenia,,World Bank-IBRD                         ,Multilateral,constant,USD million,135.3895
2017,ARM,Armenia,,World Bank-IBRD                         ,Multilateral,constant,USD million,35.2562
2018,ARM,Armenia,,World Bank-IBRD                         ,Multilateral,constant,USD million,49.9979
2019,ARM,Armenia,,World Bank-IBRD                         ,Multilateral,constant,USD million,84.2073
2020,ARM,Armenia,,World Bank-IBRD                         ,Multilateral,constant,USD million,25.5834
2021,ARM,Armenia,,World Bank-IBRD                         ,Multilateral,constant,USD million,42.1121
2022,ARM,Armenia,,World Bank-IBRD                         ,Multilateral,constant,USD million,17.1992
2023,ARM,Armenia,,World Bank-IBRD                         ,Multilateral,constant,USD million,25.8609
2024,ARM,Armenia,,World Bank-IBRD                         ,Multilateral,constant,USD million,21.9092
2025,ARM,Armenia,,World Bank-IBRD                         ,Multilateral,constant,USD million,17.1866
2015,ARM,Armenia,,World Bank-IDA                         ,Multilateral,constant,USD million,11.668
2016,ARM,Armenia,,World Bank-IDA                         ,Multilateral,constant,USD million,17.9247
2017,ARM,Armenia,,World Bank-IDA                         ,Multilateral,constant,USD million,9.9305
2018,ARM,Armenia,,World Bank-IDA                         ,Multilateral,constant,USD million,10.8054
2019,ARM,Armenia,,World Bank-IDA                         ,Multilateral,constant,USD million,4.9085
2020,ARM,Armenia,,World Bank-IDA                         ,Multilateral,constant,USD million,8.9416
2021,ARM,Armenia,,World Bank-IDA                         ,Multilateral,constant,USD million,2.9523
2022,ARM,Armenia,,World Bank-IDA                         ,Multilateral,constant,USD million,2.8527
2023,ARM,Armenia,,World Bank-IDA                         ,Multilateral,constant,USD million,1.0935
2024,ARM,Armenia,,World Bank-IDA                         ,Multilateral,constant,USD million,0.6956
2025,ARM,Armenia,,World Bank-IDA                         ,Multilateral,constant,USD million,0.3751
2015,AZE,Azerbaijan,,Asian Dev. Bank   ,Multilateral,constant,USD million,189.133
2016,AZE,Azerbaijan,,Asian Dev. Bank   ,Multilateral,constant,USD million,1053.1868
2017,AZE,Azerbaijan,,Asian Dev. Bank   ,Multilateral,constant,USD million,405.7747
2018,AZE,Azerbaijan,,Asian Dev. Bank   ,Multilateral,constant,USD million,699.2472
2019,AZE,Azerbaijan,,Asian Dev. Bank   ,Multilateral,constant,USD million,482.4621
2020,AZE,Azerbaijan,,Asian Dev. Bank   ,Multilateral,constant,USD million,116.0875
2021,AZE,Azerbaijan,,Asian Dev. Bank   ,Multilateral,constant,USD million,303.6673
2022,AZE,Azerbaijan,,Asian Dev. Bank   ,Multilateral,constant,USD million,16.2906
2023,AZE,Azerbaijan,,Asian Dev. Bank   ,Multilateral,constant,USD million,26.9055
2024,AZE,Azerbaijan,,Asian Dev. Bank   ,Multilateral,constant,USD million,19.6245
2017,AZE,Azerbaijan,,Asian Infrastructure Investment Bank,Multilateral,constant,USD million,149.2276
2018,AZE,Azerbaijan,,Asian Infrastructure Investment Bank,Multilateral,constant,USD million,259.3092
2019,AZE,Azerbaijan,,Asian Infrastructure Investment Bank,Multilateral,constant,USD million,157.0979
2020,AZE,Azerbaijan,,Asian Infrastructure Investment Bank,Multilateral,constant,USD million,125.5217
2021,AZE,Azerbaijan,,Asian Infrastructure Investment Bank,Multilateral,constant,USD million,98.7424
2015,AZE,Azerbaijan,,European Bank for Reconstruction and Dev. (EBRD),Multilateral,constant,USD million,4.773
2016,AZE,Azerbaijan,,European Bank for Reconstruction and Dev. (EBRD),Multilateral,constant,USD million,55.086
2017,AZE,Azerbaijan,,European Bank for Reconstruction and Dev. (EBRD),Multilateral,constant,USD million,336.6264
2018,AZE,Azerbaijan,,European Bank for Reconstruction and Dev. (EBRD),Multilateral,constant,USD million,494.5303
2019,AZE,Azerbaijan,,European Bank for Reconstruction and Dev. (EBRD),Multilateral,constant,USD million,169.1215
2020,AZE,Azerbaijan,,European Bank for Reconstruction and Dev. (EBRD),Multilateral,constant,USD million,149.022
2021,AZE,Azerbaijan,,European Bank for Reconstruction and Dev. (EBRD),Multilateral,constant,USD million,57.5026
2022,AZE,Azerbaijan,,European Bank for Reconstruction and Dev. (EBRD),Multilateral,constant,USD million,37.2231
2023,AZE,Azerbaijan,,European Bank for Reconstruction and Dev. (EBRD),Multilateral,constant,USD million,42.2657
2024,AZE,Azerbaijan,,European Bank for Reconstruction and Dev. (EBRD),Multilateral,constant,USD million,7.3174
2025,AZE,Azerbaijan,,European Bank for Reconstruction and Dev. (EBRD),Multilateral,constant,USD million,4.3445
2023,AZE,Azerbaijan,,International Fund for Agricultural Dev.,Multilateral,constant,USD million,0.4504
2024,AZE,Azerbaijan,,International Fund for Agricultural Dev.,Multilateral,constant,USD million,0.2963
2015,AZE,Azerbaijan,,Islamic Dev. Bank,Multilateral,constant,USD million,66.9609
2016,AZE,Azerbaijan,,Islamic Dev. Bank,Multilateral,constant,USD million,82.8693
2017,AZE,Azerbaijan,,Islamic Dev. Bank,Multilateral,constant,USD million,27.8135
2018,AZE,Azerbaijan,,Islamic Dev. Bank,Multilateral,constant,USD million,12.3671
2019,AZE,Azerbaijan,,Islamic Dev. Bank,Multilateral,constant,USD million,52.085
2020,AZE,Azerbaijan,,Islamic Dev. Bank,Multilateral,constant,USD million,56.2512
2021,AZE,Azerbaijan,,Islamic Dev. Bank,Multilateral,constant,USD million,29.5822
2023,AZE,Azerbaijan,,Islamic Dev. Bank,Multilateral,constant,USD million,9.6488
2024,AZE,Azerbaijan,,Islamic Dev. Bank,Multilateral,constant,USD million,3.2765
2025,AZE,Azerbaijan,,Islamic Dev. Bank,Multilateral,constant,USD million,3.2211
2015,AZE,Azerbaijan,,World Bank-IBRD                         ,Multilateral,constant,USD million,304.388
2016,AZE,Azerbaijan,,World Bank-IBRD                         ,Multilateral,constant,USD million,352.1174
2017,AZE,Azerbaijan,,World Bank-IBRD                         ,Multilateral,constant,USD million,675.3233
2018,AZE,Azerbaijan,,World Bank-IBRD                         ,Multilateral,constant,USD million,99.9847
2019,AZE,Azerbaijan,,World Bank-IBRD                         ,Multilateral,constant,USD million,82.887
2020,AZE,Azerbaijan,,World Bank-IBRD                         ,Multilateral,constant,USD million,25.0803
2021,AZE,Azerbaijan,,World Bank-IBRD                         ,Multilateral,constant,USD million,26.613
2022,AZE,Azerbaijan,,World Bank-IBRD                         ,Multilateral,constant,USD million,33.7459
2023,AZE,Azerbaijan,,World Bank-IBRD                         ,Multilateral,constant,USD million,31.9674
2024,AZE,Azerbaijan,,World Bank-IBRD                         ,Multilateral,constant,USD million,25.2121
2025,AZE,Azerbaijan,,World Bank-IBRD                         ,Multilateral,constant,USD million,19.6505
2015,AZE,Azerbaijan,,World Bank-IDA                         ,Multilateral,constant,USD million,8.163
2016,AZE,Azerbaijan,,World Bank-IDA                         ,Multilateral,constant,USD million,9.1231
2017,AZE,Azerbaijan,,World Bank-IDA                         ,Multilateral,constant,USD million,4.1212
2015,BGD,Bangladesh,,Asian Dev. Bank   ,Multilateral,constant,USD million,410.877
2016,BGD,Bangladesh,,Asian Dev. Bank   ,Multilateral,constant,USD million,613.3131
2017,BGD,Bangladesh,,Asian Dev. Bank   ,Multilateral,constant,USD million,633.0905
2018,BGD,Bangladesh,,Asian Dev. Bank   ,Multilateral,constant,USD million,811.4823
2019,BGD,Bangladesh,,Asian Dev. Bank   ,Multilateral,constant,USD million,1096.2525
2020,BGD,Bangladesh,,Asian Dev. Bank   ,Multilateral,constant,USD million,1352.1868
2021,BGD,Bangladesh,,Asian Dev. Bank   ,Multilateral,constant,USD million,1990.5093
2022,BGD,Bangladesh,,Asian Dev. Bank   ,Multilateral,constant,USD million,1128.5765
2023,BGD,Bangladesh,,Asian Dev. Bank   ,Multilateral,constant,USD million,1414.6925
2024,BGD,Bangladesh,,Asian Dev. Bank   ,Multilateral,constant,USD million,1119.4994
2025,BGD,Bangladesh,,Asian Dev. Bank   ,Multilateral,constant,USD million,700.2649
2017,BGD,Bangladesh,,Asian Infrastructure Investment Bank,Multilateral,constant,USD million,59.2201
2018,BGD,Bangladesh,,Asian Infrastructure Investment Bank,Multilateral,constant,USD million,33.7156
2019,BGD,Bangladesh,,Asian Infrastructure Investment Bank,Multilateral,constant,USD million,40.9516
2020,BGD,Bangladesh,,Asian Infrastructure Investment Bank,Multilateral,constant,USD million,225.2804
2021,BGD,Bangladesh,,Asian Infrastructure Investment Bank,Multilateral,constant,USD million,39.1003
2022,BGD,Bangladesh,,Asian Infrastructure Investment Bank,Multilateral,constant,USD million,518.1503
2023,BGD,Bangladesh,,Asian Infrastructure Investment Bank,Multilateral,constant,USD million,419.7694
2024,BGD,Bangladesh,,Asian Infrastructure Investment Bank,Multilateral,constant,USD million,484.0801
2025,BGD,Bangladesh,,Asian Infrastructure Investment Bank,Multilateral,constant,USD million,302.6036
2016,BGD,Bangladesh,,European Investment Bank,Multilateral,constant,USD million,12.5331
2017,BGD,Bangladesh,,European Investment Bank,Multilateral,constant,USD million,20.5217
2018,BGD,Bangladesh,,European Investment Bank,Multilateral,constant,USD million,12.6294
2019,BGD,Bangladesh,,European Investment Bank,Multilateral,constant,USD million,64.8245
2020,BGD,Bangladesh,,European Investment Bank,Multilateral,constant,USD million,13.1847
2021,BGD,Bangladesh,,European Investment Bank,Multilateral,constant,USD million,19.478
2022,BGD,Bangladesh,,European Investment Bank,Multilateral,constant,USD million,21.063
2023,BGD,Bangladesh,,European Investment Bank,Multilateral,constant,USD million,54.966
2024,BGD,Bangladesh,,European Investment Bank,Multilateral,constant,USD million,152.442
2025,BGD,Bangladesh,,European Investment Bank,Multilateral,constant,USD million,98.5399
2015,BGD,Bangladesh,,International Fund for Agricultural Dev.,Multilateral,constant,USD million,9.5448
2016,BGD,Bangladesh,,International Fund for Agricultural Dev.,Multilateral,constant,USD million,17.7279
2017,BGD,Bangladesh,,International Fund for Agricultural Dev.,Multilateral,constant,USD million,7.0307
2018,BGD,Bangladesh,,International Fund for Agricultural Dev.,Multilateral,constant,USD million,5.2765
2019,BGD,Bangladesh,,International Fund for Agricultural Dev.,Multilateral,constant,USD million,1.5287
2020,BGD,Bangladesh,,International Fund for Agricultural Dev.,Multilateral,constant,USD million,5.2824
2021,BGD,Bangladesh,,International Fund for Agricultural Dev.,Multilateral,constant,USD million,6.0064
2022,BGD,Bangladesh,,International Fund for Agricultural Dev.,Multilateral,constant,USD million,5.6627
2023,BGD,Bangladesh,,International Fund for Agricultural Dev.,Multilateral,constant,USD million,56.2044
2024,BGD,Bangladesh,,International Fund for Agricultural Dev.,Multilateral,constant,USD million,39.6363
2025,BGD,Bangladesh,,International Fund for Agricultural Dev.,Multilateral,constant,USD million,23.7265
2015,BGD,Bangladesh,,Islamic Dev. Bank,Multilateral,constant,USD million,54.8374
2016,BGD,Bangladesh,,Islamic Dev. Bank,Multilateral,constant,USD million,107.0397
2017,BGD,Bangladesh,,Islamic Dev. Bank,Multilateral,constant,USD million,14.5223
2018,BGD,Bangladesh,,Islamic Dev. Bank,Multilateral,constant,USD million,36.4329
2019,BGD,Bangladesh,,Islamic Dev. Bank,Multilateral,constant,USD million,24.8146
2020,BGD,Bangladesh,,Islamic Dev. Bank,Multilateral,constant,USD million,70.2957
2021,BGD,Bangladesh,,Islamic Dev. Bank,Multilateral,constant,USD million,75.4003
2022,BGD,Bangladesh,,Islamic Dev. Bank,Multilateral,constant,USD million,45.2528
2023,BGD,Bangladesh,,Islamic Dev. Bank,Multilateral,constant,USD million,258.5003
2024,BGD,Bangladesh,,Islamic Dev. Bank,Multilateral,constant,USD million,157.329
2025,BGD,Bangladesh,,Islamic Dev. Bank,Multilateral,constant,USD million,71.0102
2021,BGD,Bangladesh,,Multiple Lenders,Multilateral,constant,USD million,38.1275
2022,BGD,Bangladesh,,Multiple Lenders,Multilateral,constant,USD million,123.8541
2023,BGD,Bangladesh,,Nordic Development Fund,Multilateral,constant,USD million,2.0605
2024,BGD,Bangladesh,,Nordic Development Fund,Multilateral,constant,USD million,1.3498
2025,BGD,Bangladesh,,Nordic Development Fund,Multilateral,constant,USD million,0.7206
2015,BGD,Bangladesh,,OPEC Fund for International Dev.,Multilateral,constant,USD million,10.946
2016,BGD,Bangladesh,,OPEC Fund for International Dev.,Multilateral,constant,USD million,35.0546
2017,BGD,Bangladesh,,OPEC Fund for International Dev.,Multilateral,constant,USD million,15.7101
2018,BGD,Bangladesh,,OPEC Fund for International Dev.,Multilateral,constant,USD million,34.0426
2019,BGD,Bangladesh,,OPEC Fund for International Dev.,Multilateral,constant,USD million,20.1504
2020,BGD,Bangladesh,,OPEC Fund for International Dev.,Multilateral,constant,USD million,14.341
2021,BGD,Bangladesh,,OPEC Fund for International Dev.,Multilateral,constant,USD million,73.4129
2022,BGD,Bangladesh,,OPEC Fund for International Dev.,Multilateral,constant,USD million,65.8557
2023,BGD,Bangladesh,,OPEC Fund for International Dev.,Multilateral,constant,USD million,29.9594
2024,BGD,Bangladesh,,OPEC Fund for International Dev.,Multilateral,constant,USD million,34.3974
2025,BGD,Bangladesh,,OPEC Fund for International Dev.,Multilateral,constant,USD million,20.3082
2018,BGD,Bangladesh,,World Bank-IDA                         ,Multilateral,constant,USD million,2.8885
2019,BGD,Bangladesh,,World Bank-IDA                         ,Multilateral,constant,USD million,394.8405
2020,BGD,Bangladesh,,World Bank-IDA                         ,Multilateral,constant,USD million,401.921
2021,BGD,Bangladesh,,World Bank-IDA                         ,Multilateral,constant,USD million,405.4244
2022,BGD,Bangladesh,,World Bank-IDA                         ,Multilateral,constant,USD million,896.9974
2023,BGD,Bangladesh,,World Bank-IDA                         ,Multilateral,constant,USD million,1621.3827
2024,BGD,Bangladesh,,World Bank-IDA                         ,Multilateral,constant,USD million,1210.2195
2025,BGD,Bangladesh,,World Bank-IDA                         ,Multilateral,constant,USD million,887.6127
2015,BLR,Belarus,,Eurasian Development Bank,Multilateral,constant,USD million,30.9482
2016,BLR,Belarus,,Eurasian Development Bank,Multilateral,constant,USD million,1007.0228
2017,BLR,Belarus,,Eurasian Development Bank,Multilateral,constant,USD million,822.9823
2018,BLR,Belarus,,Eurasian Development Bank,Multilateral,constant,USD million,193.5037
2020,BLR,Belarus,,Eurasian Development Bank,Multilateral,constant,USD million,477.1118
2021,BLR,Belarus,,Eurasian Development Bank,Multilateral,constant,USD million,326.9853
2016,BLR,Belarus,,European Bank for Reconstruction and Dev. (EBRD),Multilateral,constant,USD million,0.4432
2017,BLR,Belarus,,European Bank for Reconstruction and Dev. (EBRD),Multilateral,constant,USD million,62.1444
2018,BLR,Belarus,,European Bank for Reconstruction and Dev. (EBRD),Multilateral,constant,USD million,14.3501
2019,BLR,Belarus,,European Bank for Reconstruction and Dev. (EBRD),Multilateral,constant,USD million,24.3401
2020,BLR,Belarus,,European Bank for Reconstruction and Dev. (EBRD),Multilateral,constant,USD million,8.8238
2021,BLR,Belarus,,European Bank for Reconstruction and Dev. (EBRD),Multilateral,constant,USD million,21.8981
2022,BLR,Belarus,,European Bank for Reconstruction and Dev. (EBRD),Multilateral,constant,USD million,135.6859
2023,BLR,Belarus,,European Bank for Reconstruction and Dev. (EBRD),Multilateral,constant,USD million,110.7206
2024,BLR,Belarus,,European Bank for Reconstruction and Dev. (EBRD),Multilateral,constant,USD million,59.5538
2025,BLR,Belarus,,European Bank for Reconstruction and Dev. (EBRD),Multilateral,constant,USD million,22.3186
2022,BLR,Belarus,,European Investment Bank,Multilateral,constant,USD million,9.616
2023,BLR,Belarus,,European Investment Bank,Multilateral,constant,USD million,65.8131
2024,BLR,Belarus,,European Investment Bank,Multilateral,constant,USD million,89.2014
2025,BLR,Belarus,,European Investment Bank,Multilateral,constant,USD million,61.1557
2016,BLR,Belarus,,Nordic Investment Bank,Multilateral,constant,USD million,1.6099
2017,BLR,Belarus,,Nordic Investment Bank,Multilateral,constant,USD million,1.7642
2018,BLR,Belarus,,Nordic Investment Bank,Multilateral,constant,USD million,3.0995
2019,BLR,Belarus,,Nordic Investment Bank,Multilateral,constant,USD million,3.7338
2020,BLR,Belarus,,Nordic Investment Bank,Multilateral,constant,USD million,1.6273
2021,BLR,Belarus,,Nordic Investment Bank,Multilateral,constant,USD million,1.231
2022,BLR,Belarus,,Nordic Investment Bank,Multilateral,constant,USD million,2.9308
2023,BLR,Belarus,,Nordic Investment Bank,Multilateral,constant,USD million,2.0613
2024,BLR,Belarus,,Nordic Investment Bank,Multilateral,constant,USD million,1.3974
2025,BLR,Belarus,,Nordic Investment Bank,Multilateral,constant,USD million,0.85
2021,BLR,Belarus,,OPEC Fund for International Dev.,Multilateral,constant,USD million,17.5736
2015,BLR,Belarus,,World Bank-IBRD                         ,Multilateral,constant,USD million,72.861
2016,BLR,Belarus,,World Bank-IBRD                         ,Multilateral,constant,USD million,154.437
2017,BLR,Belarus,,World Bank-IBRD                         ,Multilateral,constant,USD million,164.9792
2018,BLR,Belarus,,World Bank-IBRD                         ,Multilateral,constant,USD million,143.8874
2019,BLR,Belarus,,World Bank-IBRD                         ,Multilateral,constant,USD million,107.842
2020,BLR,Belarus,,World Bank-IBRD                         ,Multilateral,constant,USD million,97.9444
2021,BLR,Belarus,,World Bank-IBRD                         ,Multilateral,constant,USD million,166.5815
2022,BLR,Belarus,,World Bank-IBRD                         ,Multilateral,constant,USD million,27.2264
2015,BLZ,Belize,,Caribbean Dev. Bank,Multilateral,constant,USD million,18.859
2016,BLZ,Belize,,Caribbean Dev. Bank,Multilateral,constant,USD million,20.5231
2017,BLZ,Belize,,Caribbean Dev. Bank,Multilateral,constant,USD million,23.5022
2018,BLZ,Belize,,Caribbean Dev. Bank,Multilateral,constant,USD million,16.7959
2019,BLZ,Belize,,Caribbean Dev. Bank,Multilateral,constant,USD million,15.0974
2020,BLZ,Belize,,Caribbean Dev. Bank,Multilateral,constant,USD million,15.88
2021,BLZ,Belize,,Caribbean Dev. Bank,Multilateral,constant,USD million,25.1106
2022,BLZ,Belize,,Caribbean Dev. Bank,Multilateral,constant,USD million,16.3543
2023,BLZ,Belize,,Caribbean Dev. Bank,Multilateral,constant,USD million,27.9783
2024,BLZ,Belize,,Caribbean Dev. Bank,Multilateral,constant,USD million,15.6809
2025,BLZ,Belize,,Caribbean Dev. Bank,Multilateral,constant,USD million,7.0987
2015,BLZ,Belize,,Central American Bank for Econ. Integration (BCIE),Multilateral,constant,USD million,4.451
2018,BLZ,Belize,,Central American Bank for Econ. Integration (BCIE),Multilateral,constant,USD million,3.2999
2023,BLZ,Belize,,Central American Bank for Econ. Integration (BCIE),Multilateral,constant,USD million,16.3158
2024,BLZ,Belize,,Central American Bank for Econ. Integration (BCIE),Multilateral,constant,USD million,13.2843
2025,BLZ,Belize,,Central American Bank for Econ. Integration (BCIE),Multilateral,constant,USD million,6.2501
2019,BLZ,Belize,,European Investment Bank,Multilateral,constant,USD million,1.1899
2023,BLZ,Belize,,European Investment Bank,Multilateral,constant,USD million,2.6503
2024,BLZ,Belize,,European Investment Bank,Multilateral,constant,USD million,1.7319
2025,BLZ,Belize,,European Investment Bank,Multilateral,constant,USD million,1.0709
2015,BLZ,Belize,,Inter-American Dev. Bank      ,Multilateral,constant,USD million,8.511
2016,BLZ,Belize,,Inter-American Dev. Bank      ,Multilateral,constant,USD million,4.5691
2017,BLZ,Belize,,Inter-American Dev. Bank      ,Multilateral,constant,USD million,7.5419
2018,BLZ,Belize,,Inter-American Dev. Bank      ,Multilateral,constant,USD million,13.42
2019,BLZ,Belize,,Inter-American Dev. Bank      ,Multilateral,constant,USD million,12.5131
2020,BLZ,Belize,,Inter-American Dev. Bank      ,Multilateral,constant,USD million,30.3773
2021,BLZ,Belize,,Inter-American Dev. Bank      ,Multilateral,constant,USD million,17.907
2022,BLZ,Belize,,Inter-American Dev. Bank      ,Multilateral,constant,USD million,15.5799
2023,BLZ,Belize,,Inter-American Dev. Bank      ,Multilateral,constant,USD million,9.4805
2024,BLZ,Belize,,Inter-American Dev. Bank      ,Multilateral,constant,USD million,7.3421
2025,BLZ,Belize,,Inter-American Dev. Bank      ,Multilateral,constant,USD million,4.5604
2015,BLZ,Belize,,International Fund for Agricultural Dev.,Multilateral,constant,USD million,0.1791
2016,BLZ,Belize,,International Fund for Agricultural Dev.,Multilateral,constant,USD million,0.4003
2017,BLZ,Belize,,International Fund for Agricultural Dev.,Multilateral,constant,USD million,0.0778
2019,BLZ,Belize,,International Fund for Agricultural Dev.,Multilateral,constant,USD million,1.3316
2020,BLZ,Belize,,International Fund for Agricultural Dev.,Multilateral,constant,USD million,0.7143
2021,BLZ,Belize,,International Fund for Agricultural Dev.,Multilateral,constant,USD million,0.6368
2022,BLZ,Belize,,International Fund for Agricultural Dev.,Multilateral,constant,USD million,0.718
2023,BLZ,Belize,,International Fund for Agricultural Dev.,Multilateral,constant,USD million,2.1733
2024,BLZ,Belize,,International Fund for Agricultural Dev.,Multilateral,constant,USD million,0.9664
2025,BLZ,Belize,,International Fund for Agricultural Dev.,Multilateral,constant,USD million,0.3588
2015,BLZ,Belize,,OPEC Fund for International Dev.,Multilateral,constant,USD million,4.296
2016,BLZ,Belize,,OPEC Fund for International Dev.,Multilateral,constant,USD million,4.4447
2017,BLZ,Belize,,OPEC Fund for International Dev.,Multilateral,constant,USD million,10.8376
2018,BLZ,Belize,,OPEC Fund for International Dev.,Multilateral,constant,USD million,2.6711
2019,BLZ,Belize,,OPEC Fund for International Dev.,Multilateral,constant,USD million,13.6174
2020,BLZ,Belize,,OPEC Fund for International Dev.,Multilateral,constant,USD million,21.4382
2021,BLZ,Belize,,OPEC Fund for International Dev.,Multilateral,constant,USD million,20.5513
2022,BLZ,Belize,,OPEC Fund for International Dev.,Multilateral,constant,USD million,10.0536
2023,BLZ,Belize,,OPEC Fund for International Dev.,Multilateral,constant,USD million,9.1447
2024,BLZ,Belize,,OPEC Fund for International Dev.,Multilateral,constant,USD million,3.0018
2025,BLZ,Belize,,OPEC Fund for International Dev.,Multilateral,constant,USD million,2.1498
2015,BLZ,Belize,,World Bank-IBRD                         ,Multilateral,constant,USD million,2.948
2016,BLZ,Belize,,World Bank-IBRD                         ,Multilateral,constant,USD million,4.3869
2017,BLZ,Belize,,World Bank-IBRD                         ,Multilateral,constant,USD million,1.7519
2018,BLZ,Belize,,World Bank-IBRD                         ,Multilateral,constant,USD million,2.939
2019,BLZ,Belize,,World Bank-IBRD                         ,Multilateral,constant,USD million,1.3325
2020,BLZ,Belize,,World Bank-IBRD                         ,Multilateral,constant,USD million,9.7615
2021,BLZ,Belize,,World Bank-IBRD                         ,Multilateral,constant,USD million,11.1042
2022,BLZ,Belize,,World Bank-IBRD                         ,Multilateral,constant,USD million,0.7413
2020,BEN,Benin,,African Dev. Bank         ,Multilateral,constant,USD million,0.1518
2021,BEN,Benin,,African Dev. Bank         ,Multilateral,constant,USD million,1.4276
2022,BEN,Benin,,African Dev. Bank         ,Multilateral,constant,USD million,28.0166
2023,BEN,Benin,,African Dev. Bank         ,Multilateral,constant,USD million,66.554
2024,BEN,Benin,,African Dev. Bank         ,Multilateral,constant,USD million,63.0148
2025,BEN,Benin,,African Dev. Bank         ,Multilateral,constant,USD million,53.9194
2015,BEN,Benin,,Arab Bank for Economic Dev. in Africa (BADEA),Multilateral,constant,USD million,0.076
2021,BEN,Benin,,Arab Bank for Economic Dev. in Africa (BADEA),Multilateral,constant,USD million,0.2889
2022,BEN,Benin,,Arab Bank for Economic Dev. in Africa (BADEA),Multilateral,constant,USD million,0.0154
2023,BEN,Benin,,Arab Bank for Economic Dev. in Africa (BADEA),Multilateral,constant,USD million,17.4153
2024,BEN,Benin,,Arab Bank for Economic Dev. in Africa (BADEA),Multilateral,constant,USD million,31.0746
2025,BEN,Benin,,Arab Bank for Economic Dev. in Africa (BADEA),Multilateral,constant,USD million,18.8545
2015,BEN,Benin,,Economic Community of West African States (ECOWAS),Multilateral,constant,USD million,8.3775
2016,BEN,Benin,,Economic Community of West African States (ECOWAS),Multilateral,constant,USD million,15.1365
2017,BEN,Benin,,Economic Community of West African States (ECOWAS),Multilateral,constant,USD million,4.8433
2018,BEN,Benin,,Economic Community of West African States (ECOWAS),Multilateral,constant,USD million,6.7687
2019,BEN,Benin,,Economic Community of West African States (ECOWAS),Multilateral,constant,USD million,2.5238
2020,BEN,Benin,,Economic Community of West African States (ECOWAS),Multilateral,constant,USD million,0.9293
2021,BEN,Benin,,Economic Community of West African States (ECOWAS),Multilateral,constant,USD million,2.7841
2022,BEN,Benin,,Economic Community of West African States (ECOWAS),Multilateral,constant,USD million,0.8403
2023,BEN,Benin,,Economic Community of West African States (ECOWAS),Multilateral,constant,USD million,22.4657
2024,BEN,Benin,,Economic Community of West African States (ECOWAS),Multilateral,constant,USD million,37.6767
2025,BEN,Benin,,Economic Community of West African States (ECOWAS),Multilateral,constant,USD million,21.9649
2015,BEN,Benin,,European Investment Bank,Multilateral,constant,USD million,11.0958
2016,BEN,Benin,,European Investment Bank,Multilateral,constant,USD million,2.7554
2017,BEN,Benin,,European Investment Bank,Multilateral,constant,USD million,4.4263
2018,BEN,Benin,,European Investment Bank,Multilateral,constant,USD million,7.5995
2019,BEN,Benin,,European Investment Bank,Multilateral,constant,USD million,4.6588
2020,BEN,Benin,,European Investment Bank,Multilateral,constant,USD million,0.7282
2021,BEN,Benin,,European Investment Bank,Multilateral,constant,USD million,21.0977
2022,BEN,Benin,,European Investment Bank,Multilateral,constant,USD million,16.7509
2023,BEN,Benin,,European Investment Bank,Multilateral,constant,USD million,54.8436
2024,BEN,Benin,,European Investment Bank,Multilateral,constant,USD million,88.5743
2025,BEN,Benin,,European Investment Bank,Multilateral,constant,USD million,59.1599
2023,BEN,Benin,,International Fund for Agricultural Dev.,Multilateral,constant,USD million,9.4104
2024,BEN,Benin,,International Fund for Agricultural Dev.,Multilateral,constant,USD million,10.0261
2025,BEN,Benin,,International Fund for Agricultural Dev.,Multilateral,constant,USD million,6.9326
2015,BEN,Benin,,Islamic Dev. Bank,Multilateral,constant,USD million,1.1767
2017,BEN,Benin,,Islamic Dev. Bank,Multilateral,constant,USD million,21.7131
2018,BEN,Benin,,Islamic Dev. Bank,Multilateral,constant,USD million,0.054
2019,BEN,Benin,,Islamic Dev. Bank,Multilateral,constant,USD million,7.2285
2020,BEN,Benin,,Islamic Dev. Bank,Multilateral,constant,USD million,64.8738
2021,BEN,Benin,,Islamic Dev. Bank,Multilateral,constant,USD million,38.1942
2022,BEN,Benin,,Islamic Dev. Bank,Multilateral,constant,USD million,60.7222
2023,BEN,Benin,,Islamic Dev. Bank,Multilateral,constant,USD million,136.1375
2024,BEN,Benin,,Islamic Dev. Bank,Multilateral,constant,USD million,95.9835
2025,BEN,Benin,,Islamic Dev. Bank,Multilateral,constant,USD million,53.4727
2023,BEN,Benin,,Nordic Development Fund,Multilateral,constant,USD million,1.1373
2024,BEN,Benin,,Nordic Development Fund,Multilateral,constant,USD million,0.8094
2025,BEN,Benin,,Nordic Development Fund,Multilateral,constant,USD million,0.5692
2015,BEN,Benin,,OPEC Fund for International Dev.,Multilateral,constant,USD million,7.834
2016,BEN,Benin,,OPEC Fund for International Dev.,Multilateral,constant,USD million,2.0007
2017,BEN,Benin,,OPEC Fund for International Dev.,Multilateral,constant,USD million,0.8806
2018,BEN,Benin,,OPEC Fund for International Dev.,Multilateral,constant,USD million,4.5989
2020,BEN,Benin,,OPEC Fund for International Dev.,Multilateral,constant,USD million,3.3777
2021,BEN,Benin,,OPEC Fund for International Dev.,Multilateral,constant,USD million,10.619
2022,BEN,Benin,,OPEC Fund for International Dev.,Multilateral,constant,USD million,14.3203
2023,BEN,Benin,,OPEC Fund for International Dev.,Multilateral,constant,USD million,16.1907
2024,BEN,Benin,,OPEC Fund for International Dev.,Multilateral,constant,USD million,11.8062
2025,BEN,Benin,,OPEC Fund for International Dev.,Multilateral,constant,USD million,5.9046
2023,BEN,Benin,,UN-General Assembly (UNGA),Multilateral,constant,USD million,0.095
2024,BEN,Benin,,UN-General Assembly (UNGA),Multilateral,constant,USD million,0.2376
2025,BEN,Benin,,UN-General Assembly (UNGA),Multilateral,constant,USD million,0.1755
2015,BEN,Benin,,West African Development Bank - BOAD,Multilateral,constant,USD million,35.7052
2016,BEN,Benin,,West African Development Bank - BOAD,Multilateral,constant,USD million,32.281
2017,BEN,Benin,,West African Development Bank - BOAD,Multilateral,constant,USD million,45.0808
2018,BEN,Benin,,West African Development Bank - BOAD,Multilateral,constant,USD million,37.3233
2019,BEN,Benin,,West African Development Bank - BOAD,Multilateral,constant,USD million,21.1665
2020,BEN,Benin,,West African Development Bank - BOAD,Multilateral,constant,USD million,158.893
2021,BEN,Benin,,West African Development Bank - BOAD,Multilateral,constant,USD million,18.9697
2022,BEN,Benin,,West African Development Bank - BOAD,Multilateral,constant,USD million,41.9579
2023,BEN,Benin,,West African Development Bank - BOAD,Multilateral,constant,USD million,94.8161
2024,BEN,Benin,,West African Development Bank - BOAD,Multilateral,constant,USD million,72.8038
2025,BEN,Benin,,West African Development Bank - BOAD,Multilateral,constant,USD million,37.4838
2018,BEN,Benin,,World Bank-IDA                         ,Multilateral,constant,USD million,2.0151
2019,BEN,Benin,,World Bank-IDA                         ,Multilateral,constant,USD million,12.3137
2020,BEN,Benin,,World Bank-IDA                         ,Multilateral,constant,USD million,9.8344
2021,BEN,Benin,,World Bank-IDA                         ,Multilateral,constant,USD million,6.6478
2022,BEN,Benin,,World Bank-IDA                         ,Multilateral,constant,USD million,6.5909
2023,BEN,Benin,,World Bank-IDA                         ,Multilateral,constant,USD million,333.074
2024,BEN,Benin,,World Bank-IDA                         ,Multilateral,constant,USD million,231.4773
2025,BEN,Benin,,World Bank-IDA                         ,Multilateral,constant,USD million,222.9834
2015,BTN,Bhutan,,Asian Dev. Bank   ,Multilateral,constant,USD million,0.038
2016,BTN,Bhutan,,Asian Dev. Bank   ,Multilateral,constant,USD million,9.6984
2017,BTN,Bhutan,,Asian Dev. Bank   ,Multilateral,constant,USD million,2.9579
2018,BTN,Bhutan,,Asian Dev. Bank   ,Multilateral,constant,USD million,6.3011
2019,BTN,Bhutan,,Asian Dev. Bank   ,Multilateral,constant,USD million,8.48
2020,BTN,Bhutan,,Asian Dev. Bank   ,Multilateral,constant,USD million,9.1453
2021,BTN,Bhutan,,Asian Dev. Bank   ,Multilateral,constant,USD million,8.4649
2022,BTN,Bhutan,,Asian Dev. Bank   ,Multilateral,constant,USD million,11.2859
2023,BTN,Bhutan,,Asian Dev. Bank   ,Multilateral,constant,USD million,41.0073
2024,BTN,Bhutan,,Asian Dev. Bank   ,Multilateral,constant,USD million,28.6405
2025,BTN,Bhutan,,Asian Dev. Bank   ,Multilateral,constant,USD million,17.4237
2023,BTN,Bhutan,,International Fund for Agricultural Dev.,Multilateral,constant,USD million,2.2473
2024,BTN,Bhutan,,International Fund for Agricultural Dev.,Multilateral,constant,USD million,1.5164
2025,BTN,Bhutan,,International Fund for Agricultural Dev.,Multilateral,constant,USD million,0.8911
2019,BTN,Bhutan,,South Asian Development Fund (SADF),Multilateral,constant,USD million,13.0137
2015,BTN,Bhutan,,World Bank-IDA                         ,Multilateral,constant,USD million,21.829
2016,BTN,Bhutan,,World Bank-IDA                         ,Multilateral,constant,USD million,1.1491
2017,BTN,Bhutan,,World Bank-IDA                         ,Multilateral,constant,USD million,31.7623
2018,BTN,Bhutan,,World Bank-IDA                         ,Multilateral,constant,USD million,4.9521
2019,BTN,Bhutan,,World Bank-IDA                         ,Multilateral,constant,USD million,2.9922
2020,BTN,Bhutan,,World Bank-IDA                         ,Multilateral,constant,USD million,0.0445
2023,BTN,Bhutan,,World Bank-IDA                         ,Multilateral,constant,USD million,4.6504
2024,BTN,Bhutan,,World Bank-IDA                         ,Multilateral,constant,USD million,4.4351
2025,BTN,Bhutan,,World Bank-IDA                         ,Multilateral,constant,USD million,2.648
2015,BOL,Bolivia,,Corporacion Andina de Fomento,Multilateral,constant,USD million,291.196
2016,BOL,Bolivia,,Corporacion Andina de Fomento,Multilateral,constant,USD million,373.3696
2017,BOL,Bolivia,,Corporacion Andina de Fomento,Multilateral,constant,USD million,457.6407
2018,BOL,Bolivia,,Corporacion Andina de Fomento,Multilateral,constant,USD million,289.7475
2019,BOL,Bolivia,,Corporacion Andina de Fomento,Multilateral,constant,USD million,374.9692
2020,BOL,Bolivia,,Corporacion Andina de Fomento,Multilateral,constant,USD million,185.9703
2021,BOL,Bolivia,,Corporacion Andina de Fomento,Multilateral,constant,USD million,394.6032
2022,BOL,Bolivia,,Corporacion Andina de Fomento,Multilateral,constant,USD million,537.991
2023,BOL,Bolivia,,Corporacion Andina de Fomento,Multilateral,constant,USD million,788.1487
2024,BOL,Bolivia,,Corporacion Andina de Fomento,Multilateral,constant,USD million,1191.1451
2025,BOL,Bolivia,,Corporacion Andina de Fomento,Multilateral,constant,USD million,667.4841
2015,BOL,Bolivia,,European Investment Bank,Multilateral,constant,USD million,16.627
2016,BOL,Bolivia,,European Investment Bank,Multilateral,constant,USD million,24.958
2017,BOL,Bolivia,,European Investment Bank,Multilateral,constant,USD million,16.7267
2018,BOL,Bolivia,,European Investment Bank,Multilateral,constant,USD million,8.6505
2019,BOL,Bolivia,,European Investment Bank,Multilateral,constant,USD million,19.1805
2021,BOL,Bolivia,,European Investment Bank,Multilateral,constant,USD million,12.0782
2022,BOL,Bolivia,,European Investment Bank,Multilateral,constant,USD million,6.8772
2023,BOL,Bolivia,,European Investment Bank,Multilateral,constant,USD million,11.4815
2024,BOL,Bolivia,,European Investment Bank,Multilateral,constant,USD million,6.8159
2025,BOL,Bolivia,,European Investment Bank,Multilateral,constant,USD million,0.5031
2015,BOL,Bolivia,,Inter-American Dev. Bank      ,Multilateral,constant,USD million,243.914
2016,BOL,Bolivia,,Inter-American Dev. Bank      ,Multilateral,constant,USD million,293.9753
2017,BOL,Bolivia,,Inter-American Dev. Bank      ,Multilateral,constant,USD million,479.6043
2018,BOL,Bolivia,,Inter-American Dev. Bank      ,Multilateral,constant,USD million,387.3518
2019,BOL,Bolivia,,Inter-American Dev. Bank      ,Multilateral,constant,USD million,472.9924
2020,BOL,Bolivia,,Inter-American Dev. Bank      ,Multilateral,constant,USD million,500.4281
2021,BOL,Bolivia,,Inter-American Dev. Bank      ,Multilateral,constant,USD million,195.908
2022,BOL,Bolivia,,Inter-American Dev. Bank      ,Multilateral,constant,USD million,154.0214
2023,BOL,Bolivia,,Inter-American Dev. Bank      ,Multilateral,constant,USD million,221.1142
2024,BOL,Bolivia,,Inter-American Dev. Bank      ,Multilateral,constant,USD million,215.7849
2025,BOL,Bolivia,,Inter-American Dev. Bank      ,Multilateral,constant,USD million,128.8424
2015,BOL,Bolivia,,International Fund for Agricultural Dev.,Multilateral,constant,USD million,4.6527
2016,BOL,Bolivia,,International Fund for Agricultural Dev.,Multilateral,constant,USD million,6.9444
2017,BOL,Bolivia,,International Fund for Agricultural Dev.,Multilateral,constant,USD million,8.9261
2018,BOL,Bolivia,,International Fund for Agricultural Dev.,Multilateral,constant,USD million,3.0596
2019,BOL,Bolivia,,International Fund for Agricultural Dev.,Multilateral,constant,USD million,0.4942
2021,BOL,Bolivia,,International Fund for Agricultural Dev.,Multilateral,constant,USD million,0.04
2023,BOL,Bolivia,,International Fund for Agricultural Dev.,Multilateral,constant,USD million,7.0028
2024,BOL,Bolivia,,International Fund for Agricultural Dev.,Multilateral,constant,USD million,4.7951
2025,BOL,Bolivia,,International Fund for Agricultural Dev.,Multilateral,constant,USD million,3.3176
2015,BOL,Bolivia,,OPEC Fund for International Dev.,Multilateral,constant,USD million,24.044
2016,BOL,Bolivia,,OPEC Fund for International Dev.,Multilateral,constant,USD million,8.3987
2017,BOL,Bolivia,,OPEC Fund for International Dev.,Multilateral,constant,USD million,15.6428
2018,BOL,Bolivia,,OPEC Fund for International Dev.,Multilateral,constant,USD million,38.2916
2019,BOL,Bolivia,,OPEC Fund for International Dev.,Multilateral,constant,USD million,10.6246
2020,BOL,Bolivia,,OPEC Fund for International Dev.,Multilateral,constant,USD million,5.8046
2022,BOL,Bolivia,,OPEC Fund for International Dev.,Multilateral,constant,USD million,5.2001
2023,BOL,Bolivia,,OPEC Fund for International Dev.,Multilateral,constant,USD million,26.1234
2024,BOL,Bolivia,,OPEC Fund for International Dev.,Multilateral,constant,USD million,21.6231
2025,BOL,Bolivia,,OPEC Fund for International Dev.,Multilateral,constant,USD million,10.9746
2015,BOL,Bolivia,,Plata Basin Financial Dev. Fund,Multilateral,constant,USD million,43.1
2016,BOL,Bolivia,,Plata Basin Financial Dev. Fund,Multilateral,constant,USD million,58.4374
2017,BOL,Bolivia,,Plata Basin Financial Dev. Fund,Multilateral,constant,USD million,36.5474
2018,BOL,Bolivia,,Plata Basin Financial Dev. Fund,Multilateral,constant,USD million,76.6249
2019,BOL,Bolivia,,Plata Basin Financial Dev. Fund,Multilateral,constant,USD million,66.5016
2020,BOL,Bolivia,,Plata Basin Financial Dev. Fund,Multilateral,constant,USD million,58.8531
2021,BOL,Bolivia,,Plata Basin Financial Dev. Fund,Multilateral,constant,USD million,40.912
2022,BOL,Bolivia,,Plata Basin Financial Dev. Fund,Multilateral,constant,USD million,57.6636
2023,BOL,Bolivia,,Plata Basin Financial Dev. Fund,Multilateral,constant,USD million,70.3876
2024,BOL,Bolivia,,Plata Basin Financial Dev. Fund,Multilateral,constant,USD million,31.3847
2025,BOL,Bolivia,,Plata Basin Financial Dev. Fund,Multilateral,constant,USD million,12.8293
2015,BOL,Bolivia,,World Bank-IBRD                         ,Multilateral,constant,USD million,100.0
2016,BOL,Bolivia,,World Bank-IBRD                         ,Multilateral,constant,USD million,0.4207
2017,BOL,Bolivia,,World Bank-IBRD                         ,Multilateral,constant,USD million,0.4779
2018,BOL,Bolivia,,World Bank-IBRD                         ,Multilateral,constant,USD million,15.5945
2019,BOL,Bolivia,,World Bank-IBRD                         ,Multilateral,constant,USD million,55.7781
2020,BOL,Bolivia,,World Bank-IBRD                         ,Multilateral,constant,USD million,293.5412
2021,BOL,Bolivia,,World Bank-IBRD                         ,Multilateral,constant,USD million,149.4754
2022,BOL,Bolivia,,World Bank-IBRD                         ,Multilateral,constant,USD million,67.8931
2023,BOL,Bolivia,,World Bank-IBRD                         ,Multilateral,constant,USD million,139.4848
2024,BOL,Bolivia,,World Bank-IBRD                         ,Multilateral,constant,USD million,114.1669
2025,BOL,Bolivia,,World Bank-IBRD                         ,Multilateral,constant,USD million,85.7577
2015,BOL,Bolivia,,World Bank-IDA                         ,Multilateral,constant,USD million,135.646
2016,BOL,Bolivia,,World Bank-IDA                         ,Multilateral,constant,USD million,50.5192
2017,BOL,Bolivia,,World Bank-IDA                         ,Multilateral,constant,USD million,26.3622
2018,BOL,Bolivia,,World Bank-IDA                         ,Multilateral,constant,USD million,36.0749
2019,BOL,Bolivia,,World Bank-IDA                         ,Multilateral,constant,USD million,41.895
2020,BOL,Bolivia,,World Bank-IDA                         ,Multilateral,constant,USD million,36.2779
2021,BOL,Bolivia,,World Bank-IDA                         ,Multilateral,constant,USD million,18.9919
2022,BOL,Bolivia,,World Bank-IDA                         ,Multilateral,constant,USD million,27.7272
2023,BOL,Bolivia,,World Bank-IDA                         ,Multilateral,constant,USD million,42.2053
2024,BOL,Bolivia,,World Bank-IDA                         ,Multilateral,constant,USD million,36.3746
2025,BOL,Bolivia,,World Bank-IDA                         ,Multilateral,constant,USD million,27.2467
2015,BIH,Bosnia and Herzegovina,,Council of Europe,Multilateral,constant,USD million,14.3003
2017,BIH,Bosnia and Herzegovina,,Council of Europe,Multilateral,constant,USD million,11.318
2018,BIH,Bosnia and Herzegovina,,Council of Europe,Multilateral,constant,USD million,11.4546
2019,BIH,Bosnia and Herzegovina,,Council of Europe,Multilateral,constant,USD million,12.6053
2020,BIH,Bosnia and Herzegovina,,Council of Europe,Multilateral,constant,USD million,13.0138
2023,BIH,Bosnia and Herzegovina,,Council of Europe,Multilateral,constant,USD million,17.8892
2024,BIH,Bosnia and Herzegovina,,Council of Europe,Multilateral,constant,USD million,10.3714
2025,BIH,Bosnia and Herzegovina,,Council of Europe,Multilateral,constant,USD million,4.9285
2015,BIH,Bosnia and Herzegovina,,European Bank for Reconstruction and Dev. (EBRD),Multilateral,constant,USD million,137.8103
2016,BIH,Bosnia and Herzegovina,,European Bank for Reconstruction and Dev. (EBRD),Multilateral,constant,USD million,84.844
2017,BIH,Bosnia and Herzegovina,,European Bank for Reconstruction and Dev. (EBRD),Multilateral,constant,USD million,33.3235
2018,BIH,Bosnia and Herzegovina,,European Bank for Reconstruction and Dev. (EBRD),Multilateral,constant,USD million,97.0496
2019,BIH,Bosnia and Herzegovina,,European Bank for Reconstruction and Dev. (EBRD),Multilateral,constant,USD million,62.6163
2020,BIH,Bosnia and Herzegovina,,European Bank for Reconstruction and Dev. (EBRD),Multilateral,constant,USD million,90.159
2021,BIH,Bosnia and Herzegovina,,European Bank for Reconstruction and Dev. (EBRD),Multilateral,constant,USD million,51.1295
2022,BIH,Bosnia and Herzegovina,,European Bank for Reconstruction and Dev. (EBRD),Multilateral,constant,USD million,61.6915
2023,BIH,Bosnia and Herzegovina,,European Bank for Reconstruction and Dev. (EBRD),Multilateral,constant,USD million,146.5551
2024,BIH,Bosnia and Herzegovina,,European Bank for Reconstruction and Dev. (EBRD),Multilateral,constant,USD million,96.8077
2025,BIH,Bosnia and Herzegovina,,European Bank for Reconstruction and Dev. (EBRD),Multilateral,constant,USD million,44.6096
2015,BIH,Bosnia and Herzegovina,,European Investment Bank,Multilateral,constant,USD million,58.3641
2016,BIH,Bosnia and Herzegovina,,European Investment Bank,Multilateral,constant,USD million,171.3107
2017,BIH,Bosnia and Herzegovina,,European Investment Bank,Multilateral,constant,USD million,109.5628
2018,BIH,Bosnia and Herzegovina,,European Investment Bank,Multilateral,constant,USD million,33.051
2019,BIH,Bosnia and Herzegovina,,European Investment Bank,Multilateral,constant,USD million,156.9655
2020,BIH,Bosnia and Herzegovina,,European Investment Bank,Multilateral,constant,USD million,59.9111
2021,BIH,Bosnia and Herzegovina,,European Investment Bank,Multilateral,constant,USD million,89.3146
2022,BIH,Bosnia and Herzegovina,,European Investment Bank,Multilateral,constant,USD million,120.4072
2023,BIH,Bosnia and Herzegovina,,European Investment Bank,Multilateral,constant,USD million,88.775
2024,BIH,Bosnia and Herzegovina,,European Investment Bank,Multilateral,constant,USD million,98.91
2025,BIH,Bosnia and Herzegovina,,European Investment Bank,Multilateral,constant,USD million,64.5419
2015,BIH,Bosnia and Herzegovina,,International Fund for Agricultural Dev.,Multilateral,constant,USD million,2.9508
2016,BIH,Bosnia and Herzegovina,,International Fund for Agricultural Dev.,Multilateral,constant,USD million,0.3356
2018,BIH,Bosnia and Herzegovina,,International Fund for Agricultural Dev.,Multilateral,constant,USD million,0.6135
2019,BIH,Bosnia and Herzegovina,,International Fund for Agricultural Dev.,Multilateral,constant,USD million,3.0834
2020,BIH,Bosnia and Herzegovina,,International Fund for Agricultural Dev.,Multilateral,constant,USD million,4.845
2021,BIH,Bosnia and Herzegovina,,International Fund for Agricultural Dev.,Multilateral,constant,USD million,2.4135
2022,BIH,Bosnia and Herzegovina,,International Fund for Agricultural Dev.,Multilateral,constant,USD million,0.2551
2023,BIH,Bosnia and Herzegovina,,International Fund for Agricultural Dev.,Multilateral,constant,USD million,0.7983
2024,BIH,Bosnia and Herzegovina,,International Fund for Agricultural Dev.,Multilateral,constant,USD million,0.5021
2025,BIH,Bosnia and Herzegovina,,International Fund for Agricultural Dev.,Multilateral,constant,USD million,0.2361
2015,BIH,Bosnia and Herzegovina,,OPEC Fund for International Dev.,Multilateral,constant,USD million,9.206
2016,BIH,Bosnia and Herzegovina,,OPEC Fund for International Dev.,Multilateral,constant,USD million,26.6034
2017,BIH,Bosnia and Herzegovina,,OPEC Fund for International Dev.,Multilateral,constant,USD million,27.3308
2018,BIH,Bosnia and Herzegovina,,OPEC Fund for International Dev.,Multilateral,constant,USD million,12.8193
2019,BIH,Bosnia and Herzegovina,,OPEC Fund for International Dev.,Multilateral,constant,USD million,14.2747
2020,BIH,Bosnia and Herzegovina,,OPEC Fund for International Dev.,Multilateral,constant,USD million,34.9505
2021,BIH,Bosnia and Herzegovina,,OPEC Fund for International Dev.,Multilateral,constant,USD million,24.0406
2022,BIH,Bosnia and Herzegovina,,OPEC Fund for International Dev.,Multilateral,constant,USD million,0.6934
2023,BIH,Bosnia and Herzegovina,,OPEC Fund for International Dev.,Multilateral,constant,USD million,0.1295
2024,BIH,Bosnia and Herzegovina,,OPEC Fund for International Dev.,Multilateral,constant,USD million,0.0759
2015,BIH,Bosnia and Herzegovina,,World Bank-IBRD                         ,Multilateral,constant,USD million,81.323
2016,BIH,Bosnia and Herzegovina,,World Bank-IBRD                         ,Multilateral,constant,USD million,11.214
2017,BIH,Bosnia and Herzegovina,,World Bank-IBRD                         ,Multilateral,constant,USD million,0.3931
2018,BIH,Bosnia and Herzegovina,,World Bank-IBRD                         ,Multilateral,constant,USD million,120.9203
2019,BIH,Bosnia and Herzegovina,,World Bank-IBRD                         ,Multilateral,constant,USD million,45.6741
2020,BIH,Bosnia and Herzegovina,,World Bank-IBRD                         ,Multilateral,constant,USD million,74.6096
2021,BIH,Bosnia and Herzegovina,,World Bank-IBRD                         ,Multilateral,constant,USD million,79.836
2022,BIH,Bosnia and Herzegovina,,World Bank-IBRD                         ,Multilateral,constant,USD million,35.6372
2023,BIH,Bosnia and Herzegovina,,World Bank-IBRD                         ,Multilateral,constant,USD million,42.0513
2024,BIH,Bosnia and Herzegovina,,World Bank-IBRD                         ,Multilateral,constant,USD million,41.1232
2025,BIH,Bosnia and Herzegovina,,World Bank-IBRD                         ,Multilateral,constant,USD million,38.392
2015,BIH,Bosnia and Herzegovina,,World Bank-IDA                         ,Multilateral,constant,USD million,26.874
2016,BIH,Bosnia and Herzegovina,,World Bank-IDA                         ,Multilateral,constant,USD million,48.6446
2017,BIH,Bosnia and Herzegovina,,World Bank-IDA                         ,Multilateral,constant,USD million,34.2732
2018,BIH,Bosnia and Herzegovina,,World Bank-IDA                         ,Multilateral,constant,USD million,22.2142
2019,BIH,Bosnia and Herzegovina,,World Bank-IDA                         ,Multilateral,constant,USD million,22.5307
2020,BIH,Bosnia and Herzegovina,,World Bank-IDA                         ,Multilateral,constant,USD million,15.6481
2021,BIH,Bosnia and Herzegovina,,World Bank-IDA                         ,Multilateral,constant,USD million,1.259
2015,BWA,Botswana,,African Dev. Bank         ,Multilateral,constant,USD million,5.686
2016,BWA,Botswana,,African Dev. Bank         ,Multilateral,constant,USD million,4.4556
2017,BWA,Botswana,,African Dev. Bank         ,Multilateral,constant,USD million,4.2418
2018,BWA,Botswana,,African Dev. Bank         ,Multilateral,constant,USD million,5.0012
2019,BWA,Botswana,,African Dev. Bank         ,Multilateral,constant,USD million,5.8093
2020,BWA,Botswana,,African Dev. Bank         ,Multilateral,constant,USD million,40.5505
2021,BWA,Botswana,,African Dev. Bank         ,Multilateral,constant,USD million,34.8069
2022,BWA,Botswana,,African Dev. Bank         ,Multilateral,constant,USD million,114.1686
2018,BWA,Botswana,,Arab Bank for Economic Dev. in Africa (BADEA),Multilateral,constant,USD million,1.3553
2019,BWA,Botswana,,Arab Bank for Economic Dev. in Africa (BADEA),Multilateral,constant,USD million,3.9151
2023,BWA,Botswana,,Arab Bank for Economic Dev. in Africa (BADEA),Multilateral,constant,USD million,0.5157
2024,BWA,Botswana,,Arab Bank for Economic Dev. in Africa (BADEA),Multilateral,constant,USD million,0.4427
2023,BWA,Botswana,,International Fund for Agricultural Dev.,Multilateral,constant,USD million,1.379
2024,BWA,Botswana,,International Fund for Agricultural Dev.,Multilateral,constant,USD million,0.6389
2025,BWA,Botswana,,International Fund for Agricultural Dev.,Multilateral,constant,USD million,0.2142
2016,BWA,Botswana,,OPEC Fund for International Dev.,Multilateral,constant,USD million,0.3606
2018,BWA,Botswana,,OPEC Fund for International Dev.,Multilateral,constant,USD million,1.7682
2019,BWA,Botswana,,OPEC Fund for International Dev.,Multilateral,constant,USD million,7.1631
2023,BWA,Botswana,,OPEC Fund for International Dev.,Multilateral,constant,USD million,16.2056
2024,BWA,Botswana,,OPEC Fund for International Dev.,Multilateral,constant,USD million,7.4262
2025,BWA,Botswana,,OPEC Fund for International Dev.,Multilateral,constant,USD million,2.4693
2015,BWA,Botswana,,World Bank-IBRD                         ,Multilateral,constant,USD million,1.859
2016,BWA,Botswana,,World Bank-IBRD                         ,Multilateral,constant,USD million,30.3639
2018,BWA,Botswana,,World Bank-IBRD                         ,Multilateral,constant,USD million,28.723
2019,BWA,Botswana,,World Bank-IBRD                         ,Multilateral,constant,USD million,8.1099
2020,BWA,Botswana,,World Bank-IBRD                         ,Multilateral,constant,USD million,32.9464
2021,BWA,Botswana,,World Bank-IBRD                         ,Multilateral,constant,USD million,256.0902
2022,BWA,Botswana,,World Bank-IBRD                         ,Multilateral,constant,USD million,58.6507
2023,BWA,Botswana,,World Bank-IBRD                         ,Multilateral,constant,USD million,31.2491
2024,BWA,Botswana,,World Bank-IBRD                         ,Multilateral,constant,USD million,22.3263
2025,BWA,Botswana,,World Bank-IBRD                         ,Multilateral,constant,USD million,17.7154
2015,BRA,Brazil,,Corporacion Andina de Fomento,Multilateral,constant,USD million,204.556
2016,BRA,Brazil,,Corporacion Andina de Fomento,Multilateral,constant,USD million,141.8808
2017,BRA,Brazil,,Corporacion Andina de Fomento,Multilateral,constant,USD million,142.5723
2018,BRA,Brazil,,Corporacion Andina de Fomento,Multilateral,constant,USD million,106.6358
2019,BRA,Brazil,,Corporacion Andina de Fomento,Multilateral,constant,USD million,129.6463
2020,BRA,Brazil,,Corporacion Andina de Fomento,Multilateral,constant,USD million,421.0617
2021,BRA,Brazil,,Corporacion Andina de Fomento,Multilateral,constant,USD million,1170.2445
2022,BRA,Brazil,,Corporacion Andina de Fomento,Multilateral,constant,USD million,627.8088
2023,BRA,Brazil,,Corporacion Andina de Fomento,Multilateral,constant,USD million,422.3472
2024,BRA,Brazil,,Corporacion Andina de Fomento,Multilateral,constant,USD million,157.9797
2025,BRA,Brazil,,Corporacion Andina de Fomento,Multilateral,constant,USD million,109.4342
2020,BRA,Brazil,,European Investment Bank,Multilateral,constant,USD million,66.9847
2021,BRA,Brazil,,European Investment Bank,Multilateral,constant,USD million,44.8033
2022,BRA,Brazil,,European Investment Bank,Multilateral,constant,USD million,3.3586
2023,BRA,Brazil,,European Investment Bank,Multilateral,constant,USD million,0.9233
2024,BRA,Brazil,,European Investment Bank,Multilateral,constant,USD million,0.608
2025,BRA,Brazil,,European Investment Bank,Multilateral,constant,USD million,0.3721
2015,BRA,Brazil,,Inter-American Dev. Bank      ,Multilateral,constant,USD million,1112.686
2016,BRA,Brazil,,Inter-American Dev. Bank      ,Multilateral,constant,USD million,1047.7978
2017,BRA,Brazil,,Inter-American Dev. Bank      ,Multilateral,constant,USD million,1512.5519
2018,BRA,Brazil,,Inter-American Dev. Bank      ,Multilateral,constant,USD million,1911.2797
2019,BRA,Brazil,,Inter-American Dev. Bank      ,Multilateral,constant,USD million,982.3835
2020,BRA,Brazil,,Inter-American Dev. Bank      ,Multilateral,constant,USD million,2143.0056
2021,BRA,Brazil,,Inter-American Dev. Bank      ,Multilateral,constant,USD million,1780.3098
2022,BRA,Brazil,,Inter-American Dev. Bank      ,Multilateral,constant,USD million,874.8949
2023,BRA,Brazil,,Inter-American Dev. Bank      ,Multilateral,constant,USD million,876.2475
2024,BRA,Brazil,,Inter-American Dev. Bank      ,Multilateral,constant,USD million,1004.4189
2025,BRA,Brazil,,Inter-American Dev. Bank      ,Multilateral,constant,USD million,706.9239
2015,BRA,Brazil,,International Fund for Agricultural Dev.,Multilateral,constant,USD million,1.1921
2016,BRA,Brazil,,International Fund for Agricultural Dev.,Multilateral,constant,USD million,5.59
2017,BRA,Brazil,,International Fund for Agricultural Dev.,Multilateral,constant,USD million,7.2193
2018,BRA,Brazil,,International Fund for Agricultural Dev.,Multilateral,constant,USD million,8.6713
2019,BRA,Brazil,,International Fund for Agricultural Dev.,Multilateral,constant,USD million,13.32
2020,BRA,Brazil,,International Fund for Agricultural Dev.,Multilateral,constant,USD million,2.6147
2022,BRA,Brazil,,International Fund for Agricultural Dev.,Multilateral,constant,USD million,0.1002
2023,BRA,Brazil,,International Fund for Agricultural Dev.,Multilateral,constant,USD million,3.0422
2024,BRA,Brazil,,International Fund for Agricultural Dev.,Multilateral,constant,USD million,1.4128
2025,BRA,Brazil,,International Fund for Agricultural Dev.,Multilateral,constant,USD million,0.2833
2018,BRA,Brazil,,Multiple Lenders,Multilateral,constant,USD million,318.4753
2019,BRA,Brazil,,Multiple Lenders,Multilateral,constant,USD million,7.493
2020,BRA,Brazil,,Multiple Lenders,Multilateral,constant,USD million,216.3243
2021,BRA,Brazil,,Multiple Lenders,Multilateral,constant,USD million,17.1649
2022,BRA,Brazil,,Multiple Lenders,Multilateral,constant,USD million,4.9232
2015,BRA,Brazil,,Nordic Investment Bank,Multilateral,constant,USD million,100.0
2015,BRA,Brazil,,Plata Basin Financial Dev. Fund,Multilateral,constant,USD million,5.251
2016,BRA,Brazil,,Plata Basin Financial Dev. Fund,Multilateral,constant,USD million,0.9119
2017,BRA,Brazil,,Plata Basin Financial Dev. Fund,Multilateral,constant,USD million,6.8392
2018,BRA,Brazil,,Plata Basin Financial Dev. Fund,Multilateral,constant,USD million,1.4537
2019,BRA,Brazil,,Plata Basin Financial Dev. Fund,Multilateral,constant,USD million,20.72
2020,BRA,Brazil,,Plata Basin Financial Dev. Fund,Multilateral,constant,USD million,81.9215
2021,BRA,Brazil,,Plata Basin Financial Dev. Fund,Multilateral,constant,USD million,91.1435
2022,BRA,Brazil,,Plata Basin Financial Dev. Fund,Multilateral,constant,USD million,55.815
2023,BRA,Brazil,,Plata Basin Financial Dev. Fund,Multilateral,constant,USD million,24.0979
2024,BRA,Brazil,,Plata Basin Financial Dev. Fund,Multilateral,constant,USD million,9.9192
2025,BRA,Brazil,,Plata Basin Financial Dev. Fund,Multilateral,constant,USD million,6.2166
2015,BRA,Brazil,,World Bank-IBRD                         ,Multilateral,constant,USD million,894.607
2016,BRA,Brazil,,World Bank-IBRD                         ,Multilateral,constant,USD million,1033.5465
2017,BRA,Brazil,,World Bank-IBRD                         ,Multilateral,constant,USD million,670.1102
2018,BRA,Brazil,,World Bank-IBRD                         ,Multilateral,constant,USD million,540.4666
2019,BRA,Brazil,,World Bank-IBRD                         ,Multilateral,constant,USD million,780.8488
2020,BRA,Brazil,,World Bank-IBRD                         ,Multilateral,constant,USD million,354.306
2021,BRA,Brazil,,World Bank-IBRD                         ,Multilateral,constant,USD million,756.1244
2022,BRA,Brazil,,World Bank-IBRD                         ,Multilateral,constant,USD million,1505.2175
2023,BRA,Brazil,,World Bank-IBRD                         ,Multilateral,constant,USD million,351.2406
2024,BRA,Brazil,,World Bank-IBRD                         ,Multilateral,constant,USD million,266.3301
2025,BRA,Brazil,,World Bank-IBRD                         ,Multilateral,constant,USD million,208.4907
2016,BGR,Bulgaria,,Council of Europe,Multilateral,constant,USD million,48.2993
2017,BGR,Bulgaria,,Council of Europe,Multilateral,constant,USD million,107.5189
2018,BGR,Bulgaria,,Council of Europe,Multilateral,constant,USD million,49.0904
2019,BGR,Bulgaria,,Council of Europe,Multilateral,constant,USD million,46.6565
2015,BGR,Bulgaria,,European Bank for Reconstruction and Dev. (EBRD),Multilateral,constant,USD million,8.3718
2016,BGR,Bulgaria,,European Bank for Reconstruction and Dev. (EBRD),Multilateral,constant,USD million,330.6422
2017,BGR,Bulgaria,,European Bank for Reconstruction and Dev. (EBRD),Multilateral,constant,USD million,4.4482
2018,BGR,Bulgaria,,European Bank for Reconstruction and Dev. (EBRD),Multilateral,constant,USD million,6.3228
2019,BGR,Bulgaria,,European Bank for Reconstruction and Dev. (EBRD),Multilateral,constant,USD million,4.3017
2020,BGR,Bulgaria,,European Bank for Reconstruction and Dev. (EBRD),Multilateral,constant,USD million,0.504
2021,BGR,Bulgaria,,European Bank for Reconstruction and Dev. (EBRD),Multilateral,constant,USD million,0.4151
2015,BGR,Bulgaria,,European Investment Bank,Multilateral,constant,USD million,244.5112
2016,BGR,Bulgaria,,European Investment Bank,Multilateral,constant,USD million,44.7627
2017,BGR,Bulgaria,,European Investment Bank,Multilateral,constant,USD million,28.7024
2018,BGR,Bulgaria,,European Investment Bank,Multilateral,constant,USD million,86.0221
2019,BGR,Bulgaria,,European Investment Bank,Multilateral,constant,USD million,67.4914
2020,BGR,Bulgaria,,European Investment Bank,Multilateral,constant,USD million,268.86
2021,BGR,Bulgaria,,European Investment Bank,Multilateral,constant,USD million,118.2964
2022,BGR,Bulgaria,,European Investment Bank,Multilateral,constant,USD million,27.5924
2021,BGR,Bulgaria,,European Union,Multilateral,constant,USD million,259.7442
2022,BGR,Bulgaria,,European Union,Multilateral,constant,USD million,330.6197
2015,BGR,Bulgaria,,World Bank-IBRD                         ,Multilateral,constant,USD million,3.842
2016,BGR,Bulgaria,,World Bank-IBRD                         ,Multilateral,constant,USD million,262.5442
2017,BGR,Bulgaria,,World Bank-IBRD                         ,Multilateral,constant,USD million,40.121
2018,BGR,Bulgaria,,World Bank-IBRD                         ,Multilateral,constant,USD million,31.5158
2019,BGR,Bulgaria,,World Bank-IBRD                         ,Multilateral,constant,USD million,6.2257
2020,BFA,Burkina Faso,,African Dev. Bank         ,Multilateral,constant,USD million,6.4391
2021,BFA,Burkina Faso,,African Dev. Bank         ,Multilateral,constant,USD million,3.1065
2022,BFA,Burkina Faso,,African Dev. Bank         ,Multilateral,constant,USD million,7.5253
2023,BFA,Burkina Faso,,African Dev. Bank         ,Multilateral,constant,USD million,44.6554
2024,BFA,Burkina Faso,,African Dev. Bank         ,Multilateral,constant,USD million,52.2078
2025,BFA,Burkina Faso,,African Dev. Bank         ,Multilateral,constant,USD million,43.6978
2023,BFA,Burkina Faso,,Arab African International Bank,Multilateral,constant,USD million,0.9803
2024,BFA,Burkina Faso,,Arab African International Bank,Multilateral,constant,USD million,0.5484
2025,BFA,Burkina Faso,,Arab African International Bank,Multilateral,constant,USD million,0.2691
2019,BFA,Burkina Faso,,Arab Bank for Economic Dev. in Africa (BADEA),Multilateral,constant,USD million,6.5385
2020,BFA,Burkina Faso,,Arab Bank for Economic Dev. in Africa (BADEA),Multilateral,constant,USD million,5.0503
2021,BFA,Burkina Faso,,Arab Bank for Economic Dev. in Africa (BADEA),Multilateral,constant,USD million,0.813
2022,BFA,Burkina Faso,,Arab Bank for Economic Dev. in Africa (BADEA),Multilateral,constant,USD million,5.3394
2023,BFA,Burkina Faso,,Arab Bank for Economic Dev. in Africa (BADEA),Multilateral,constant,USD million,9.5685
2024,BFA,Burkina Faso,,Arab Bank for Economic Dev. in Africa (BADEA),Multilateral,constant,USD million,12.9653
2025,BFA,Burkina Faso,,Arab Bank for Economic Dev. in Africa (BADEA),Multilateral,constant,USD million,9.1424
2017,BFA,Burkina Faso,,Economic Community of West African States (ECOWAS),Multilateral,constant,USD million,7.3566
2018,BFA,Burkina Faso,,Economic Community of West African States (ECOWAS),Multilateral,constant,USD million,9.0609
2020,BFA,Burkina Faso,,Economic Community of West African States (ECOWAS),Multilateral,constant,USD million,11.9047
2022,BFA,Burkina Faso,,Economic Community of West African States (ECOWAS),Multilateral,constant,USD million,4.3209
2023,BFA,Burkina Faso,,Economic Community of West African States (ECOWAS),Multilateral,constant,USD million,3.9415
2024,BFA,Burkina Faso,,Economic Community of West African States (ECOWAS),Multilateral,constant,USD million,4.0053
2025,BFA,Burkina Faso,,Economic Community of West African States (ECOWAS),Multilateral,constant,USD million,2.3735
2016,BFA,Burkina Faso,,European Investment Bank,Multilateral,constant,USD million,6.4896
2017,BFA,Burkina Faso,,European Investment Bank,Multilateral,constant,USD million,8.5388
2019,BFA,Burkina Faso,,European Investment Bank,Multilateral,constant,USD million,19.8704
2023,BFA,Burkina Faso,,European Investment Bank,Multilateral,constant,USD million,1.2423
2024,BFA,Burkina Faso,,European Investment Bank,Multilateral,constant,USD million,7.2967
2025,BFA,Burkina Faso,,European Investment Bank,Multilateral,constant,USD million,5.3708
2021,BFA,Burkina Faso,,International Fund for Agricultural Dev.,Multilateral,constant,USD million,0.7291
2022,BFA,Burkina Faso,,International Fund for Agricultural Dev.,Multilateral,constant,USD million,0.3156
2023,BFA,Burkina Faso,,International Fund for Agricultural Dev.,Multilateral,constant,USD million,17.6377
2024,BFA,Burkina Faso,,International Fund for Agricultural Dev.,Multilateral,constant,USD million,13.7357
2025,BFA,Burkina Faso,,International Fund for Agricultural Dev.,Multilateral,constant,USD million,9.1719
2015,BFA,Burkina Faso,,Islamic Dev. Bank,Multilateral,constant,USD million,0.582
2016,BFA,Burkina Faso,,Islamic Dev. Bank,Multilateral,constant,USD million,6.2941
2017,BFA,Burkina Faso,,Islamic Dev. Bank,Multilateral,constant,USD million,4.548
2018,BFA,Burkina Faso,,Islamic Dev. Bank,Multilateral,constant,USD million,0.4345
2019,BFA,Burkina Faso,,Islamic Dev. Bank,Multilateral,constant,USD million,14.2638
2020,BFA,Burkina Faso,,Islamic Dev. Bank,Multilateral,constant,USD million,0.1177
2021,BFA,Burkina Faso,,Islamic Dev. Bank,Multilateral,constant,USD million,11.1682
2022,BFA,Burkina Faso,,Islamic Dev. Bank,Multilateral,constant,USD million,16.8204
2023,BFA,Burkina Faso,,Islamic Dev. Bank,Multilateral,constant,USD million,81.7681
2024,BFA,Burkina Faso,,Islamic Dev. Bank,Multilateral,constant,USD million,70.9023
2025,BFA,Burkina Faso,,Islamic Dev. Bank,Multilateral,constant,USD million,45.0369
2023,BFA,Burkina Faso,,Nordic Development Fund,Multilateral,constant,USD million,0.1599
2024,BFA,Burkina Faso,,Nordic Development Fund,Multilateral,constant,USD million,0.1043
2015,BFA,Burkina Faso,,OPEC Fund for International Dev.,Multilateral,constant,USD million,2.035
2016,BFA,Burkina Faso,,OPEC Fund for International Dev.,Multilateral,constant,USD million,0.0792
2017,BFA,Burkina Faso,,OPEC Fund for International Dev.,Multilateral,constant,USD million,0.1172
2018,BFA,Burkina Faso,,OPEC Fund for International Dev.,Multilateral,constant,USD million,4.859
2019,BFA,Burkina Faso,,OPEC Fund for International Dev.,Multilateral,constant,USD million,1.6673
2020,BFA,Burkina Faso,,OPEC Fund for International Dev.,Multilateral,constant,USD million,11.2826
2021,BFA,Burkina Faso,,OPEC Fund for International Dev.,Multilateral,constant,USD million,11.1822
2022,BFA,Burkina Faso,,OPEC Fund for International Dev.,Multilateral,constant,USD million,6.0775
2023,BFA,Burkina Faso,,OPEC Fund for International Dev.,Multilateral,constant,USD million,15.5296
2024,BFA,Burkina Faso,,OPEC Fund for International Dev.,Multilateral,constant,USD million,11.9403
2025,BFA,Burkina Faso,,OPEC Fund for International Dev.,Multilateral,constant,USD million,6.1423
2015,BFA,Burkina Faso,,West African Development Bank - BOAD,Multilateral,constant,USD million,16.1871
2016,BFA,Burkina Faso,,West African Development Bank - BOAD,Multilateral,constant,USD million,11.0065
2017,BFA,Burkina Faso,,West African Development Bank - BOAD,Multilateral,constant,USD million,14.4687
2018,BFA,Burkina Faso,,West African Development Bank - BOAD,Multilateral,constant,USD million,44.2045
2019,BFA,Burkina Faso,,West African Development Bank - BOAD,Multilateral,constant,USD million,31.9469
2020,BFA,Burkina Faso,,West African Development Bank - BOAD,Multilateral,constant,USD million,25.9763
2021,BFA,Burkina Faso,,West African Development Bank - BOAD,Multilateral,constant,USD million,37.7196
2022,BFA,Burkina Faso,,West African Development Bank - BOAD,Multilateral,constant,USD million,63.1263
2023,BFA,Burkina Faso,,West African Development Bank - BOAD,Multilateral,constant,USD million,65.4027
2024,BFA,Burkina Faso,,West African Development Bank - BOAD,Multilateral,constant,USD million,72.537
2025,BFA,Burkina Faso,,West African Development Bank - BOAD,Multilateral,constant,USD million,38.8067
2023,BFA,Burkina Faso,,World Bank-IDA                         ,Multilateral,constant,USD million,256.592
2024,BFA,Burkina Faso,,World Bank-IDA                         ,Multilateral,constant,USD million,179.7883
2025,BFA,Burkina Faso,,World Bank-IDA                         ,Multilateral,constant,USD million,167.1626
2021,BDI,Burundi,,Arab Bank for Economic Dev. in Africa (BADEA),Multilateral,constant,USD million,2.9732
2023,BDI,Burundi,,Arab Bank for Economic Dev. in Africa (BADEA),Multilateral,constant,USD million,9.1059
2024,BDI,Burundi,,Arab Bank for Economic Dev. in Africa (BADEA),Multilateral,constant,USD million,6.4344
2025,BDI,Burundi,,Arab Bank for Economic Dev. in Africa (BADEA),Multilateral,constant,USD million,8.5956
2019,BDI,Burundi,,European Investment Bank,Multilateral,constant,USD million,23.8555
2021,BDI,Burundi,,European Investment Bank,Multilateral,constant,USD million,26.3765
2022,BDI,Burundi,,European Investment Bank,Multilateral,constant,USD million,5.9098
2023,BDI,Burundi,,European Investment Bank,Multilateral,constant,USD million,8.5537
2024,BDI,Burundi,,European Investment Bank,Multilateral,constant,USD million,4.9456
2025,BDI,Burundi,,European Investment Bank,Multilateral,constant,USD million,6.3654
2023,BDI,Burundi,,International Fund for Agricultural Dev.,Multilateral,constant,USD million,1.248
2024,BDI,Burundi,,International Fund for Agricultural Dev.,Multilateral,constant,USD million,2.6813
2025,BDI,Burundi,,International Fund for Agricultural Dev.,Multilateral,constant,USD million,3.8493
2020,BDI,Burundi,,OPEC Fund for International Dev.,Multilateral,constant,USD million,2.2076
2021,BDI,Burundi,,OPEC Fund for International Dev.,Multilateral,constant,USD million,1.5822
2022,BDI,Burundi,,OPEC Fund for International Dev.,Multilateral,constant,USD million,3.5618
2023,BDI,Burundi,,OPEC Fund for International Dev.,Multilateral,constant,USD million,18.1345
2024,BDI,Burundi,,OPEC Fund for International Dev.,Multilateral,constant,USD million,10.9903
2025,BDI,Burundi,,OPEC Fund for International Dev.,Multilateral,constant,USD million,12.437
2015,CPV,Cabo Verde,,African Dev. Bank         ,Multilateral,constant,USD million,20.2369
2016,CPV,Cabo Verde,,African Dev. Bank         ,Multilateral,constant,USD million,4.3733
2017,CPV,Cabo Verde,,African Dev. Bank         ,Multilateral,constant,USD million,31.8458
2018,CPV,Cabo Verde,,African Dev. Bank         ,Multilateral,constant,USD million,37.4416
2019,CPV,Cabo Verde,,African Dev. Bank         ,Multilateral,constant,USD million,32.5311
2020,CPV,Cabo Verde,,African Dev. Bank         ,Multilateral,constant,USD million,39.3356
2021,CPV,Cabo Verde,,African Dev. Bank         ,Multilateral,constant,USD million,32.1155
2022,CPV,Cabo Verde,,African Dev. Bank         ,Multilateral,constant,USD million,30.5929
2023,CPV,Cabo Verde,,African Dev. Bank         ,Multilateral,constant,USD million,6.4565
2024,CPV,Cabo Verde,,African Dev. Bank         ,Multilateral,constant,USD million,0.6424
2025,CPV,Cabo Verde,,African Dev. Bank         ,Multilateral,constant,USD million,0.016
2015,CPV,Cabo Verde,,Arab Bank for Economic Dev. in Africa (BADEA),Multilateral,constant,USD million,4.045
2016,CPV,Cabo Verde,,Arab Bank for Economic Dev. in Africa (BADEA),Multilateral,constant,USD million,2.0836
2017,CPV,Cabo Verde,,Arab Bank for Economic Dev. in Africa (BADEA),Multilateral,constant,USD million,2.1779
2018,CPV,Cabo Verde,,Arab Bank for Economic Dev. in Africa (BADEA),Multilateral,constant,USD million,1.5864
2019,CPV,Cabo Verde,,Arab Bank for Economic Dev. in Africa (BADEA),Multilateral,constant,USD million,1.0168
2020,CPV,Cabo Verde,,Arab Bank for Economic Dev. in Africa (BADEA),Multilateral,constant,USD million,2.5418
2021,CPV,Cabo Verde,,Arab Bank for Economic Dev. in Africa (BADEA),Multilateral,constant,USD million,4.7173
2022,CPV,Cabo Verde,,Arab Bank for Economic Dev. in Africa (BADEA),Multilateral,constant,USD million,2.9769
2023,CPV,Cabo Verde,,Arab Bank for Economic Dev. in Africa (BADEA),Multilateral,constant,USD million,1.8045
2024,CPV,Cabo Verde,,Arab Bank for Economic Dev. in Africa (BADEA),Multilateral,constant,USD million,1.4221
2025,CPV,Cabo Verde,,Arab Bank for Economic Dev. in Africa (BADEA),Multilateral,constant,USD million,0.2397
2015,CPV,Cabo Verde,,Economic Community of West African States (ECOWAS),Multilateral,constant,USD million,1.602
2021,CPV,Cabo Verde,,Economic Community of West African States (ECOWAS),Multilateral,constant,USD million,0.0498
2022,CPV,Cabo Verde,,Economic Community of West African States (ECOWAS),Multilateral,constant,USD million,0.0195
2023,CPV,Cabo Verde,,Economic Community of West African States (ECOWAS),Multilateral,constant,USD million,0.0068
2024,CPV,Cabo Verde,,Economic Community of West African States (ECOWAS),Multilateral,constant,USD million,0.0045
2015,CPV,Cabo Verde,,European Investment Bank,Multilateral,constant,USD million,11.9835
2016,CPV,Cabo Verde,,European Investment Bank,Multilateral,constant,USD million,23.3863
2023,CPV,Cabo Verde,,International Fund for Agricultural Dev.,Multilateral,constant,USD million,0.2629
2024,CPV,Cabo Verde,,International Fund for Agricultural Dev.,Multilateral,constant,USD million,0.1723
2015,CPV,Cabo Verde,,OPEC Fund for International Dev.,Multilateral,constant,USD million,5.053
2016,CPV,Cabo Verde,,OPEC Fund for International Dev.,Multilateral,constant,USD million,0.3114
2019,CPV,Cabo Verde,,OPEC Fund for International Dev.,Multilateral,constant,USD million,0.534
2023,CPV,Cabo Verde,,OPEC Fund for International Dev.,Multilateral,constant,USD million,0.2083
2024,CPV,Cabo Verde,,OPEC Fund for International Dev.,Multilateral,constant,USD million,0.1366
2015,CPV,Cabo Verde,,World Bank-IBRD                         ,Multilateral,constant,USD million,5.618
2016,CPV,Cabo Verde,,World Bank-IBRD                         ,Multilateral,constant,USD million,1.7019
2017,CPV,Cabo Verde,,World Bank-IBRD                         ,Multilateral,constant,USD million,0.6836
2018,CPV,Cabo Verde,,World Bank-IBRD                         ,Multilateral,constant,USD million,0.6576
2019,CPV,Cabo Verde,,World Bank-IBRD                         ,Multilateral,constant,USD million,0.0237
2020,CPV,Cabo Verde,,World Bank-IBRD                         ,Multilateral,constant,USD million,4.5536
2022,CPV,Cabo Verde,,World Bank-IBRD                         ,Multilateral,constant,USD million,0.0082
2023,CPV,Cabo Verde,,World Bank-IBRD                         ,Multilateral,constant,USD million,0.396
2024,CPV,Cabo Verde,,World Bank-IBRD                         ,Multilateral,constant,USD million,0.4419
2025,CPV,Cabo Verde,,World Bank-IBRD                         ,Multilateral,constant,USD million,0.4483
2022,CPV,Cabo Verde,,World Bank-IDA                         ,Multilateral,constant,USD million,19.7612
2023,CPV,Cabo Verde,,World Bank-IDA                         ,Multilateral,constant,USD million,16.9983
2024,CPV,Cabo Verde,,World Bank-IDA                         ,Multilateral,constant,USD million,18.3434
2025,CPV,Cabo Verde,,World Bank-IDA                         ,Multilateral,constant,USD million,17.739
2023,KHM,Cambodia,,Asian Dev. Bank   ,Multilateral,constant,USD million,246.2441
2024,KHM,Cambodia,,Asian Dev. Bank   ,Multilateral,constant,USD million,311.6424
2025,KHM,Cambodia,,Asian Dev. Bank   ,Multilateral,constant,USD million,215.8805
2023,KHM,Cambodia,,Asian Infrastructure Investment Bank,Multilateral,constant,USD million,22.3518
2024,KHM,Cambodia,,Asian Infrastructure Investment Bank,Multilateral,constant,USD million,26.0121
2025,KHM,Cambodia,,Asian Infrastructure Investment Bank,Multilateral,constant,USD million,16.1877
2020,KHM,Cambodia,,European Investment Bank,Multilateral,constant,USD million,46.1747
2021,KHM,Cambodia,,European Investment Bank,Multilateral,constant,USD million,19.4218
2022,KHM,Cambodia,,European Investment Bank,Multilateral,constant,USD million,14.1291
2023,KHM,Cambodia,,European Investment Bank,Multilateral,constant,USD million,34.2631
2024,KHM,Cambodia,,European Investment Bank,Multilateral,constant,USD million,39.5139
2025,KHM,Cambodia,,European Investment Bank,Multilateral,constant,USD million,26.8544
2017,KHM,Cambodia,,International Fund for Agricultural Dev.,Multilateral,constant,USD million,1.5908
2018,KHM,Cambodia,,International Fund for Agricultural Dev.,Multilateral,constant,USD million,0.569
2019,KHM,Cambodia,,International Fund for Agricultural Dev.,Multilateral,constant,USD million,2.8323
2020,KHM,Cambodia,,International Fund for Agricultural Dev.,Multilateral,constant,USD million,4.2281
2021,KHM,Cambodia,,International Fund for Agricultural Dev.,Multilateral,constant,USD million,2.7774
2022,KHM,Cambodia,,International Fund for Agricultural Dev.,Multilateral,constant,USD million,1.0611
2023,KHM,Cambodia,,International Fund for Agricultural Dev.,Multilateral,constant,USD million,14.912
2024,KHM,Cambodia,,International Fund for Agricultural Dev.,Multilateral,constant,USD million,10.6781
2025,KHM,Cambodia,,International Fund for Agricultural Dev.,Multilateral,constant,USD million,6.7331
2015,KHM,Cambodia,,OPEC Fund for International Dev.,Multilateral,constant,USD million,8.457
2016,KHM,Cambodia,,OPEC Fund for International Dev.,Multilateral,constant,USD million,6.9498
2017,KHM,Cambodia,,OPEC Fund for International Dev.,Multilateral,constant,USD million,3.7548
2018,KHM,Cambodia,,OPEC Fund for International Dev.,Multilateral,constant,USD million,3.6589
2019,KHM,Cambodia,,OPEC Fund for International Dev.,Multilateral,constant,USD million,0.3806
2023,KHM,Cambodia,,OPEC Fund for International Dev.,Multilateral,constant,USD million,0.0521
2020,KHM,Cambodia,,World Bank-IDA                         ,Multilateral,constant,USD million,6.8123
2021,KHM,Cambodia,,World Bank-IDA                         ,Multilateral,constant,USD million,4.7932
2022,KHM,Cambodia,,World Bank-IDA                         ,Multilateral,constant,USD million,4.4776
2023,KHM,Cambodia,,World Bank-IDA                         ,Multilateral,constant,USD million,121.1682
2024,KHM,Cambodia,,World Bank-IDA                         ,Multilateral,constant,USD million,119.0638
2025,KHM,Cambodia,,World Bank-IDA                         ,Multilateral,constant,USD million,108.7826
2015,CMR,Cameroon,,African Dev. Bank         ,Multilateral,constant,USD million,11.9989
2016,CMR,Cameroon,,African Dev. Bank         ,Multilateral,constant,USD million,0.4608
2017,CMR,Cameroon,,African Dev. Bank         ,Multilateral,constant,USD million,8.7541
2018,CMR,Cameroon,,African Dev. Bank         ,Multilateral,constant,USD million,420.308
2019,CMR,Cameroon,,African Dev. Bank         ,Multilateral,constant,USD million,55.6622
2020,CMR,Cameroon,,African Dev. Bank         ,Multilateral,constant,USD million,248.7792
2021,CMR,Cameroon,,African Dev. Bank         ,Multilateral,constant,USD million,88.454
2022,CMR,Cameroon,,African Dev. Bank         ,Multilateral,constant,USD million,153.1936
2023,CMR,Cameroon,,African Dev. Bank         ,Multilateral,constant,USD million,218.8228
2024,CMR,Cameroon,,African Dev. Bank         ,Multilateral,constant,USD million,226.435
2025,CMR,Cameroon,,African Dev. Bank         ,Multilateral,constant,USD million,167.3572
2021,CMR,Cameroon,,African Export-Import Bank,Multilateral,constant,USD million,65.525
2015,CMR,Cameroon,,Arab Bank for Economic Dev. in Africa (BADEA),Multilateral,constant,USD million,7.166
2016,CMR,Cameroon,,Arab Bank for Economic Dev. in Africa (BADEA),Multilateral,constant,USD million,0.9951
2018,CMR,Cameroon,,Arab Bank for Economic Dev. in Africa (BADEA),Multilateral,constant,USD million,11.3061
2019,CMR,Cameroon,,Arab Bank for Economic Dev. in Africa (BADEA),Multilateral,constant,USD million,3.4843
2021,CMR,Cameroon,,Arab Bank for Economic Dev. in Africa (BADEA),Multilateral,constant,USD million,12.2323
2022,CMR,Cameroon,,Arab Bank for Economic Dev. in Africa (BADEA),Multilateral,constant,USD million,3.748
2023,CMR,Cameroon,,Arab Bank for Economic Dev. in Africa (BADEA),Multilateral,constant,USD million,41.9363
2024,CMR,Cameroon,,Arab Bank for Economic Dev. in Africa (BADEA),Multilateral,constant,USD million,32.7329
2025,CMR,Cameroon,,Arab Bank for Economic Dev. in Africa (BADEA),Multilateral,constant,USD million,16.2402
2015,CMR,Cameroon,,Central Bank of West African States (BCEAO),Multilateral,constant,USD million,8.0433
2016,CMR,Cameroon,,Central Bank of West African States (BCEAO),Multilateral,constant,USD million,7.3848
2017,CMR,Cameroon,,Central Bank of West African States (BCEAO),Multilateral,constant,USD million,1.435
2018,CMR,Cameroon,,Central Bank of West African States (BCEAO),Multilateral,constant,USD million,9.4723
2019,CMR,Cameroon,,Central Bank of West African States (BCEAO),Multilateral,constant,USD million,5.5235
2020,CMR,Cameroon,,Central Bank of West African States (BCEAO),Multilateral,constant,USD million,0.0566
2022,CMR,Cameroon,,Central Bank of West African States (BCEAO),Multilateral,constant,USD million,0.1458
2023,CMR,Cameroon,,Central Bank of West African States (BCEAO),Multilateral,constant,USD million,4.6298
2024,CMR,Cameroon,,Central Bank of West African States (BCEAO),Multilateral,constant,USD million,1.4802
2025,CMR,Cameroon,,Central Bank of West African States (BCEAO),Multilateral,constant,USD million,1.4261
2015,CMR,Cameroon,,Dev. Bank of the Central African States (BDEAC),Multilateral,constant,USD million,0.2492
2016,CMR,Cameroon,,Dev. Bank of the Central African States (BDEAC),Multilateral,constant,USD million,0.2722
2017,CMR,Cameroon,,Dev. Bank of the Central African States (BDEAC),Multilateral,constant,USD million,0.9912
2018,CMR,Cameroon,,Dev. Bank of the Central African States (BDEAC),Multilateral,constant,USD million,4.4718
2019,CMR,Cameroon,,Dev. Bank of the Central African States (BDEAC),Multilateral,constant,USD million,0.0619
2021,CMR,Cameroon,,Dev. Bank of the Central African States (BDEAC),Multilateral,constant,USD million,2.7832
2023,CMR,Cameroon,,Dev. Bank of the Central African States (BDEAC),Multilateral,constant,USD million,12.0699
2024,CMR,Cameroon,,Dev. Bank of the Central African States (BDEAC),Multilateral,constant,USD million,13.2545
2025,CMR,Cameroon,,Dev. Bank of the Central African States (BDEAC),Multilateral,constant,USD million,8.1261
2015,CMR,Cameroon,,European Investment Bank,Multilateral,constant,USD million,13.123
2016,CMR,Cameroon,,European Investment Bank,Multilateral,constant,USD million,10.7681
2019,CMR,Cameroon,,European Investment Bank,Multilateral,constant,USD million,10.5801
2023,CMR,Cameroon,,European Investment Bank,Multilateral,constant,USD million,8.1257
2024,CMR,Cameroon,,European Investment Bank,Multilateral,constant,USD million,31.3524
2025,CMR,Cameroon,,European Investment Bank,Multilateral,constant,USD million,21.9939
2023,CMR,Cameroon,,International Fund for Agricultural Dev.,Multilateral,constant,USD million,17.3575
2024,CMR,Cameroon,,International Fund for Agricultural Dev.,Multilateral,constant,USD million,12.2151
2025,CMR,Cameroon,,International Fund for Agricultural Dev.,Multilateral,constant,USD million,7.7821
2015,CMR,Cameroon,,Islamic Dev. Bank,Multilateral,constant,USD million,2.8724
2016,CMR,Cameroon,,Islamic Dev. Bank,Multilateral,constant,USD million,25.352
2017,CMR,Cameroon,,Islamic Dev. Bank,Multilateral,constant,USD million,13.1822
2018,CMR,Cameroon,,Islamic Dev. Bank,Multilateral,constant,USD million,105.0832
2019,CMR,Cameroon,,Islamic Dev. Bank,Multilateral,constant,USD million,46.3199
2020,CMR,Cameroon,,Islamic Dev. Bank,Multilateral,constant,USD million,117.5562
2021,CMR,Cameroon,,Islamic Dev. Bank,Multilateral,constant,USD million,145.3877
2022,CMR,Cameroon,,Islamic Dev. Bank,Multilateral,constant,USD million,70.6407
2023,CMR,Cameroon,,Islamic Dev. Bank,Multilateral,constant,USD million,128.8836
2024,CMR,Cameroon,,Islamic Dev. Bank,Multilateral,constant,USD million,111.9979
2025,CMR,Cameroon,,Islamic Dev. Bank,Multilateral,constant,USD million,61.2286
2015,CMR,Cameroon,,OPEC Fund for International Dev.,Multilateral,constant,USD million,4.487
2016,CMR,Cameroon,,OPEC Fund for International Dev.,Multilateral,constant,USD million,1.6268
2017,CMR,Cameroon,,OPEC Fund for International Dev.,Multilateral,constant,USD million,4.6488
2018,CMR,Cameroon,,OPEC Fund for International Dev.,Multilateral,constant,USD million,1.0714
2019,CMR,Cameroon,,OPEC Fund for International Dev.,Multilateral,constant,USD million,1.7699
2020,CMR,Cameroon,,OPEC Fund for International Dev.,Multilateral,constant,USD million,2.0145
2021,CMR,Cameroon,,OPEC Fund for International Dev.,Multilateral,constant,USD million,3.427
2022,CMR,Cameroon,,OPEC Fund for International Dev.,Multilateral,constant,USD million,0.242
2023,CMR,Cameroon,,OPEC Fund for International Dev.,Multilateral,constant,USD million,5.3029
2024,CMR,Cameroon,,OPEC Fund for International Dev.,Multilateral,constant,USD million,8.7621
2025,CMR,Cameroon,,OPEC Fund for International Dev.,Multilateral,constant,USD million,5.0728
2017,CMR,Cameroon,,World Bank-IBRD                         ,Multilateral,constant,USD million,216.1829
2018,CMR,Cameroon,,World Bank-IBRD                         ,Multilateral,constant,USD million,34.6123
2019,CMR,Cameroon,,World Bank-IBRD                         ,Multilateral,constant,USD million,4.9582
2020,CMR,Cameroon,,World Bank-IBRD                         ,Multilateral,constant,USD million,9.9859
2021,CMR,Cameroon,,World Bank-IBRD                         ,Multilateral,constant,USD million,20.8312
2022,CMR,Cameroon,,World Bank-IBRD                         ,Multilateral,constant,USD million,83.1436
2023,CMR,Cameroon,,World Bank-IBRD                         ,Multilateral,constant,USD million,70.6567
2024,CMR,Cameroon,,World Bank-IBRD                         ,Multilateral,constant,USD million,61.3738
2025,CMR,Cameroon,,World Bank-IBRD                         ,Multilateral,constant,USD million,47.9329
2015,CMR,Cameroon,,World Bank-IDA                         ,Multilateral,constant,USD million,11.656
2016,CMR,Cameroon,,World Bank-IDA                         ,Multilateral,constant,USD million,34.9472
2017,CMR,Cameroon,,World Bank-IDA                         ,Multilateral,constant,USD million,39.3615
2018,CMR,Cameroon,,World Bank-IDA                         ,Multilateral,constant,USD million,55.5514
2019,CMR,Cameroon,,World Bank-IDA                         ,Multilateral,constant,USD million,50.6493
2020,CMR,Cameroon,,World Bank-IDA                         ,Multilateral,constant,USD million,51.5999
2021,CMR,Cameroon,,World Bank-IDA                         ,Multilateral,constant,USD million,58.0784
2022,CMR,Cameroon,,World Bank-IDA                         ,Multilateral,constant,USD million,26.1438
2023,CMR,Cameroon,,World Bank-IDA                         ,Multilateral,constant,USD million,251.7239
2024,CMR,Cameroon,,World Bank-IDA                         ,Multilateral,constant,USD million,243.5648
2025,CMR,Cameroon,,World Bank-IDA                         ,Multilateral,constant,USD million,231.9432
2023,CAF,Central African Republic,,Arab Bank for Economic Dev. in Africa (BADEA),Multilateral,constant,USD million,4.7303
2024,CAF,Central African Republic,,Arab Bank for Economic Dev. in Africa (BADEA),Multilateral,constant,USD million,5.0907
2025,CAF,Central African Republic,,Arab Bank for Economic Dev. in Africa (BADEA),Multilateral,constant,USD million,3.4492
2023,CAF,Central African Republic,,International Fund for Agricultural Dev.,Multilateral,constant,USD million,0.1455
2024,CAF,Central African Republic,,International Fund for Agricultural Dev.,Multilateral,constant,USD million,0.3503
2025,CAF,Central African Republic,,International Fund for Agricultural Dev.,Multilateral,constant,USD million,0.2523
2023,CAF,Central African Republic,,OPEC Fund for International Dev.,Multilateral,constant,USD million,0.6228
2024,CAF,Central African Republic,,OPEC Fund for International Dev.,Multilateral,constant,USD million,1.1482
2025,CAF,Central African Republic,,OPEC Fund for International Dev.,Multilateral,constant,USD million,0.6503
2023,TCD,Chad,,African Dev. Bank         ,Multilateral,constant,USD million,4.6308
2024,TCD,Chad,,African Dev. Bank         ,Multilateral,constant,USD million,3.2545
2025,TCD,Chad,,African Dev. Bank         ,Multilateral,constant,USD million,0.9875
2015,TCD,Chad,,Arab Bank for Economic Dev. in Africa (BADEA),Multilateral,constant,USD million,0.51
2020,TCD,Chad,,Arab Bank for Economic Dev. in Africa (BADEA),Multilateral,constant,USD million,3.8019
2023,TCD,Chad,,Arab Bank for Economic Dev. in Africa (BADEA),Multilateral,constant,USD million,22.8309
2024,TCD,Chad,,Arab Bank for Economic Dev. in Africa (BADEA),Multilateral,constant,USD million,20.9007
2025,TCD,Chad,,Arab Bank for Economic Dev. in Africa (BADEA),Multilateral,constant,USD million,12.7359
2015,TCD,Chad,,Dev. Bank of the Central African States (BDEAC),Multilateral,constant,USD million,20.1349
2016,TCD,Chad,,Dev. Bank of the Central African States (BDEAC),Multilateral,constant,USD million,23.4958
2017,TCD,Chad,,Dev. Bank of the Central African States (BDEAC),Multilateral,constant,USD million,72.1099
2020,TCD,Chad,,Dev. Bank of the Central African States (BDEAC),Multilateral,constant,USD million,31.2641
2021,TCD,Chad,,Dev. Bank of the Central African States (BDEAC),Multilateral,constant,USD million,103.7741
2023,TCD,Chad,,Dev. Bank of the Central African States (BDEAC),Multilateral,constant,USD million,80.2607
2024,TCD,Chad,,Dev. Bank of the Central African States (BDEAC),Multilateral,constant,USD million,37.9059
2025,TCD,Chad,,Dev. Bank of the Central African States (BDEAC),Multilateral,constant,USD million,19.0515
2023,TCD,Chad,,European Investment Bank,Multilateral,constant,USD million,0.864
2024,TCD,Chad,,European Investment Bank,Multilateral,constant,USD million,5.0447
2025,TCD,Chad,,European Investment Bank,Multilateral,constant,USD million,3.731
2023,TCD,Chad,,International Fund for Agricultural Dev.,Multilateral,constant,USD million,6.217
2024,TCD,Chad,,International Fund for Agricultural Dev.,Multilateral,constant,USD million,3.7029
2025,TCD,Chad,,International Fund for Agricultural Dev.,Multilateral,constant,USD million,2.1004
2015,TCD,Chad,,Islamic Dev. Bank,Multilateral,constant,USD million,3.9956
2016,TCD,Chad,,Islamic Dev. Bank,Multilateral,constant,USD million,26.853
2017,TCD,Chad,,Islamic Dev. Bank,Multilateral,constant,USD million,0.6883
2019,TCD,Chad,,Islamic Dev. Bank,Multilateral,constant,USD million,8.7652
2021,TCD,Chad,,Islamic Dev. Bank,Multilateral,constant,USD million,0.3825
2022,TCD,Chad,,Islamic Dev. Bank,Multilateral,constant,USD million,1.1257
2023,TCD,Chad,,Islamic Dev. Bank,Multilateral,constant,USD million,67.3832
2024,TCD,Chad,,Islamic Dev. Bank,Multilateral,constant,USD million,56.1714
2025,TCD,Chad,,Islamic Dev. Bank,Multilateral,constant,USD million,36.3211
2016,TCD,Chad,,OPEC Fund for International Dev.,Multilateral,constant,USD million,1.6044
2017,TCD,Chad,,OPEC Fund for International Dev.,Multilateral,constant,USD million,7.1657
2019,TCD,Chad,,OPEC Fund for International Dev.,Multilateral,constant,USD million,3.0587
2020,TCD,Chad,,OPEC Fund for International Dev.,Multilateral,constant,USD million,1.621
2021,TCD,Chad,,OPEC Fund for International Dev.,Multilateral,constant,USD million,1.0561
2022,TCD,Chad,,OPEC Fund for International Dev.,Multilateral,constant,USD million,3.5889
2023,TCD,Chad,,OPEC Fund for International Dev.,Multilateral,constant,USD million,10.7762
2024,TCD,Chad,,OPEC Fund for International Dev.,Multilateral,constant,USD million,7.5549
2025,TCD,Chad,,OPEC Fund for International Dev.,Multilateral,constant,USD million,4.4878
2015,CHN,China,,Asian Dev. Bank   ,Multilateral,constant,USD million,1155.021
2016,CHN,China,,Asian Dev. Bank   ,Multilateral,constant,USD million,1715.3118
2017,CHN,China,,Asian Dev. Bank   ,Multilateral,constant,USD million,1426.1032
2018,CHN,China,,Asian Dev. Bank   ,Multilateral,constant,USD million,1439.2528
2019,CHN,China,,Asian Dev. Bank   ,Multilateral,constant,USD million,1496.3078
2020,CHN,China,,Asian Dev. Bank   ,Multilateral,constant,USD million,1121.4563
2021,CHN,China,,Asian Dev. Bank   ,Multilateral,constant,USD million,1324.8308
2022,CHN,China,,Asian Dev. Bank   ,Multilateral,constant,USD million,1241.9952
2023,CHN,China,,Asian Dev. Bank   ,Multilateral,constant,USD million,1766.0902
2024,CHN,China,,Asian Dev. Bank   ,Multilateral,constant,USD million,1881.8038
2025,CHN,China,,Asian Dev. Bank   ,Multilateral,constant,USD million,1475.6357
2015,CHN,China,,European Investment Bank,Multilateral,constant,USD million,50.9476
2016,CHN,China,,European Investment Bank,Multilateral,constant,USD million,37.8031
2017,CHN,China,,European Investment Bank,Multilateral,constant,USD million,12.4226
2018,CHN,China,,European Investment Bank,Multilateral,constant,USD million,79.8831
2019,CHN,China,,European Investment Bank,Multilateral,constant,USD million,401.5938
2020,CHN,China,,European Investment Bank,Multilateral,constant,USD million,338.3615
2015,CHN,China,,World Bank-IBRD                         ,Multilateral,constant,USD million,1513.494
2016,CHN,China,,World Bank-IBRD                         ,Multilateral,constant,USD million,1457.6068
2017,CHN,China,,World Bank-IBRD                         ,Multilateral,constant,USD million,2164.2091
2018,CHN,China,,World Bank-IBRD                         ,Multilateral,constant,USD million,1700.305
2019,CHN,China,,World Bank-IBRD                         ,Multilateral,constant,USD million,1862.6565
2020,CHN,China,,World Bank-IBRD                         ,Multilateral,constant,USD million,1416.6718
2021,CHN,China,,World Bank-IBRD                         ,Multilateral,constant,USD million,1619.2885
2022,CHN,China,,World Bank-IBRD                         ,Multilateral,constant,USD million,861.2559
2023,CHN,China,,World Bank-IBRD                         ,Multilateral,constant,USD million,906.5906
2024,CHN,China,,World Bank-IBRD                         ,Multilateral,constant,USD million,717.3211
2025,CHN,China,,World Bank-IBRD                         ,Multilateral,constant,USD million,494.8805
2016,COL,Colombia,,Central American Bank for Econ. Integration (BCIE),Multilateral,constant,USD million,84.7823
2020,COL,Colombia,,Central American Bank for Econ. Integration (BCIE),Multilateral,constant,USD million,11.0343
2015,COL,Colombia,,Corporacion Andina de Fomento,Multilateral,constant,USD million,274.381
2016,COL,Colombia,,Corporacion Andina de Fomento,Multilateral,constant,USD million,527.4953
2017,COL,Colombia,,Corporacion Andina de Fomento,Multilateral,constant,USD million,233.3805
2018,COL,Colombia,,Corporacion Andina de Fomento,Multilateral,constant,USD million,470.7794
2019,COL,Colombia,,Corporacion Andina de Fomento,Multilateral,constant,USD million,6.5235
2020,COL,Colombia,,Corporacion Andina de Fomento,Multilateral,constant,USD million,551.8833
2021,COL,Colombia,,Corporacion Andina de Fomento,Multilateral,constant,USD million,519.7954
2022,COL,Colombia,,Corporacion Andina de Fomento,Multilateral,constant,USD million,35.1511
2023,COL,Colombia,,Corporacion Andina de Fomento,Multilateral,constant,USD million,55.9999
2024,COL,Colombia,,Corporacion Andina de Fomento,Multilateral,constant,USD million,41.8509
2025,COL,Colombia,,Corporacion Andina de Fomento,Multilateral,constant,USD million,22.7772
2015,COL,Colombia,,Inter-American Dev. Bank      ,Multilateral,constant,USD million,1062.146
2016,COL,Colombia,,Inter-American Dev. Bank      ,Multilateral,constant,USD million,1160.5435
2017,COL,Colombia,,Inter-American Dev. Bank      ,Multilateral,constant,USD million,1007.7936
2018,COL,Colombia,,Inter-American Dev. Bank      ,Multilateral,constant,USD million,878.4663
2019,COL,Colombia,,Inter-American Dev. Bank      ,Multilateral,constant,USD million,1116.8097
2020,COL,Colombia,,Inter-American Dev. Bank      ,Multilateral,constant,USD million,1419.803
2021,COL,Colombia,,Inter-American Dev. Bank      ,Multilateral,constant,USD million,1440.3211
2022,COL,Colombia,,Inter-American Dev. Bank      ,Multilateral,constant,USD million,762.0883
2023,COL,Colombia,,Inter-American Dev. Bank      ,Multilateral,constant,USD million,308.5224
2024,COL,Colombia,,Inter-American Dev. Bank      ,Multilateral,constant,USD million,226.3844
2025,COL,Colombia,,Inter-American Dev. Bank      ,Multilateral,constant,USD million,158.7887
2020,COL,Colombia,,International Finance Corporation,Multilateral,constant,USD million,22.0687
2021,COL,Colombia,,International Finance Corporation,Multilateral,constant,USD million,41.5078
2022,COL,Colombia,,International Finance Corporation,Multilateral,constant,USD million,70.5528
2023,COL,Colombia,,International Finance Corporation,Multilateral,constant,USD million,5.5426
2024,COL,Colombia,,International Finance Corporation,Multilateral,constant,USD million,4.9095
2015,COL,Colombia,,International Fund for Agricultural Dev.,Multilateral,constant,USD million,2.261
2016,COL,Colombia,,International Fund for Agricultural Dev.,Multilateral,constant,USD million,7.4868
2017,COL,Colombia,,International Fund for Agricultural Dev.,Multilateral,constant,USD million,4.3918
2018,COL,Colombia,,International Fund for Agricultural Dev.,Multilateral,constant,USD million,2.4142
2019,COL,Colombia,,International Fund for Agricultural Dev.,Multilateral,constant,USD million,11.9126
2020,COL,Colombia,,International Fund for Agricultural Dev.,Multilateral,constant,USD million,15.7437
2021,COL,Colombia,,International Fund for Agricultural Dev.,Multilateral,constant,USD million,3.5338
2022,COL,Colombia,,International Fund for Agricultural Dev.,Multilateral,constant,USD million,1.6697
2023,COL,Colombia,,International Fund for Agricultural Dev.,Multilateral,constant,USD million,18.5064
2024,COL,Colombia,,International Fund for Agricultural Dev.,Multilateral,constant,USD million,7.8306
2025,COL,Colombia,,International Fund for Agricultural Dev.,Multilateral,constant,USD million,2.2195
2015,COL,Colombia,,World Bank-IBRD                         ,Multilateral,constant,USD million,1005.464
2016,COL,Colombia,,World Bank-IBRD                         ,Multilateral,constant,USD million,1627.2382
2017,COL,Colombia,,World Bank-IBRD                         ,Multilateral,constant,USD million,196.0977
2018,COL,Colombia,,World Bank-IBRD                         ,Multilateral,constant,USD million,1330.122
2019,COL,Colombia,,World Bank-IBRD                         ,Multilateral,constant,USD million,883.0589
2020,COL,Colombia,,World Bank-IBRD                         ,Multilateral,constant,USD million,1632.1963
2021,COL,Colombia,,World Bank-IBRD                         ,Multilateral,constant,USD million,2395.7881
2022,COL,Colombia,,World Bank-IBRD                         ,Multilateral,constant,USD million,2172.3653
2023,COL,Colombia,,World Bank-IBRD                         ,Multilateral,constant,USD million,175.9435
2024,COL,Colombia,,World Bank-IBRD                         ,Multilateral,constant,USD million,140.6348
2025,COL,Colombia,,World Bank-IBRD                         ,Multilateral,constant,USD million,110.1901
2023,COM,Comoros,,African Dev. Bank         ,Multilateral,constant,USD million,2.039
2024,COM,Comoros,,African Dev. Bank         ,Multilateral,constant,USD million,1.3818
2025,COM,Comoros,,African Dev. Bank         ,Multilateral,constant,USD million,0.9957
2019,COM,Comoros,,Eastern & Southern African Trade & Dev. Bank (TDB),Multilateral,constant,USD million,11.329
2020,COM,Comoros,,Eastern & Southern African Trade & Dev. Bank (TDB),Multilateral,constant,USD million,0.8872
2021,COM,Comoros,,Eastern & Southern African Trade & Dev. Bank (TDB),Multilateral,constant,USD million,5.7979
2022,COM,Comoros,,Eastern & Southern African Trade & Dev. Bank (TDB),Multilateral,constant,USD million,7.3865
2023,COM,Comoros,,International Fund for Agricultural Dev.,Multilateral,constant,USD million,0.1884
2024,COM,Comoros,,International Fund for Agricultural Dev.,Multilateral,constant,USD million,0.4586
2025,COM,Comoros,,International Fund for Agricultural Dev.,Multilateral,constant,USD million,0.338
2023,COM,Comoros,,World Bank-IDA                         ,Multilateral,constant,USD million,19.2299
2024,COM,Comoros,,World Bank-IDA                         ,Multilateral,constant,USD million,18.1906
2025,COM,Comoros,,World Bank-IDA                         ,Multilateral,constant,USD million,16.5297
2023,COD,"Congo, Dem. Rep.",,African Dev. Bank         ,Multilateral,constant,USD million,41.6758
2024,COD,"Congo, Dem. Rep.",,African Dev. Bank         ,Multilateral,constant,USD million,80.5571
2025,COD,"Congo, Dem. Rep.",,African Dev. Bank         ,Multilateral,constant,USD million,68.2761
2023,COD,"Congo, Dem. Rep.",,Arab Bank for Economic Dev. in Africa (BADEA),Multilateral,constant,USD million,5.4506
2024,COD,"Congo, Dem. Rep.",,Arab Bank for Economic Dev. in Africa (BADEA),Multilateral,constant,USD million,12.1641
2025,COD,"Congo, Dem. Rep.",,Arab Bank for Economic Dev. in Africa (BADEA),Multilateral,constant,USD million,8.66
2016,COD,"Congo, Dem. Rep.",,Dev. Bank of the Central African States (BDEAC),Multilateral,constant,USD million,16.9833
2023,COD,"Congo, Dem. Rep.",,Dev. Bank of the Central African States (BDEAC),Multilateral,constant,USD million,10.4191
2024,COD,"Congo, Dem. Rep.",,Dev. Bank of the Central African States (BDEAC),Multilateral,constant,USD million,6.4755
2025,COD,"Congo, Dem. Rep.",,Dev. Bank of the Central African States (BDEAC),Multilateral,constant,USD million,4.148
2015,COD,"Congo, Dem. Rep.",,European Investment Bank,Multilateral,constant,USD million,60.4734
2018,COD,"Congo, Dem. Rep.",,European Investment Bank,Multilateral,constant,USD million,13.1261
2019,COD,"Congo, Dem. Rep.",,European Investment Bank,Multilateral,constant,USD million,8.4773
2023,COD,"Congo, Dem. Rep.",,European Investment Bank,Multilateral,constant,USD million,2.0181
2024,COD,"Congo, Dem. Rep.",,European Investment Bank,Multilateral,constant,USD million,1.3007
2023,COD,"Congo, Dem. Rep.",,International Fund for Agricultural Dev.,Multilateral,constant,USD million,6.9441
2024,COD,"Congo, Dem. Rep.",,International Fund for Agricultural Dev.,Multilateral,constant,USD million,4.9232
2025,COD,"Congo, Dem. Rep.",,International Fund for Agricultural Dev.,Multilateral,constant,USD million,3.4403
2017,COD,"Congo, Dem. Rep.",,Islamic Dev. Bank,Multilateral,constant,USD million,233.9343
2015,COD,"Congo, Dem. Rep.",,OPEC Fund for International Dev.,Multilateral,constant,USD million,1.859
2016,COD,"Congo, Dem. Rep.",,OPEC Fund for International Dev.,Multilateral,constant,USD million,0.1133
2022,COD,"Congo, Dem. Rep.",,OPEC Fund for International Dev.,Multilateral,constant,USD million,4.8682
2023,COD,"Congo, Dem. Rep.",,OPEC Fund for International Dev.,Multilateral,constant,USD million,14.2362
2024,COD,"Congo, Dem. Rep.",,OPEC Fund for International Dev.,Multilateral,constant,USD million,11.6497
2025,COD,"Congo, Dem. Rep.",,OPEC Fund for International Dev.,Multilateral,constant,USD million,6.0289
2023,COD,"Congo, Dem. Rep.",,World Bank-IDA                         ,Multilateral,constant,USD million,381.1398
2024,COD,"Congo, Dem. Rep.",,World Bank-IDA                         ,Multilateral,constant,USD million,350.5888
2025,COD,"Congo, Dem. Rep.",,World Bank-IDA                         ,Multilateral,constant,USD million,328.7575
2017,COG,"Congo, Rep.",,African Dev. Bank         ,Multilateral,constant,USD million,25.8227
2018,COG,"Congo, Rep.",,African Dev. Bank         ,Multilateral,constant,USD million,23.105
2019,COG,"Congo, Rep.",,African Dev. Bank         ,Multilateral,constant,USD million,203.6208
2020,COG,"Congo, Rep.",,African Dev. Bank         ,Multilateral,constant,USD million,18.0371
2021,COG,"Congo, Rep.",,African Dev. Bank         ,Multilateral,constant,USD million,12.3232
2022,COG,"Congo, Rep.",,African Dev. Bank         ,Multilateral,constant,USD million,11.0656
2023,COG,"Congo, Rep.",,African Dev. Bank         ,Multilateral,constant,USD million,40.61
2024,COG,"Congo, Rep.",,African Dev. Bank         ,Multilateral,constant,USD million,25.1189
2025,COG,"Congo, Rep.",,African Dev. Bank         ,Multilateral,constant,USD million,15.8331
2017,COG,"Congo, Rep.",,African Export-Import Bank,Multilateral,constant,USD million,315.5372
2023,COG,"Congo, Rep.",,Arab Bank for Economic Dev. in Africa (BADEA),Multilateral,constant,USD million,2.8168
2024,COG,"Congo, Rep.",,Arab Bank for Economic Dev. in Africa (BADEA),Multilateral,constant,USD million,2.0075
2025,COG,"Congo, Rep.",,Arab Bank for Economic Dev. in Africa (BADEA),Multilateral,constant,USD million,1.2607
2016,COG,"Congo, Rep.",,Dev. Bank of the Central African States (BDEAC),Multilateral,constant,USD million,31.7695
2020,COG,"Congo, Rep.",,Dev. Bank of the Central African States (BDEAC),Multilateral,constant,USD million,22.4382
2021,COG,"Congo, Rep.",,Dev. Bank of the Central African States (BDEAC),Multilateral,constant,USD million,22.6806
2022,COG,"Congo, Rep.",,Dev. Bank of the Central African States (BDEAC),Multilateral,constant,USD million,19.4715
2023,COG,"Congo, Rep.",,Dev. Bank of the Central African States (BDEAC),Multilateral,constant,USD million,40.1698
2024,COG,"Congo, Rep.",,Dev. Bank of the Central African States (BDEAC),Multilateral,constant,USD million,53.8776
2025,COG,"Congo, Rep.",,Dev. Bank of the Central African States (BDEAC),Multilateral,constant,USD million,29.9558
2016,COG,"Congo, Rep.",,OPEC Fund for International Dev.,Multilateral,constant,USD million,0.275
2017,COG,"Congo, Rep.",,OPEC Fund for International Dev.,Multilateral,constant,USD million,8.6241
2022,COG,"Congo, Rep.",,OPEC Fund for International Dev.,Multilateral,constant,USD million,0.339
2023,COG,"Congo, Rep.",,OPEC Fund for International Dev.,Multilateral,constant,USD million,0.6871
2024,COG,"Congo, Rep.",,OPEC Fund for International Dev.,Multilateral,constant,USD million,0.4278
2025,COG,"Congo, Rep.",,OPEC Fund for International Dev.,Multilateral,constant,USD million,0.2794
2015,COG,"Congo, Rep.",,World Bank-IBRD                         ,Multilateral,constant,USD million,0.112
2016,COG,"Congo, Rep.",,World Bank-IBRD                         ,Multilateral,constant,USD million,4.101
2017,COG,"Congo, Rep.",,World Bank-IBRD                         ,Multilateral,constant,USD million,4.3337
2018,COG,"Congo, Rep.",,World Bank-IBRD                         ,Multilateral,constant,USD million,11.0707
2019,COG,"Congo, Rep.",,World Bank-IBRD                         ,Multilateral,constant,USD million,16.4618
2020,COG,"Congo, Rep.",,World Bank-IBRD                         ,Multilateral,constant,USD million,29.2372
2021,COG,"Congo, Rep.",,World Bank-IBRD                         ,Multilateral,constant,USD million,26.4532
2022,COG,"Congo, Rep.",,World Bank-IBRD                         ,Multilateral,constant,USD million,26.7869
2023,COG,"Congo, Rep.",,World Bank-IBRD                         ,Multilateral,constant,USD million,12.6509
2024,COG,"Congo, Rep.",,World Bank-IBRD                         ,Multilateral,constant,USD million,12.0515
2025,COG,"Congo, Rep.",,World Bank-IBRD                         ,Multilateral,constant,USD million,11.3808
2015,COG,"Congo, Rep.",,World Bank-IDA                         ,Multilateral,constant,USD million,9.862
2016,COG,"Congo, Rep.",,World Bank-IDA                         ,Multilateral,constant,USD million,12.6753
2017,COG,"Congo, Rep.",,World Bank-IDA                         ,Multilateral,constant,USD million,16.2538
2018,COG,"Congo, Rep.",,World Bank-IDA                         ,Multilateral,constant,USD million,18.5894
2019,COG,"Congo, Rep.",,World Bank-IDA                         ,Multilateral,constant,USD million,24.5551
2020,COG,"Congo, Rep.",,World Bank-IDA                         ,Multilateral,constant,USD million,30.5976
2021,COG,"Congo, Rep.",,World Bank-IDA                         ,Multilateral,constant,USD million,20.1683
2022,COG,"Congo, Rep.",,World Bank-IDA                         ,Multilateral,constant,USD million,17.6809
2023,COG,"Congo, Rep.",,World Bank-IDA                         ,Multilateral,constant,USD million,49.6344
2024,COG,"Congo, Rep.",,World Bank-IDA                         ,Multilateral,constant,USD million,41.0327
2025,COG,"Congo, Rep.",,World Bank-IDA                         ,Multilateral,constant,USD million,31.0525
2015,CRI,Costa Rica,,Central American Bank for Econ. Integration (BCIE),Multilateral,constant,USD million,239.335
2016,CRI,Costa Rica,,Central American Bank for Econ. Integration (BCIE),Multilateral,constant,USD million,236.5627
2017,CRI,Costa Rica,,Central American Bank for Econ. Integration (BCIE),Multilateral,constant,USD million,97.2816
2018,CRI,Costa Rica,,Central American Bank for Econ. Integration (BCIE),Multilateral,constant,USD million,106.1057
2019,CRI,Costa Rica,,Central American Bank for Econ. Integration (BCIE),Multilateral,constant,USD million,327.6594
2020,CRI,Costa Rica,,Central American Bank for Econ. Integration (BCIE),Multilateral,constant,USD million,58.3901
2021,CRI,Costa Rica,,Central American Bank for Econ. Integration (BCIE),Multilateral,constant,USD million,89.2112
2022,CRI,Costa Rica,,Central American Bank for Econ. Integration (BCIE),Multilateral,constant,USD million,91.9155
2023,CRI,Costa Rica,,Central American Bank for Econ. Integration (BCIE),Multilateral,constant,USD million,290.7681
2024,CRI,Costa Rica,,Central American Bank for Econ. Integration (BCIE),Multilateral,constant,USD million,356.2683
2025,CRI,Costa Rica,,Central American Bank for Econ. Integration (BCIE),Multilateral,constant,USD million,194.3818
2015,CRI,Costa Rica,,Corporacion Andina de Fomento,Multilateral,constant,USD million,8.5
2016,CRI,Costa Rica,,Corporacion Andina de Fomento,Multilateral,constant,USD million,9.9945
2017,CRI,Costa Rica,,Corporacion Andina de Fomento,Multilateral,constant,USD million,5.3013
2018,CRI,Costa Rica,,Corporacion Andina de Fomento,Multilateral,constant,USD million,1007.0691
2015,CRI,Costa Rica,,European Investment Bank,Multilateral,constant,USD million,10.0
2016,CRI,Costa Rica,,European Investment Bank,Multilateral,constant,USD million,15.1467
2017,CRI,Costa Rica,,European Investment Bank,Multilateral,constant,USD million,12.114
2018,CRI,Costa Rica,,European Investment Bank,Multilateral,constant,USD million,27.211
2019,CRI,Costa Rica,,European Investment Bank,Multilateral,constant,USD million,1.9291
2022,CRI,Costa Rica,,Fondo Latinoamericano de Reservas (FLAR),Multilateral,constant,USD million,1105.0077
2015,CRI,Costa Rica,,Inter-American Dev. Bank      ,Multilateral,constant,USD million,173.387
2016,CRI,Costa Rica,,Inter-American Dev. Bank      ,Multilateral,constant,USD million,154.3606
2017,CRI,Costa Rica,,Inter-American Dev. Bank      ,Multilateral,constant,USD million,167.1475
2018,CRI,Costa Rica,,Inter-American Dev. Bank      ,Multilateral,constant,USD million,261.1995
2019,CRI,Costa Rica,,Inter-American Dev. Bank      ,Multilateral,constant,USD million,483.9316
2020,CRI,Costa Rica,,Inter-American Dev. Bank      ,Multilateral,constant,USD million,321.7959
2021,CRI,Costa Rica,,Inter-American Dev. Bank      ,Multilateral,constant,USD million,349.5582
2022,CRI,Costa Rica,,Inter-American Dev. Bank      ,Multilateral,constant,USD million,408.0191
2023,CRI,Costa Rica,,Inter-American Dev. Bank      ,Multilateral,constant,USD million,222.06
2024,CRI,Costa Rica,,Inter-American Dev. Bank      ,Multilateral,constant,USD million,205.012
2025,CRI,Costa Rica,,Inter-American Dev. Bank      ,Multilateral,constant,USD million,116.4317
2019,CRI,Costa Rica,,Multiple Lenders,Multilateral,constant,USD million,51.0844
2015,CRI,Costa Rica,,World Bank-IBRD                         ,Multilateral,constant,USD million,14.447
2016,CRI,Costa Rica,,World Bank-IBRD                         ,Multilateral,constant,USD million,166.6889
2017,CRI,Costa Rica,,World Bank-IBRD                         ,Multilateral,constant,USD million,87.2762
2018,CRI,Costa Rica,,World Bank-IBRD                         ,Multilateral,constant,USD million,151.715
2019,CRI,Costa Rica,,World Bank-IBRD                         ,Multilateral,constant,USD million,86.5722
2020,CRI,Costa Rica,,World Bank-IBRD                         ,Multilateral,constant,USD million,103.7369
2021,CRI,Costa Rica,,World Bank-IBRD                         ,Multilateral,constant,USD million,310.7533
2022,CRI,Costa Rica,,World Bank-IBRD                         ,Multilateral,constant,USD million,308.5121
2023,CRI,Costa Rica,,World Bank-IBRD                         ,Multilateral,constant,USD million,68.5453
2024,CRI,Costa Rica,,World Bank-IBRD                         ,Multilateral,constant,USD million,33.9486
2025,CRI,Costa Rica,,World Bank-IBRD                         ,Multilateral,constant,USD million,31.5762
2017,CIV,Cote d'Ivoire,,African Dev. Bank         ,Multilateral,constant,USD million,62.5326
2018,CIV,Cote d'Ivoire,,African Dev. Bank         ,Multilateral,constant,USD million,74.9987
2019,CIV,Cote d'Ivoire,,African Dev. Bank         ,Multilateral,constant,USD million,133.1974
2020,CIV,Cote d'Ivoire,,African Dev. Bank         ,Multilateral,constant,USD million,152.8709
2021,CIV,Cote d'Ivoire,,African Dev. Bank         ,Multilateral,constant,USD million,112.4604
2022,CIV,Cote d'Ivoire,,African Dev. Bank         ,Multilateral,constant,USD million,254.0208
2023,CIV,Cote d'Ivoire,,African Dev. Bank         ,Multilateral,constant,USD million,307.7275
2024,CIV,Cote d'Ivoire,,African Dev. Bank         ,Multilateral,constant,USD million,258.3712
2025,CIV,Cote d'Ivoire,,African Dev. Bank         ,Multilateral,constant,USD million,168.3949
2018,CIV,Cote d'Ivoire,,African Export-Import Bank,Multilateral,constant,USD million,111.6099
2020,CIV,Cote d'Ivoire,,African Export-Import Bank,Multilateral,constant,USD million,186.9895
2021,CIV,Cote d'Ivoire,,African Export-Import Bank,Multilateral,constant,USD million,62.0152
2022,CIV,Cote d'Ivoire,,African Export-Import Bank,Multilateral,constant,USD million,91.4056
2023,CIV,Cote d'Ivoire,,African Export-Import Bank,Multilateral,constant,USD million,52.7391
2024,CIV,Cote d'Ivoire,,African Export-Import Bank,Multilateral,constant,USD million,27.0373
2025,CIV,Cote d'Ivoire,,African Export-Import Bank,Multilateral,constant,USD million,8.1776
2015,CIV,Cote d'Ivoire,,Arab Bank for Economic Dev. in Africa (BADEA),Multilateral,constant,USD million,0.946
2016,CIV,Cote d'Ivoire,,Arab Bank for Economic Dev. in Africa (BADEA),Multilateral,constant,USD million,0.0284
2021,CIV,Cote d'Ivoire,,Arab Bank for Economic Dev. in Africa (BADEA),Multilateral,constant,USD million,0.677
2022,CIV,Cote d'Ivoire,,Arab Bank for Economic Dev. in Africa (BADEA),Multilateral,constant,USD million,2.1852
2023,CIV,Cote d'Ivoire,,Arab Bank for Economic Dev. in Africa (BADEA),Multilateral,constant,USD million,23.0564
2024,CIV,Cote d'Ivoire,,Arab Bank for Economic Dev. in Africa (BADEA),Multilateral,constant,USD million,28.6768
2025,CIV,Cote d'Ivoire,,Arab Bank for Economic Dev. in Africa (BADEA),Multilateral,constant,USD million,17.0309
2023,CIV,Cote d'Ivoire,,Asian Infrastructure Investment Bank,Multilateral,constant,USD million,26.4228
2024,CIV,Cote d'Ivoire,,Asian Infrastructure Investment Bank,Multilateral,constant,USD million,18.7133
2025,CIV,Cote d'Ivoire,,Asian Infrastructure Investment Bank,Multilateral,constant,USD million,13.1961
2015,CIV,Cote d'Ivoire,,Economic Community of West African States (ECOWAS),Multilateral,constant,USD million,0.5876
2016,CIV,Cote d'Ivoire,,Economic Community of West African States (ECOWAS),Multilateral,constant,USD million,10.6863
2017,CIV,Cote d'Ivoire,,Economic Community of West African States (ECOWAS),Multilateral,constant,USD million,16.7077
2018,CIV,Cote d'Ivoire,,Economic Community of West African States (ECOWAS),Multilateral,constant,USD million,22.1594
2019,CIV,Cote d'Ivoire,,Economic Community of West African States (ECOWAS),Multilateral,constant,USD million,5.918
2020,CIV,Cote d'Ivoire,,Economic Community of West African States (ECOWAS),Multilateral,constant,USD million,1.5082
2021,CIV,Cote d'Ivoire,,Economic Community of West African States (ECOWAS),Multilateral,constant,USD million,0.1356
2022,CIV,Cote d'Ivoire,,Economic Community of West African States (ECOWAS),Multilateral,constant,USD million,35.3756
2023,CIV,Cote d'Ivoire,,Economic Community of West African States (ECOWAS),Multilateral,constant,USD million,55.313
2024,CIV,Cote d'Ivoire,,Economic Community of West African States (ECOWAS),Multilateral,constant,USD million,87.7049
2025,CIV,Cote d'Ivoire,,Economic Community of West African States (ECOWAS),Multilateral,constant,USD million,49.7141
2018,CIV,Cote d'Ivoire,,European Investment Bank,Multilateral,constant,USD million,11.161
2019,CIV,Cote d'Ivoire,,European Investment Bank,Multilateral,constant,USD million,15.3447
2020,CIV,Cote d'Ivoire,,European Investment Bank,Multilateral,constant,USD million,37.2904
2022,CIV,Cote d'Ivoire,,European Investment Bank,Multilateral,constant,USD million,36.2403
2023,CIV,Cote d'Ivoire,,European Investment Bank,Multilateral,constant,USD million,22.2762
2024,CIV,Cote d'Ivoire,,European Investment Bank,Multilateral,constant,USD million,12.9953
2025,CIV,Cote d'Ivoire,,European Investment Bank,Multilateral,constant,USD million,7.6325
2023,CIV,Cote d'Ivoire,,International Fund for Agricultural Dev.,Multilateral,constant,USD million,17.3283
2024,CIV,Cote d'Ivoire,,International Fund for Agricultural Dev.,Multilateral,constant,USD million,11.8214
2025,CIV,Cote d'Ivoire,,International Fund for Agricultural Dev.,Multilateral,constant,USD million,7.7075
2015,CIV,Cote d'Ivoire,,Islamic Dev. Bank,Multilateral,constant,USD million,1.9378
2016,CIV,Cote d'Ivoire,,Islamic Dev. Bank,Multilateral,constant,USD million,1.4996
2017,CIV,Cote d'Ivoire,,Islamic Dev. Bank,Multilateral,constant,USD million,18.3779
2018,CIV,Cote d'Ivoire,,Islamic Dev. Bank,Multilateral,constant,USD million,29.5796
2019,CIV,Cote d'Ivoire,,Islamic Dev. Bank,Multilateral,constant,USD million,48.4741
2020,CIV,Cote d'Ivoire,,Islamic Dev. Bank,Multilateral,constant,USD million,97.7631
2021,CIV,Cote d'Ivoire,,Islamic Dev. Bank,Multilateral,constant,USD million,101.2759
2022,CIV,Cote d'Ivoire,,Islamic Dev. Bank,Multilateral,constant,USD million,157.4291
2023,CIV,Cote d'Ivoire,,Islamic Dev. Bank,Multilateral,constant,USD million,227.1996
2024,CIV,Cote d'Ivoire,,Islamic Dev. Bank,Multilateral,constant,USD million,182.8133
2025,CIV,Cote d'Ivoire,,Islamic Dev. Bank,Multilateral,constant,USD million,103.092
2015,CIV,Cote d'Ivoire,,OPEC Fund for International Dev.,Multilateral,constant,USD million,6.144
2016,CIV,Cote d'Ivoire,,OPEC Fund for International Dev.,Multilateral,constant,USD million,1.4444
2017,CIV,Cote d'Ivoire,,OPEC Fund for International Dev.,Multilateral,constant,USD million,2.2708
2018,CIV,Cote d'Ivoire,,OPEC Fund for International Dev.,Multilateral,constant,USD million,1.4588
2019,CIV,Cote d'Ivoire,,OPEC Fund for International Dev.,Multilateral,constant,USD million,0.4867
2020,CIV,Cote d'Ivoire,,OPEC Fund for International Dev.,Multilateral,constant,USD million,3.2904
2021,CIV,Cote d'Ivoire,,OPEC Fund for International Dev.,Multilateral,constant,USD million,2.8145
2022,CIV,Cote d'Ivoire,,OPEC Fund for International Dev.,Multilateral,constant,USD million,8.7791
2023,CIV,Cote d'Ivoire,,OPEC Fund for International Dev.,Multilateral,constant,USD million,29.0642
2024,CIV,Cote d'Ivoire,,OPEC Fund for International Dev.,Multilateral,constant,USD million,30.1777
2025,CIV,Cote d'Ivoire,,OPEC Fund for International Dev.,Multilateral,constant,USD million,16.3849
2015,CIV,Cote d'Ivoire,,West African Development Bank - BOAD,Multilateral,constant,USD million,13.7407
2016,CIV,Cote d'Ivoire,,West African Development Bank - BOAD,Multilateral,constant,USD million,21.6219
2017,CIV,Cote d'Ivoire,,West African Development Bank - BOAD,Multilateral,constant,USD million,45.2221
2018,CIV,Cote d'Ivoire,,West African Development Bank - BOAD,Multilateral,constant,USD million,27.4702
2019,CIV,Cote d'Ivoire,,West African Development Bank - BOAD,Multilateral,constant,USD million,38.0921
2020,CIV,Cote d'Ivoire,,West African Development Bank - BOAD,Multilateral,constant,USD million,90.4331
2021,CIV,Cote d'Ivoire,,West African Development Bank - BOAD,Multilateral,constant,USD million,41.7949
2022,CIV,Cote d'Ivoire,,West African Development Bank - BOAD,Multilateral,constant,USD million,53.1509
2023,CIV,Cote d'Ivoire,,West African Development Bank - BOAD,Multilateral,constant,USD million,145.9335
2024,CIV,Cote d'Ivoire,,West African Development Bank - BOAD,Multilateral,constant,USD million,103.9109
2025,CIV,Cote d'Ivoire,,West African Development Bank - BOAD,Multilateral,constant,USD million,51.0699
2018,CIV,Cote d'Ivoire,,World Bank-IBRD                         ,Multilateral,constant,USD million,16.2494
2019,CIV,Cote d'Ivoire,,World Bank-IBRD                         ,Multilateral,constant,USD million,12.6175
2020,CIV,Cote d'Ivoire,,World Bank-IBRD                         ,Multilateral,constant,USD million,25.3856
2021,CIV,Cote d'Ivoire,,World Bank-IBRD                         ,Multilateral,constant,USD million,31.684
2022,CIV,Cote d'Ivoire,,World Bank-IBRD                         ,Multilateral,constant,USD million,30.5779
2023,CIV,Cote d'Ivoire,,World Bank-IBRD                         ,Multilateral,constant,USD million,19.5942
2024,CIV,Cote d'Ivoire,,World Bank-IBRD                         ,Multilateral,constant,USD million,14.3608
2025,CIV,Cote d'Ivoire,,World Bank-IBRD                         ,Multilateral,constant,USD million,8.5383
2017,CIV,Cote d'Ivoire,,World Bank-IDA                         ,Multilateral,constant,USD million,18.7823
2018,CIV,Cote d'Ivoire,,World Bank-IDA                         ,Multilateral,constant,USD million,12.7025
2019,CIV,Cote d'Ivoire,,World Bank-IDA                         ,Multilateral,constant,USD million,70.6806
2020,CIV,Cote d'Ivoire,,World Bank-IDA                         ,Multilateral,constant,USD million,93.9354
2021,CIV,Cote d'Ivoire,,World Bank-IDA                         ,Multilateral,constant,USD million,53.4703
2022,CIV,Cote d'Ivoire,,World Bank-IDA                         ,Multilateral,constant,USD million,375.754
2023,CIV,Cote d'Ivoire,,World Bank-IDA                         ,Multilateral,constant,USD million,415.2061
2024,CIV,Cote d'Ivoire,,World Bank-IDA                         ,Multilateral,constant,USD million,368.7275
2025,CIV,Cote d'Ivoire,,World Bank-IDA                         ,Multilateral,constant,USD million,303.8509
2023,DJI,Djibouti,,African Dev. Bank         ,Multilateral,constant,USD million,5.583
2024,DJI,Djibouti,,African Dev. Bank         ,Multilateral,constant,USD million,2.9929
2025,DJI,Djibouti,,African Dev. Bank         ,Multilateral,constant,USD million,1.8836
2015,DJI,Djibouti,,Arab Fund for Economic & Social Development,Multilateral,constant,USD million,20.7068
2016,DJI,Djibouti,,Arab Fund for Economic & Social Development,Multilateral,constant,USD million,31.0621
2017,DJI,Djibouti,,Arab Fund for Economic & Social Development,Multilateral,constant,USD million,3.5613
2018,DJI,Djibouti,,Arab Fund for Economic & Social Development,Multilateral,constant,USD million,13.1097
2019,DJI,Djibouti,,Arab Fund for Economic & Social Development,Multilateral,constant,USD million,5.5698
2020,DJI,Djibouti,,Arab Fund for Economic & Social Development,Multilateral,constant,USD million,6.8324
2021,DJI,Djibouti,,Arab Fund for Economic & Social Development,Multilateral,constant,USD million,4.9106
2022,DJI,Djibouti,,Arab Fund for Economic & Social Development,Multilateral,constant,USD million,6.8051
2023,DJI,Djibouti,,Arab Fund for Economic & Social Development,Multilateral,constant,USD million,41.823
2024,DJI,Djibouti,,Arab Fund for Economic & Social Development,Multilateral,constant,USD million,47.596
2025,DJI,Djibouti,,Arab Fund for Economic & Social Development,Multilateral,constant,USD million,27.571
2017,DJI,Djibouti,,International Fund for Agricultural Dev.,Multilateral,constant,USD million,0.5451
2018,DJI,Djibouti,,International Fund for Agricultural Dev.,Multilateral,constant,USD million,0.8825
2019,DJI,Djibouti,,International Fund for Agricultural Dev.,Multilateral,constant,USD million,3.1733
2020,DJI,Djibouti,,International Fund for Agricultural Dev.,Multilateral,constant,USD million,0.8997
2021,DJI,Djibouti,,International Fund for Agricultural Dev.,Multilateral,constant,USD million,0.1449
2023,DJI,Djibouti,,International Fund for Agricultural Dev.,Multilateral,constant,USD million,1.9435
2024,DJI,Djibouti,,International Fund for Agricultural Dev.,Multilateral,constant,USD million,1.4226
2025,DJI,Djibouti,,International Fund for Agricultural Dev.,Multilateral,constant,USD million,0.9845
2015,DJI,Djibouti,,Islamic Dev. Bank,Multilateral,constant,USD million,13.3931
2016,DJI,Djibouti,,Islamic Dev. Bank,Multilateral,constant,USD million,7.0949
2017,DJI,Djibouti,,Islamic Dev. Bank,Multilateral,constant,USD million,1.713
2018,DJI,Djibouti,,Islamic Dev. Bank,Multilateral,constant,USD million,3.0061
2019,DJI,Djibouti,,Islamic Dev. Bank,Multilateral,constant,USD million,34.4797
2020,DJI,Djibouti,,Islamic Dev. Bank,Multilateral,constant,USD million,7.4075
2021,DJI,Djibouti,,Islamic Dev. Bank,Multilateral,constant,USD million,0.9215
2022,DJI,Djibouti,,Islamic Dev. Bank,Multilateral,constant,USD million,0.4381
2023,DJI,Djibouti,,Islamic Dev. Bank,Multilateral,constant,USD million,14.6282
2024,DJI,Djibouti,,Islamic Dev. Bank,Multilateral,constant,USD million,13.1869
2025,DJI,Djibouti,,Islamic Dev. Bank,Multilateral,constant,USD million,8.2289
2015,DJI,Djibouti,,OPEC Fund for International Dev.,Multilateral,constant,USD million,0.063
2016,DJI,Djibouti,,OPEC Fund for International Dev.,Multilateral,constant,USD million,1.2859
2017,DJI,Djibouti,,OPEC Fund for International Dev.,Multilateral,constant,USD million,4.6165
2018,DJI,Djibouti,,OPEC Fund for International Dev.,Multilateral,constant,USD million,11.9079
2019,DJI,Djibouti,,OPEC Fund for International Dev.,Multilateral,constant,USD million,2.7273
2020,DJI,Djibouti,,OPEC Fund for International Dev.,Multilateral,constant,USD million,4.8878
2021,DJI,Djibouti,,OPEC Fund for International Dev.,Multilateral,constant,USD million,4.3803
2022,DJI,Djibouti,,OPEC Fund for International Dev.,Multilateral,constant,USD million,0.8806
2023,DJI,Djibouti,,OPEC Fund for International Dev.,Multilateral,constant,USD million,5.1385
2024,DJI,Djibouti,,OPEC Fund for International Dev.,Multilateral,constant,USD million,7.0692
2025,DJI,Djibouti,,OPEC Fund for International Dev.,Multilateral,constant,USD million,4.3399
2015,DJI,Djibouti,,World Bank-IDA                         ,Multilateral,constant,USD million,2.863
2016,DJI,Djibouti,,World Bank-IDA                         ,Multilateral,constant,USD million,5.7466
2017,DJI,Djibouti,,World Bank-IDA                         ,Multilateral,constant,USD million,11.6394
2018,DJI,Djibouti,,World Bank-IDA                         ,Multilateral,constant,USD million,15.6557
2019,DJI,Djibouti,,World Bank-IDA                         ,Multilateral,constant,USD million,11.4973
2020,DJI,Djibouti,,World Bank-IDA                         ,Multilateral,constant,USD million,6.2383
2021,DJI,Djibouti,,World Bank-IDA                         ,Multilateral,constant,USD million,8.2833
2022,DJI,Djibouti,,World Bank-IDA                         ,Multilateral,constant,USD million,6.749
2023,DJI,Djibouti,,World Bank-IDA                         ,Multilateral,constant,USD million,42.6969
2024,DJI,Djibouti,,World Bank-IDA                         ,Multilateral,constant,USD million,41.0671
2025,DJI,Djibouti,,World Bank-IDA                         ,Multilateral,constant,USD million,37.1068
2015,DMA,Dominica,,Caribbean Community (CARICOM),Multilateral,constant,USD million,0.164
2016,DMA,Dominica,,Caribbean Community (CARICOM),Multilateral,constant,USD million,1.9412
2017,DMA,Dominica,,Caribbean Community (CARICOM),Multilateral,constant,USD million,0.3868
2018,DMA,Dominica,,Caribbean Community (CARICOM),Multilateral,constant,USD million,0.3594
2020,DMA,Dominica,,Caribbean Community (CARICOM),Multilateral,constant,USD million,0.2664
2023,DMA,Dominica,,Caribbean Community (CARICOM),Multilateral,constant,USD million,0.0364
2024,DMA,Dominica,,Caribbean Community (CARICOM),Multilateral,constant,USD million,0.0236
2015,DMA,Dominica,,Caribbean Dev. Bank,Multilateral,constant,USD million,4.83
2016,DMA,Dominica,,Caribbean Dev. Bank,Multilateral,constant,USD million,1.9354
2017,DMA,Dominica,,Caribbean Dev. Bank,Multilateral,constant,USD million,1.2201
2018,DMA,Dominica,,Caribbean Dev. Bank,Multilateral,constant,USD million,1.5935
2019,DMA,Dominica,,Caribbean Dev. Bank,Multilateral,constant,USD million,4.1364
2020,DMA,Dominica,,Caribbean Dev. Bank,Multilateral,constant,USD million,20.362
2021,DMA,Dominica,,Caribbean Dev. Bank,Multilateral,constant,USD million,0.6867
2022,DMA,Dominica,,Caribbean Dev. Bank,Multilateral,constant,USD million,6.5344
2023,DMA,Dominica,,Caribbean Dev. Bank,Multilateral,constant,USD million,8.1684
2024,DMA,Dominica,,Caribbean Dev. Bank,Multilateral,constant,USD million,5.8643
2025,DMA,Dominica,,Caribbean Dev. Bank,Multilateral,constant,USD million,2.9971
2015,DMA,Dominica,,European Investment Bank,Multilateral,constant,USD million,6.539
2021,DMA,Dominica,,OPEC Fund for International Dev.,Multilateral,constant,USD million,4.7817
2022,DMA,Dominica,,OPEC Fund for International Dev.,Multilateral,constant,USD million,4.1763
2023,DMA,Dominica,,World Bank-IDA                         ,Multilateral,constant,USD million,18.2241
2024,DMA,Dominica,,World Bank-IDA                         ,Multilateral,constant,USD million,19.5756
2025,DMA,Dominica,,World Bank-IDA                         ,Multilateral,constant,USD million,15.4939
2023,DOM,Dominican Republic,,Central American Bank for Econ. Integ. (CABEI),Multilateral,constant,USD million,57.7608
2024,DOM,Dominican Republic,,Central American Bank for Econ. Integ. (CABEI),Multilateral,constant,USD million,114.2436
2025,DOM,Dominican Republic,,Central American Bank for Econ. Integ. (CABEI),Multilateral,constant,USD million,65.9124
2018,DOM,Dominican Republic,,Central American Bank for Econ. Integration (BCIE),Multilateral,constant,USD million,75.2881
2019,DOM,Dominican Republic,,Central American Bank for Econ. Integration (BCIE),Multilateral,constant,USD million,97.2544
2020,DOM,Dominican Republic,,Central American Bank for Econ. Integration (BCIE),Multilateral,constant,USD million,8.5322
2021,DOM,Dominican Republic,,Central American Bank for Econ. Integration (BCIE),Multilateral,constant,USD million,25.7192
2022,DOM,Dominican Republic,,Central American Bank for Econ. Integration (BCIE),Multilateral,constant,USD million,24.1019
2023,DOM,Dominican Republic,,Central American Bank for Econ. Integration (BCIE),Multilateral,constant,USD million,12.3839
2015,DOM,Dominican Republic,,Corporacion Andina de Fomento,Multilateral,constant,USD million,64.0
2016,DOM,Dominican Republic,,Corporacion Andina de Fomento,Multilateral,constant,USD million,8.0234
2017,DOM,Dominican Republic,,Corporacion Andina de Fomento,Multilateral,constant,USD million,54.0357
2022,DOM,Dominican Republic,,Corporacion Andina de Fomento,Multilateral,constant,USD million,275.4333
2023,DOM,Dominican Republic,,Corporacion Andina de Fomento,Multilateral,constant,USD million,31.2912
2024,DOM,Dominican Republic,,Corporacion Andina de Fomento,Multilateral,constant,USD million,18.7176
2025,DOM,Dominican Republic,,Corporacion Andina de Fomento,Multilateral,constant,USD million,8.7576
2016,DOM,Dominican Republic,,European Investment Bank,Multilateral,constant,USD million,19.5571
2017,DOM,Dominican Republic,,European Investment Bank,Multilateral,constant,USD million,10.9263
2019,DOM,Dominican Republic,,European Investment Bank,Multilateral,constant,USD million,6.0247
2020,DOM,Dominican Republic,,European Investment Bank,Multilateral,constant,USD million,17.3286
2022,DOM,Dominican Republic,,European Investment Bank,Multilateral,constant,USD million,2.5864
2023,DOM,Dominican Republic,,European Investment Bank,Multilateral,constant,USD million,39.5088
2024,DOM,Dominican Republic,,European Investment Bank,Multilateral,constant,USD million,28.2285
2025,DOM,Dominican Republic,,European Investment Bank,Multilateral,constant,USD million,18.0215
2015,DOM,Dominican Republic,,Inter-American Dev. Bank      ,Multilateral,constant,USD million,590.674
2016,DOM,Dominican Republic,,Inter-American Dev. Bank      ,Multilateral,constant,USD million,402.0758
2017,DOM,Dominican Republic,,Inter-American Dev. Bank      ,Multilateral,constant,USD million,114.2626
2018,DOM,Dominican Republic,,Inter-American Dev. Bank      ,Multilateral,constant,USD million,342.9352
2019,DOM,Dominican Republic,,Inter-American Dev. Bank      ,Multilateral,constant,USD million,466.146
2020,DOM,Dominican Republic,,Inter-American Dev. Bank      ,Multilateral,constant,USD million,824.1696
2021,DOM,Dominican Republic,,Inter-American Dev. Bank      ,Multilateral,constant,USD million,55.6192
2022,DOM,Dominican Republic,,Inter-American Dev. Bank      ,Multilateral,constant,USD million,125.2821
2023,DOM,Dominican Republic,,Inter-American Dev. Bank      ,Multilateral,constant,USD million,180.502
2024,DOM,Dominican Republic,,Inter-American Dev. Bank      ,Multilateral,constant,USD million,323.6547
2025,DOM,Dominican Republic,,Inter-American Dev. Bank      ,Multilateral,constant,USD million,254.9885
2015,DOM,Dominican Republic,,International Fund for Agricultural Dev.,Multilateral,constant,USD million,5.8279
2016,DOM,Dominican Republic,,International Fund for Agricultural Dev.,Multilateral,constant,USD million,9.4387
2017,DOM,Dominican Republic,,International Fund for Agricultural Dev.,Multilateral,constant,USD million,12.4239
2018,DOM,Dominican Republic,,International Fund for Agricultural Dev.,Multilateral,constant,USD million,1.8403
2019,DOM,Dominican Republic,,International Fund for Agricultural Dev.,Multilateral,constant,USD million,1.1987
2021,DOM,Dominican Republic,,International Fund for Agricultural Dev.,Multilateral,constant,USD million,0.7434
2022,DOM,Dominican Republic,,International Fund for Agricultural Dev.,Multilateral,constant,USD million,1.4432
2023,DOM,Dominican Republic,,International Fund for Agricultural Dev.,Multilateral,constant,USD million,3.7229
2024,DOM,Dominican Republic,,International Fund for Agricultural Dev.,Multilateral,constant,USD million,2.227
2025,DOM,Dominican Republic,,International Fund for Agricultural Dev.,Multilateral,constant,USD million,1.042
2015,DOM,Dominican Republic,,OPEC Fund for International Dev.,Multilateral,constant,USD million,13.049
2016,DOM,Dominican Republic,,OPEC Fund for International Dev.,Multilateral,constant,USD million,14.2145
2017,DOM,Dominican Republic,,OPEC Fund for International Dev.,Multilateral,constant,USD million,16.9338
2018,DOM,Dominican Republic,,OPEC Fund for International Dev.,Multilateral,constant,USD million,21.6512
2019,DOM,Dominican Republic,,OPEC Fund for International Dev.,Multilateral,constant,USD million,3.6821
2020,DOM,Dominican Republic,,OPEC Fund for International Dev.,Multilateral,constant,USD million,2.1132
2021,DOM,Dominican Republic,,OPEC Fund for International Dev.,Multilateral,constant,USD million,20.5512
2022,DOM,Dominican Republic,,OPEC Fund for International Dev.,Multilateral,constant,USD million,20.5292
2023,DOM,Dominican Republic,,OPEC Fund for International Dev.,Multilateral,constant,USD million,13.4994
2024,DOM,Dominican Republic,,OPEC Fund for International Dev.,Multilateral,constant,USD million,5.3579
2025,DOM,Dominican Republic,,OPEC Fund for International Dev.,Multilateral,constant,USD million,4.6592
2015,DOM,Dominican Republic,,World Bank-IBRD                         ,Multilateral,constant,USD million,86.863
2016,DOM,Dominican Republic,,World Bank-IBRD                         ,Multilateral,constant,USD million,41.2524
2017,DOM,Dominican Republic,,World Bank-IBRD                         ,Multilateral,constant,USD million,28.5008
2018,DOM,Dominican Republic,,World Bank-IBRD                         ,Multilateral,constant,USD million,51.7507
2019,DOM,Dominican Republic,,World Bank-IBRD                         ,Multilateral,constant,USD million,55.4548
2020,DOM,Dominican Republic,,World Bank-IBRD                         ,Multilateral,constant,USD million,294.9543
2021,DOM,Dominican Republic,,World Bank-IBRD                         ,Multilateral,constant,USD million,25.9085
2022,DOM,Dominican Republic,,World Bank-IBRD                         ,Multilateral,constant,USD million,28.3418
2023,DOM,Dominican Republic,,World Bank-IBRD                         ,Multilateral,constant,USD million,355.4375
2024,DOM,Dominican Republic,,World Bank-IBRD                         ,Multilateral,constant,USD million,41.5529
2025,DOM,Dominican Republic,,World Bank-IBRD                         ,Multilateral,constant,USD million,39.2572
2015,ECU,Ecuador,,Corporacion Andina de Fomento,Multilateral,constant,USD million,484.995
2016,ECU,Ecuador,,Corporacion Andina de Fomento,Multilateral,constant,USD million,459.4798
2017,ECU,Ecuador,,Corporacion Andina de Fomento,Multilateral,constant,USD million,406.4056
2018,ECU,Ecuador,,Corporacion Andina de Fomento,Multilateral,constant,USD million,528.487
2019,ECU,Ecuador,,Corporacion Andina de Fomento,Multilateral,constant,USD million,544.9799
2020,ECU,Ecuador,,Corporacion Andina de Fomento,Multilateral,constant,USD million,872.7738
2021,ECU,Ecuador,,Corporacion Andina de Fomento,Multilateral,constant,USD million,512.0817
2022,ECU,Ecuador,,Corporacion Andina de Fomento,Multilateral,constant,USD million,287.7975
2023,ECU,Ecuador,,Corporacion Andina de Fomento,Multilateral,constant,USD million,353.1856
2024,ECU,Ecuador,,Corporacion Andina de Fomento,Multilateral,constant,USD million,207.5565
2025,ECU,Ecuador,,Corporacion Andina de Fomento,Multilateral,constant,USD million,86.2585
2015,ECU,Ecuador,,European Investment Bank,Multilateral,constant,USD million,160.069
2016,ECU,Ecuador,,European Investment Bank,Multilateral,constant,USD million,21.0525
2017,ECU,Ecuador,,European Investment Bank,Multilateral,constant,USD million,35.4996
2018,ECU,Ecuador,,European Investment Bank,Multilateral,constant,USD million,163.5012
2019,ECU,Ecuador,,European Investment Bank,Multilateral,constant,USD million,43.7846
2020,ECU,Ecuador,,European Investment Bank,Multilateral,constant,USD million,24.506
2021,ECU,Ecuador,,European Investment Bank,Multilateral,constant,USD million,40.5837
2022,ECU,Ecuador,,European Investment Bank,Multilateral,constant,USD million,1.8545
2023,ECU,Ecuador,,European Investment Bank,Multilateral,constant,USD million,141.067
2024,ECU,Ecuador,,European Investment Bank,Multilateral,constant,USD million,109.7381
2025,ECU,Ecuador,,European Investment Bank,Multilateral,constant,USD million,67.6043
2018,ECU,Ecuador,,Fondo Latinoamericano de Reservas (FLAR),Multilateral,constant,USD million,354.7118
2015,ECU,Ecuador,,Inter-American Dev. Bank      ,Multilateral,constant,USD million,1328.723
2016,ECU,Ecuador,,Inter-American Dev. Bank      ,Multilateral,constant,USD million,597.0294
2017,ECU,Ecuador,,Inter-American Dev. Bank      ,Multilateral,constant,USD million,361.351
2018,ECU,Ecuador,,Inter-American Dev. Bank      ,Multilateral,constant,USD million,514.6159
2019,ECU,Ecuador,,Inter-American Dev. Bank      ,Multilateral,constant,USD million,712.1851
2020,ECU,Ecuador,,Inter-American Dev. Bank      ,Multilateral,constant,USD million,744.7625
2021,ECU,Ecuador,,Inter-American Dev. Bank      ,Multilateral,constant,USD million,1337.2554
2022,ECU,Ecuador,,Inter-American Dev. Bank      ,Multilateral,constant,USD million,795.1712
2023,ECU,Ecuador,,Inter-American Dev. Bank      ,Multilateral,constant,USD million,172.1423
2024,ECU,Ecuador,,Inter-American Dev. Bank      ,Multilateral,constant,USD million,138.0044
2025,ECU,Ecuador,,Inter-American Dev. Bank      ,Multilateral,constant,USD million,90.1635
2015,ECU,Ecuador,,International Fund for Agricultural Dev.,Multilateral,constant,USD million,12.8432
2016,ECU,Ecuador,,International Fund for Agricultural Dev.,Multilateral,constant,USD million,4.8326
2017,ECU,Ecuador,,International Fund for Agricultural Dev.,Multilateral,constant,USD million,3.7394
2018,ECU,Ecuador,,International Fund for Agricultural Dev.,Multilateral,constant,USD million,0.7987
2019,ECU,Ecuador,,International Fund for Agricultural Dev.,Multilateral,constant,USD million,5.2775
2023,ECU,Ecuador,,International Fund for Agricultural Dev.,Multilateral,constant,USD million,23.5707
2024,ECU,Ecuador,,International Fund for Agricultural Dev.,Multilateral,constant,USD million,12.6926
2025,ECU,Ecuador,,International Fund for Agricultural Dev.,Multilateral,constant,USD million,5.7717
2015,ECU,Ecuador,,World Bank-IBRD                         ,Multilateral,constant,USD million,114.876
2016,ECU,Ecuador,,World Bank-IBRD                         ,Multilateral,constant,USD million,17.8214
2017,ECU,Ecuador,,World Bank-IBRD                         ,Multilateral,constant,USD million,171.685
2018,ECU,Ecuador,,World Bank-IBRD                         ,Multilateral,constant,USD million,226.7771
2019,ECU,Ecuador,,World Bank-IBRD                         ,Multilateral,constant,USD million,628.7273
2020,ECU,Ecuador,,World Bank-IBRD                         ,Multilateral,constant,USD million,1335.1355
2021,ECU,Ecuador,,World Bank-IBRD                         ,Multilateral,constant,USD million,307.2037
2022,ECU,Ecuador,,World Bank-IBRD                         ,Multilateral,constant,USD million,1379.9097
2023,ECU,Ecuador,,World Bank-IBRD                         ,Multilateral,constant,USD million,161.4476
2024,ECU,Ecuador,,World Bank-IBRD                         ,Multilateral,constant,USD million,121.3434
2025,ECU,Ecuador,,World Bank-IBRD                         ,Multilateral,constant,USD million,88.2159
2015,EGY,"Egypt, Arab Rep.",,African Dev. Bank         ,Multilateral,constant,USD million,138.6756
2016,EGY,"Egypt, Arab Rep.",,African Dev. Bank         ,Multilateral,constant,USD million,675.199
2017,EGY,"Egypt, Arab Rep.",,African Dev. Bank         ,Multilateral,constant,USD million,861.159
2018,EGY,"Egypt, Arab Rep.",,African Dev. Bank         ,Multilateral,constant,USD million,847.9072
2019,EGY,"Egypt, Arab Rep.",,African Dev. Bank         ,Multilateral,constant,USD million,43.2247
2020,EGY,"Egypt, Arab Rep.",,African Dev. Bank         ,Multilateral,constant,USD million,80.914
2021,EGY,"Egypt, Arab Rep.",,African Dev. Bank         ,Multilateral,constant,USD million,325.5991
2022,EGY,"Egypt, Arab Rep.",,African Dev. Bank         ,Multilateral,constant,USD million,48.0622
2023,EGY,"Egypt, Arab Rep.",,African Dev. Bank         ,Multilateral,constant,USD million,63.0794
2024,EGY,"Egypt, Arab Rep.",,African Dev. Bank         ,Multilateral,constant,USD million,211.9143
2025,EGY,"Egypt, Arab Rep.",,African Dev. Bank         ,Multilateral,constant,USD million,208.3972
2015,EGY,"Egypt, Arab Rep.",,African Export-Import Bank,Multilateral,constant,USD million,50.998
2016,EGY,"Egypt, Arab Rep.",,African Export-Import Bank,Multilateral,constant,USD million,747.3687
2017,EGY,"Egypt, Arab Rep.",,African Export-Import Bank,Multilateral,constant,USD million,771.0347
2018,EGY,"Egypt, Arab Rep.",,African Export-Import Bank,Multilateral,constant,USD million,271.4258
2020,EGY,"Egypt, Arab Rep.",,African Export-Import Bank,Multilateral,constant,USD million,3265.2338
2021,EGY,"Egypt, Arab Rep.",,African Export-Import Bank,Multilateral,constant,USD million,1282.8272
2022,EGY,"Egypt, Arab Rep.",,African Export-Import Bank,Multilateral,constant,USD million,3012.9843
2015,EGY,"Egypt, Arab Rep.",,Arab African International Bank,Multilateral,constant,USD million,29.142
2016,EGY,"Egypt, Arab Rep.",,Arab African International Bank,Multilateral,constant,USD million,11.2864
2015,EGY,"Egypt, Arab Rep.",,Arab Fund for Economic & Social Development,Multilateral,constant,USD million,47.722
2016,EGY,"Egypt, Arab Rep.",,Arab Fund for Economic & Social Development,Multilateral,constant,USD million,43.0012
2017,EGY,"Egypt, Arab Rep.",,Arab Fund for Economic & Social Development,Multilateral,constant,USD million,268.3882
2018,EGY,"Egypt, Arab Rep.",,Arab Fund for Economic & Social Development,Multilateral,constant,USD million,172.574
2019,EGY,"Egypt, Arab Rep.",,Arab Fund for Economic & Social Development,Multilateral,constant,USD million,297.9856
2020,EGY,"Egypt, Arab Rep.",,Arab Fund for Economic & Social Development,Multilateral,constant,USD million,209.0393
2021,EGY,"Egypt, Arab Rep.",,Arab Fund for Economic & Social Development,Multilateral,constant,USD million,262.7812
2022,EGY,"Egypt, Arab Rep.",,Arab Fund for Economic & Social Development,Multilateral,constant,USD million,207.6864
2023,EGY,"Egypt, Arab Rep.",,Arab Fund for Economic & Social Development,Multilateral,constant,USD million,473.441
2024,EGY,"Egypt, Arab Rep.",,Arab Fund for Economic & Social Development,Multilateral,constant,USD million,382.8875
2025,EGY,"Egypt, Arab Rep.",,Arab Fund for Economic & Social Development,Multilateral,constant,USD million,225.2499
2015,EGY,"Egypt, Arab Rep.",,Arab Monetary Fund,Multilateral,constant,USD million,424.4786
2016,EGY,"Egypt, Arab Rep.",,Arab Monetary Fund,Multilateral,constant,USD million,549.6311
2018,EGY,"Egypt, Arab Rep.",,Arab Monetary Fund,Multilateral,constant,USD million,340.5383
2019,EGY,"Egypt, Arab Rep.",,Arab Monetary Fund,Multilateral,constant,USD million,193.5482
2020,EGY,"Egypt, Arab Rep.",,Arab Monetary Fund,Multilateral,constant,USD million,419.9159
2021,EGY,"Egypt, Arab Rep.",,Arab Monetary Fund,Multilateral,constant,USD million,300.5049
2022,EGY,"Egypt, Arab Rep.",,Arab Monetary Fund,Multilateral,constant,USD million,357.5716
2019,EGY,"Egypt, Arab Rep.",,Asian Infrastructure Investment Bank,Multilateral,constant,USD million,0.9983
2021,EGY,"Egypt, Arab Rep.",,Asian Infrastructure Investment Bank,Multilateral,constant,USD million,72.5011
2022,EGY,"Egypt, Arab Rep.",,Asian Infrastructure Investment Bank,Multilateral,constant,USD million,450.7718
2023,EGY,"Egypt, Arab Rep.",,Asian Infrastructure Investment Bank,Multilateral,constant,USD million,209.553
2024,EGY,"Egypt, Arab Rep.",,Asian Infrastructure Investment Bank,Multilateral,constant,USD million,105.2843
2025,EGY,"Egypt, Arab Rep.",,Asian Infrastructure Investment Bank,Multilateral,constant,USD million,42.4965
2016,EGY,"Egypt, Arab Rep.",,European Bank for Reconstruction and Dev. (EBRD),Multilateral,constant,USD million,134.1043
2017,EGY,"Egypt, Arab Rep.",,European Bank for Reconstruction and Dev. (EBRD),Multilateral,constant,USD million,218.8688
2018,EGY,"Egypt, Arab Rep.",,European Bank for Reconstruction and Dev. (EBRD),Multilateral,constant,USD million,278.1895
2019,EGY,"Egypt, Arab Rep.",,European Bank for Reconstruction and Dev. (EBRD),Multilateral,constant,USD million,58.9708
2020,EGY,"Egypt, Arab Rep.",,European Bank for Reconstruction and Dev. (EBRD),Multilateral,constant,USD million,201.2024
2021,EGY,"Egypt, Arab Rep.",,European Bank for Reconstruction and Dev. (EBRD),Multilateral,constant,USD million,378.6726
2022,EGY,"Egypt, Arab Rep.",,European Bank for Reconstruction and Dev. (EBRD),Multilateral,constant,USD million,345.6435
2023,EGY,"Egypt, Arab Rep.",,European Bank for Reconstruction and Dev. (EBRD),Multilateral,constant,USD million,650.5616
2024,EGY,"Egypt, Arab Rep.",,European Bank for Reconstruction and Dev. (EBRD),Multilateral,constant,USD million,494.9297
2025,EGY,"Egypt, Arab Rep.",,European Bank for Reconstruction and Dev. (EBRD),Multilateral,constant,USD million,274.6835
2015,EGY,"Egypt, Arab Rep.",,European Investment Bank,Multilateral,constant,USD million,74.7083
2016,EGY,"Egypt, Arab Rep.",,European Investment Bank,Multilateral,constant,USD million,799.0199
2017,EGY,"Egypt, Arab Rep.",,European Investment Bank,Multilateral,constant,USD million,553.8657
2018,EGY,"Egypt, Arab Rep.",,European Investment Bank,Multilateral,constant,USD million,921.4722
2019,EGY,"Egypt, Arab Rep.",,European Investment Bank,Multilateral,constant,USD million,1506.3475
2020,EGY,"Egypt, Arab Rep.",,European Investment Bank,Multilateral,constant,USD million,829.6433
2021,EGY,"Egypt, Arab Rep.",,European Investment Bank,Multilateral,constant,USD million,2358.8304
2022,EGY,"Egypt, Arab Rep.",,European Investment Bank,Multilateral,constant,USD million,316.0794
2023,EGY,"Egypt, Arab Rep.",,European Investment Bank,Multilateral,constant,USD million,433.3316
2024,EGY,"Egypt, Arab Rep.",,European Investment Bank,Multilateral,constant,USD million,1201.9422
2025,EGY,"Egypt, Arab Rep.",,European Investment Bank,Multilateral,constant,USD million,972.756
2015,EGY,"Egypt, Arab Rep.",,International Fund for Agricultural Dev.,Multilateral,constant,USD million,0.5023
2016,EGY,"Egypt, Arab Rep.",,International Fund for Agricultural Dev.,Multilateral,constant,USD million,0.3135
2017,EGY,"Egypt, Arab Rep.",,International Fund for Agricultural Dev.,Multilateral,constant,USD million,4.8778
2021,EGY,"Egypt, Arab Rep.",,International Fund for Agricultural Dev.,Multilateral,constant,USD million,2.5387
2022,EGY,"Egypt, Arab Rep.",,International Fund for Agricultural Dev.,Multilateral,constant,USD million,1.6668
2023,EGY,"Egypt, Arab Rep.",,International Fund for Agricultural Dev.,Multilateral,constant,USD million,54.1494
2024,EGY,"Egypt, Arab Rep.",,International Fund for Agricultural Dev.,Multilateral,constant,USD million,53.0053
2025,EGY,"Egypt, Arab Rep.",,International Fund for Agricultural Dev.,Multilateral,constant,USD million,37.4828
2015,EGY,"Egypt, Arab Rep.",,Islamic Dev. Bank,Multilateral,constant,USD million,37.5033
2016,EGY,"Egypt, Arab Rep.",,Islamic Dev. Bank,Multilateral,constant,USD million,217.3506
2017,EGY,"Egypt, Arab Rep.",,Islamic Dev. Bank,Multilateral,constant,USD million,104.877
2018,EGY,"Egypt, Arab Rep.",,Islamic Dev. Bank,Multilateral,constant,USD million,59.2441
2019,EGY,"Egypt, Arab Rep.",,Islamic Dev. Bank,Multilateral,constant,USD million,65.6192
2020,EGY,"Egypt, Arab Rep.",,Islamic Dev. Bank,Multilateral,constant,USD million,75.9402
2021,EGY,"Egypt, Arab Rep.",,Islamic Dev. Bank,Multilateral,constant,USD million,12.7609
2022,EGY,"Egypt, Arab Rep.",,Islamic Dev. Bank,Multilateral,constant,USD million,20.759
2023,EGY,"Egypt, Arab Rep.",,Islamic Dev. Bank,Multilateral,constant,USD million,104.0532
2024,EGY,"Egypt, Arab Rep.",,Islamic Dev. Bank,Multilateral,constant,USD million,68.4227
2025,EGY,"Egypt, Arab Rep.",,Islamic Dev. Bank,Multilateral,constant,USD million,53.7471
2016,EGY,"Egypt, Arab Rep.",,Multiple Lenders,Multilateral,constant,USD million,20.7891
2017,EGY,"Egypt, Arab Rep.",,Multiple Lenders,Multilateral,constant,USD million,15.4207
2018,EGY,"Egypt, Arab Rep.",,Multiple Lenders,Multilateral,constant,USD million,0.1904
2019,EGY,"Egypt, Arab Rep.",,Multiple Lenders,Multilateral,constant,USD million,24.445
2020,EGY,"Egypt, Arab Rep.",,Multiple Lenders,Multilateral,constant,USD million,19.9351
2021,EGY,"Egypt, Arab Rep.",,Multiple Lenders,Multilateral,constant,USD million,35.4926
2022,EGY,"Egypt, Arab Rep.",,Multiple Lenders,Multilateral,constant,USD million,3.7037
2023,EGY,"Egypt, Arab Rep.",,Multiple Lenders,Multilateral,constant,USD million,2.8749
2015,EGY,"Egypt, Arab Rep.",,OPEC Fund for International Dev.,Multilateral,constant,USD million,30.311
2016,EGY,"Egypt, Arab Rep.",,OPEC Fund for International Dev.,Multilateral,constant,USD million,139.2576
2017,EGY,"Egypt, Arab Rep.",,OPEC Fund for International Dev.,Multilateral,constant,USD million,120.8011
2018,EGY,"Egypt, Arab Rep.",,OPEC Fund for International Dev.,Multilateral,constant,USD million,55.2227
2019,EGY,"Egypt, Arab Rep.",,OPEC Fund for International Dev.,Multilateral,constant,USD million,44.3179
2020,EGY,"Egypt, Arab Rep.",,OPEC Fund for International Dev.,Multilateral,constant,USD million,28.8692
2021,EGY,"Egypt, Arab Rep.",,OPEC Fund for International Dev.,Multilateral,constant,USD million,63.5309
2022,EGY,"Egypt, Arab Rep.",,OPEC Fund for International Dev.,Multilateral,constant,USD million,43.8933
2023,EGY,"Egypt, Arab Rep.",,OPEC Fund for International Dev.,Multilateral,constant,USD million,83.653
2024,EGY,"Egypt, Arab Rep.",,OPEC Fund for International Dev.,Multilateral,constant,USD million,44.2344
2025,EGY,"Egypt, Arab Rep.",,OPEC Fund for International Dev.,Multilateral,constant,USD million,20.4763
2018,EGY,"Egypt, Arab Rep.",,Org. of Arab Petroleum Exporting Countries (OAPEC),Multilateral,constant,USD million,152.3426
2021,EGY,"Egypt, Arab Rep.",,UN-General Assembly (UNGA),Multilateral,constant,USD million,26.7256
2015,EGY,"Egypt, Arab Rep.",,World Bank-IBRD                         ,Multilateral,constant,USD million,968.367
2016,EGY,"Egypt, Arab Rep.",,World Bank-IBRD                         ,Multilateral,constant,USD million,1905.9106
2017,EGY,"Egypt, Arab Rep.",,World Bank-IBRD                         ,Multilateral,constant,USD million,2557.7103
2018,EGY,"Egypt, Arab Rep.",,World Bank-IBRD                         ,Multilateral,constant,USD million,2918.6056
2019,EGY,"Egypt, Arab Rep.",,World Bank-IBRD                         ,Multilateral,constant,USD million,2326.7365
2020,EGY,"Egypt, Arab Rep.",,World Bank-IBRD                         ,Multilateral,constant,USD million,1340.5526
2021,EGY,"Egypt, Arab Rep.",,World Bank-IBRD                         ,Multilateral,constant,USD million,596.3767
2022,EGY,"Egypt, Arab Rep.",,World Bank-IBRD                         ,Multilateral,constant,USD million,851.8535
2023,EGY,"Egypt, Arab Rep.",,World Bank-IBRD                         ,Multilateral,constant,USD million,868.6348
2024,EGY,"Egypt, Arab Rep.",,World Bank-IBRD                         ,Multilateral,constant,USD million,653.599
2025,EGY,"Egypt, Arab Rep.",,World Bank-IBRD                         ,Multilateral,constant,USD million,736.8847
2015,SLV,El Salvador,,Central American Bank for Econ. Integration (BCIE),Multilateral,constant,USD million,271.653
2016,SLV,El Salvador,,Central American Bank for Econ. Integration (BCIE),Multilateral,constant,USD million,289.831
2017,SLV,El Salvador,,Central American Bank for Econ. Integration (BCIE),Multilateral,constant,USD million,256.4859
2018,SLV,El Salvador,,Central American Bank for Econ. Integration (BCIE),Multilateral,constant,USD million,136.7212
2019,SLV,El Salvador,,Central American Bank for Econ. Integration (BCIE),Multilateral,constant,USD million,178.6932
2020,SLV,El Salvador,,Central American Bank for Econ. Integration (BCIE),Multilateral,constant,USD million,170.1156
2021,SLV,El Salvador,,Central American Bank for Econ. Integration (BCIE),Multilateral,constant,USD million,910.4537
2022,SLV,El Salvador,,Central American Bank for Econ. Integration (BCIE),Multilateral,constant,USD million,205.0897
2023,SLV,El Salvador,,Central American Bank for Econ. Integration (BCIE),Multilateral,constant,USD million,245.368
2024,SLV,El Salvador,,Central American Bank for Econ. Integration (BCIE),Multilateral,constant,USD million,315.5219
2025,SLV,El Salvador,,Central American Bank for Econ. Integration (BCIE),Multilateral,constant,USD million,178.8199
2023,SLV,El Salvador,,Corporacion Andina de Fomento,Multilateral,constant,USD million,12.4693
2024,SLV,El Salvador,,Corporacion Andina de Fomento,Multilateral,constant,USD million,23.7643
2025,SLV,El Salvador,,Corporacion Andina de Fomento,Multilateral,constant,USD million,13.6742
2022,SLV,El Salvador,,European Investment Bank,Multilateral,constant,USD million,13.5423
2023,SLV,El Salvador,,European Investment Bank,Multilateral,constant,USD million,9.3655
2024,SLV,El Salvador,,European Investment Bank,Multilateral,constant,USD million,6.2112
2025,SLV,El Salvador,,European Investment Bank,Multilateral,constant,USD million,3.8275
2015,SLV,El Salvador,,Inter-American Dev. Bank      ,Multilateral,constant,USD million,47.733
2016,SLV,El Salvador,,Inter-American Dev. Bank      ,Multilateral,constant,USD million,37.5331
2017,SLV,El Salvador,,Inter-American Dev. Bank      ,Multilateral,constant,USD million,40.4552
2018,SLV,El Salvador,,Inter-American Dev. Bank      ,Multilateral,constant,USD million,384.724
2019,SLV,El Salvador,,Inter-American Dev. Bank      ,Multilateral,constant,USD million,228.5844
2020,SLV,El Salvador,,Inter-American Dev. Bank      ,Multilateral,constant,USD million,274.2872
2021,SLV,El Salvador,,Inter-American Dev. Bank      ,Multilateral,constant,USD million,110.8967
2022,SLV,El Salvador,,Inter-American Dev. Bank      ,Multilateral,constant,USD million,158.7402
2023,SLV,El Salvador,,Inter-American Dev. Bank      ,Multilateral,constant,USD million,119.8049
2024,SLV,El Salvador,,Inter-American Dev. Bank      ,Multilateral,constant,USD million,160.0859
2025,SLV,El Salvador,,Inter-American Dev. Bank      ,Multilateral,constant,USD million,122.6248
2015,SLV,El Salvador,,International Fund for Agricultural Dev.,Multilateral,constant,USD million,3.6153
2016,SLV,El Salvador,,International Fund for Agricultural Dev.,Multilateral,constant,USD million,2.6558
2017,SLV,El Salvador,,International Fund for Agricultural Dev.,Multilateral,constant,USD million,3.1502
2018,SLV,El Salvador,,International Fund for Agricultural Dev.,Multilateral,constant,USD million,1.5833
2020,SLV,El Salvador,,International Fund for Agricultural Dev.,Multilateral,constant,USD million,2.4211
2021,SLV,El Salvador,,International Fund for Agricultural Dev.,Multilateral,constant,USD million,3.4646
2022,SLV,El Salvador,,International Fund for Agricultural Dev.,Multilateral,constant,USD million,1.9873
2023,SLV,El Salvador,,International Fund for Agricultural Dev.,Multilateral,constant,USD million,3.7666
2024,SLV,El Salvador,,International Fund for Agricultural Dev.,Multilateral,constant,USD million,1.4014
2025,SLV,El Salvador,,International Fund for Agricultural Dev.,Multilateral,constant,USD million,0.8731
2021,SLV,El Salvador,,Multiple Lenders,Multilateral,constant,USD million,41.1748
2015,SLV,El Salvador,,OPEC Fund for International Dev.,Multilateral,constant,USD million,2.055
2016,SLV,El Salvador,,OPEC Fund for International Dev.,Multilateral,constant,USD million,2.0417
2017,SLV,El Salvador,,OPEC Fund for International Dev.,Multilateral,constant,USD million,5.3934
2018,SLV,El Salvador,,OPEC Fund for International Dev.,Multilateral,constant,USD million,1.2555
2020,SLV,El Salvador,,OPEC Fund for International Dev.,Multilateral,constant,USD million,0.0019
2022,SLV,El Salvador,,OPEC Fund for International Dev.,Multilateral,constant,USD million,21.2512
2023,SLV,El Salvador,,OPEC Fund for International Dev.,Multilateral,constant,USD million,5.0451
2024,SLV,El Salvador,,OPEC Fund for International Dev.,Multilateral,constant,USD million,1.6436
2025,SLV,El Salvador,,OPEC Fund for International Dev.,Multilateral,constant,USD million,1.6037
2015,SLV,El Salvador,,World Bank-IBRD                         ,Multilateral,constant,USD million,24.815
2016,SLV,El Salvador,,World Bank-IBRD                         ,Multilateral,constant,USD million,41.5986
2017,SLV,El Salvador,,World Bank-IBRD                         ,Multilateral,constant,USD million,56.0341
2018,SLV,El Salvador,,World Bank-IBRD                         ,Multilateral,constant,USD million,27.1885
2019,SLV,El Salvador,,World Bank-IBRD                         ,Multilateral,constant,USD million,0.2628
2020,SLV,El Salvador,,World Bank-IBRD                         ,Multilateral,constant,USD million,0.0476
2021,SLV,El Salvador,,World Bank-IBRD                         ,Multilateral,constant,USD million,25.048
2022,SLV,El Salvador,,World Bank-IBRD                         ,Multilateral,constant,USD million,133.3729
2023,SLV,El Salvador,,World Bank-IBRD                         ,Multilateral,constant,USD million,161.7858
2024,SLV,El Salvador,,World Bank-IBRD                         ,Multilateral,constant,USD million,117.0923
2025,SLV,El Salvador,,World Bank-IBRD                         ,Multilateral,constant,USD million,100.028
2023,ERI,Eritrea,,African Dev. Bank         ,Multilateral,constant,USD million,
2024,ERI,Eritrea,,African Dev. Bank         ,Multilateral,constant,USD million,
2025,ERI,Eritrea,,African Dev. Bank         ,Multilateral,constant,USD million,
2023,ERI,Eritrea,,Arab Bank for Economic Dev. in Africa (BADEA),Multilateral,constant,USD million,
2024,ERI,Eritrea,,Arab Bank for Economic Dev. in Africa (BADEA),Multilateral,constant,USD million,
2023,ERI,Eritrea,,International Fund for Agricultural Dev.,Multilateral,constant,USD million,
2024,ERI,Eritrea,,International Fund for Agricultural Dev.,Multilateral,constant,USD million,
2023,ERI,Eritrea,,OPEC Fund for International Dev.,Multilateral,constant,USD million,
2024,ERI,Eritrea,,OPEC Fund for International Dev.,Multilateral,constant,USD million,
2015,SWZ,Eswatini,,African Dev. Bank         ,Multilateral,constant,USD million,0.694
2016,SWZ,Eswatini,,African Dev. Bank         ,Multilateral,constant,USD million,5.7514
2017,SWZ,Eswatini,,African Dev. Bank         ,Multilateral,constant,USD million,18.6957
2018,SWZ,Eswatini,,African Dev. Bank         ,Multilateral,constant,USD million,23.7723
2019,SWZ,Eswatini,,African Dev. Bank         ,Multilateral,constant,USD million,34.0961
2020,SWZ,Eswatini,,African Dev. Bank         ,Multilateral,constant,USD million,27.0204
2021,SWZ,Eswatini,,African Dev. Bank         ,Multilateral,constant,USD million,24.1723
2022,SWZ,Eswatini,,African Dev. Bank         ,Multilateral,constant,USD million,89.0848
2023,SWZ,Eswatini,,African Dev. Bank         ,Multilateral,constant,USD million,33.1534
2024,SWZ,Eswatini,,African Dev. Bank         ,Multilateral,constant,USD million,42.3129
2025,SWZ,Eswatini,,African Dev. Bank         ,Multilateral,constant,USD million,40.0017
2016,SWZ,Eswatini,,Arab African International Bank,Multilateral,constant,USD million,4.7755
2017,SWZ,Eswatini,,Arab African International Bank,Multilateral,constant,USD million,0.7706
2018,SWZ,Eswatini,,Arab African International Bank,Multilateral,constant,USD million,0.8975
2019,SWZ,Eswatini,,Arab African International Bank,Multilateral,constant,USD million,0.9823
2015,SWZ,Eswatini,,Arab Bank for Economic Dev. in Africa (BADEA),Multilateral,constant,USD million,1.512
2016,SWZ,Eswatini,,Arab Bank for Economic Dev. in Africa (BADEA),Multilateral,constant,USD million,2.2366
2022,SWZ,Eswatini,,Arab Bank for Economic Dev. in Africa (BADEA),Multilateral,constant,USD million,4.5782
2023,SWZ,Eswatini,,Arab Bank for Economic Dev. in Africa (BADEA),Multilateral,constant,USD million,6.0622
2024,SWZ,Eswatini,,Arab Bank for Economic Dev. in Africa (BADEA),Multilateral,constant,USD million,2.7625
2025,SWZ,Eswatini,,Arab Bank for Economic Dev. in Africa (BADEA),Multilateral,constant,USD million,1.0621
2020,SWZ,Eswatini,,European Investment Bank,Multilateral,constant,USD million,10.5977
2021,SWZ,Eswatini,,European Investment Bank,Multilateral,constant,USD million,21.7742
2022,SWZ,Eswatini,,European Investment Bank,Multilateral,constant,USD million,4.8579
2023,SWZ,Eswatini,,European Investment Bank,Multilateral,constant,USD million,4.8422
2024,SWZ,Eswatini,,European Investment Bank,Multilateral,constant,USD million,0.3415
2015,SWZ,Eswatini,,International Fund for Agricultural Dev.,Multilateral,constant,USD million,1.3236
2016,SWZ,Eswatini,,International Fund for Agricultural Dev.,Multilateral,constant,USD million,0.1211
2020,SWZ,Eswatini,,International Fund for Agricultural Dev.,Multilateral,constant,USD million,2.1756
2021,SWZ,Eswatini,,International Fund for Agricultural Dev.,Multilateral,constant,USD million,1.2044
2022,SWZ,Eswatini,,International Fund for Agricultural Dev.,Multilateral,constant,USD million,1.0995
2023,SWZ,Eswatini,,International Fund for Agricultural Dev.,Multilateral,constant,USD million,3.531
2024,SWZ,Eswatini,,International Fund for Agricultural Dev.,Multilateral,constant,USD million,1.7835
2025,SWZ,Eswatini,,International Fund for Agricultural Dev.,Multilateral,constant,USD million,0.7401
2015,SWZ,Eswatini,,OPEC Fund for International Dev.,Multilateral,constant,USD million,4.34
2016,SWZ,Eswatini,,OPEC Fund for International Dev.,Multilateral,constant,USD million,12.1705
2017,SWZ,Eswatini,,OPEC Fund for International Dev.,Multilateral,constant,USD million,8.235
2018,SWZ,Eswatini,,OPEC Fund for International Dev.,Multilateral,constant,USD million,5.7825
2015,SWZ,Eswatini,,World Bank-IBRD                         ,Multilateral,constant,USD million,8.071
2016,SWZ,Eswatini,,World Bank-IBRD                         ,Multilateral,constant,USD million,8.0513
2017,SWZ,Eswatini,,World Bank-IBRD                         ,Multilateral,constant,USD million,13.0485
2018,SWZ,Eswatini,,World Bank-IBRD                         ,Multilateral,constant,USD million,3.8782
2020,SWZ,Eswatini,,World Bank-IBRD                         ,Multilateral,constant,USD million,10.669
2021,SWZ,Eswatini,,World Bank-IBRD                         ,Multilateral,constant,USD million,47.1183
2022,SWZ,Eswatini,,World Bank-IBRD                         ,Multilateral,constant,USD million,92.7855
2023,SWZ,Eswatini,,World Bank-IBRD                         ,Multilateral,constant,USD million,19.501
2024,SWZ,Eswatini,,World Bank-IBRD                         ,Multilateral,constant,USD million,18.8801
2025,SWZ,Eswatini,,World Bank-IBRD                         ,Multilateral,constant,USD million,15.8434
2016,ETH,Ethiopia,,African Dev. Bank         ,Multilateral,constant,USD million,0.3834
2017,ETH,Ethiopia,,African Dev. Bank         ,Multilateral,constant,USD million,159.0493
2018,ETH,Ethiopia,,African Dev. Bank         ,Multilateral,constant,USD million,7.3739
2019,ETH,Ethiopia,,African Dev. Bank         ,Multilateral,constant,USD million,7.9617
2020,ETH,Ethiopia,,African Dev. Bank         ,Multilateral,constant,USD million,36.4589
2021,ETH,Ethiopia,,African Dev. Bank         ,Multilateral,constant,USD million,23.1309
2022,ETH,Ethiopia,,African Dev. Bank         ,Multilateral,constant,USD million,11.6292
2023,ETH,Ethiopia,,African Dev. Bank         ,Multilateral,constant,USD million,75.344
2024,ETH,Ethiopia,,African Dev. Bank         ,Multilateral,constant,USD million,48.5908
2025,ETH,Ethiopia,,African Dev. Bank         ,Multilateral,constant,USD million,37.0293
2023,ETH,Ethiopia,,Arab African International Bank,Multilateral,constant,USD million,10.2622
2024,ETH,Ethiopia,,Arab African International Bank,Multilateral,constant,USD million,8.3422
2025,ETH,Ethiopia,,Arab African International Bank,Multilateral,constant,USD million,7.0337
2023,ETH,Ethiopia,,Arab Bank for Economic Dev. in Africa (BADEA),Multilateral,constant,USD million,8.087
2024,ETH,Ethiopia,,Arab Bank for Economic Dev. in Africa (BADEA),Multilateral,constant,USD million,9.9075
2025,ETH,Ethiopia,,Arab Bank for Economic Dev. in Africa (BADEA),Multilateral,constant,USD million,9.0647
2019,ETH,Ethiopia,,Eastern & Southern African Trade & Dev. Bank (TDB),Multilateral,constant,USD million,36.1809
2016,ETH,Ethiopia,,European Investment Bank,Multilateral,constant,USD million,6.4796
2017,ETH,Ethiopia,,European Investment Bank,Multilateral,constant,USD million,5.6552
2018,ETH,Ethiopia,,European Investment Bank,Multilateral,constant,USD million,11.9097
2019,ETH,Ethiopia,,European Investment Bank,Multilateral,constant,USD million,10.6603
2020,ETH,Ethiopia,,European Investment Bank,Multilateral,constant,USD million,49.7204
2022,ETH,Ethiopia,,European Investment Bank,Multilateral,constant,USD million,43.053
2023,ETH,Ethiopia,,European Investment Bank,Multilateral,constant,USD million,9.507
2024,ETH,Ethiopia,,European Investment Bank,Multilateral,constant,USD million,6.2036
2025,ETH,Ethiopia,,European Investment Bank,Multilateral,constant,USD million,4.1657
2023,ETH,Ethiopia,,International Fund for Agricultural Dev.,Multilateral,constant,USD million,18.0836
2024,ETH,Ethiopia,,International Fund for Agricultural Dev.,Multilateral,constant,USD million,15.6128
2025,ETH,Ethiopia,,International Fund for Agricultural Dev.,Multilateral,constant,USD million,11.8918
2015,ETH,Ethiopia,,OPEC Fund for International Dev.,Multilateral,constant,USD million,7.749
2016,ETH,Ethiopia,,OPEC Fund for International Dev.,Multilateral,constant,USD million,16.6228
2017,ETH,Ethiopia,,OPEC Fund for International Dev.,Multilateral,constant,USD million,10.1738
2018,ETH,Ethiopia,,OPEC Fund for International Dev.,Multilateral,constant,USD million,7.0334
2019,ETH,Ethiopia,,OPEC Fund for International Dev.,Multilateral,constant,USD million,10.004
2020,ETH,Ethiopia,,OPEC Fund for International Dev.,Multilateral,constant,USD million,3.4595
2021,ETH,Ethiopia,,OPEC Fund for International Dev.,Multilateral,constant,USD million,4.9953
2022,ETH,Ethiopia,,OPEC Fund for International Dev.,Multilateral,constant,USD million,1.1319
2023,ETH,Ethiopia,,OPEC Fund for International Dev.,Multilateral,constant,USD million,28.3868
2024,ETH,Ethiopia,,OPEC Fund for International Dev.,Multilateral,constant,USD million,23.819
2025,ETH,Ethiopia,,OPEC Fund for International Dev.,Multilateral,constant,USD million,16.7707
2018,ETH,Ethiopia,,World Bank-IDA                         ,Multilateral,constant,USD million,1.1332
2019,ETH,Ethiopia,,World Bank-IDA                         ,Multilateral,constant,USD million,28.7667
2020,ETH,Ethiopia,,World Bank-IDA                         ,Multilateral,constant,USD million,54.621
2021,ETH,Ethiopia,,World Bank-IDA                         ,Multilateral,constant,USD million,67.2932
2022,ETH,Ethiopia,,World Bank-IDA                         ,Multilateral,constant,USD million,68.0121
2023,ETH,Ethiopia,,World Bank-IDA                         ,Multilateral,constant,USD million,626.3791
2024,ETH,Ethiopia,,World Bank-IDA                         ,Multilateral,constant,USD million,541.2805
2025,ETH,Ethiopia,,World Bank-IDA                         ,Multilateral,constant,USD million,608.5984
2015,FJI,Fiji,,Asian Dev. Bank   ,Multilateral,constant,USD million,0.993
2016,FJI,Fiji,,Asian Dev. Bank   ,Multilateral,constant,USD million,0.9106
2017,FJI,Fiji,,Asian Dev. Bank   ,Multilateral,constant,USD million,51.0388
2018,FJI,Fiji,,Asian Dev. Bank   ,Multilateral,constant,USD million,15.4218
2019,FJI,Fiji,,Asian Dev. Bank   ,Multilateral,constant,USD million,13.3041
2020,FJI,Fiji,,Asian Dev. Bank   ,Multilateral,constant,USD million,262.5072
2021,FJI,Fiji,,Asian Dev. Bank   ,Multilateral,constant,USD million,18.768
2022,FJI,Fiji,,Asian Dev. Bank   ,Multilateral,constant,USD million,190.7111
2023,FJI,Fiji,,Asian Dev. Bank   ,Multilateral,constant,USD million,25.3655
2024,FJI,Fiji,,Asian Dev. Bank   ,Multilateral,constant,USD million,19.9434
2025,FJI,Fiji,,Asian Dev. Bank   ,Multilateral,constant,USD million,8.1523
2020,FJI,Fiji,,Asian Infrastructure Investment Bank,Multilateral,constant,USD million,48.8124
2022,FJI,Fiji,,Asian Infrastructure Investment Bank,Multilateral,constant,USD million,49.6003
2022,FJI,Fiji,,European Investment Bank,Multilateral,constant,USD million,8.3745
2023,FJI,Fiji,,European Investment Bank,Multilateral,constant,USD million,30.256
2024,FJI,Fiji,,European Investment Bank,Multilateral,constant,USD million,20.2829
2025,FJI,Fiji,,European Investment Bank,Multilateral,constant,USD million,11.6658
2016,FJI,Fiji,,World Bank-IBRD                         ,Multilateral,constant,USD million,48.8184
2017,FJI,Fiji,,World Bank-IBRD                         ,Multilateral,constant,USD million,3.1955
2018,FJI,Fiji,,World Bank-IBRD                         ,Multilateral,constant,USD million,18.365
2019,FJI,Fiji,,World Bank-IBRD                         ,Multilateral,constant,USD million,2.9756
2020,FJI,Fiji,,World Bank-IBRD                         ,Multilateral,constant,USD million,6.3134
2021,FJI,Fiji,,World Bank-IBRD                         ,Multilateral,constant,USD million,31.7313
2022,FJI,Fiji,,World Bank-IBRD                         ,Multilateral,constant,USD million,65.144
2023,FJI,Fiji,,World Bank-IBRD                         ,Multilateral,constant,USD million,7.9407
2024,FJI,Fiji,,World Bank-IBRD                         ,Multilateral,constant,USD million,6.3986
2025,FJI,Fiji,,World Bank-IBRD                         ,Multilateral,constant,USD million,3.4164
2023,FJI,Fiji,,World Bank-IDA                         ,Multilateral,constant,USD million,8.945
2024,FJI,Fiji,,World Bank-IDA                         ,Multilateral,constant,USD million,6.9615
2025,FJI,Fiji,,World Bank-IDA                         ,Multilateral,constant,USD million,4.105
2015,GAB,Gabon,,African Dev. Bank         ,Multilateral,constant,USD million,0.0434
2017,GAB,Gabon,,African Dev. Bank         ,Multilateral,constant,USD million,558.8455
2018,GAB,Gabon,,African Dev. Bank         ,Multilateral,constant,USD million,0.6088
2019,GAB,Gabon,,African Dev. Bank         ,Multilateral,constant,USD million,104.6371
2020,GAB,Gabon,,African Dev. Bank         ,Multilateral,constant,USD million,118.6767
2021,GAB,Gabon,,African Dev. Bank         ,Multilateral,constant,USD million,25.0305
2022,GAB,Gabon,,African Dev. Bank         ,Multilateral,constant,USD million,60.264
2023,GAB,Gabon,,African Dev. Bank         ,Multilateral,constant,USD million,80.5276
2024,GAB,Gabon,,African Dev. Bank         ,Multilateral,constant,USD million,76.2069
2025,GAB,Gabon,,African Dev. Bank         ,Multilateral,constant,USD million,69.8476
2018,GAB,Gabon,,African Export-Import Bank,Multilateral,constant,USD million,251.8555
2015,GAB,Gabon,,Central Bank of West African States (BCEAO),Multilateral,constant,USD million,17.9626
2016,GAB,Gabon,,Central Bank of West African States (BCEAO),Multilateral,constant,USD million,17.8495
2017,GAB,Gabon,,Central Bank of West African States (BCEAO),Multilateral,constant,USD million,29.0718
2018,GAB,Gabon,,Central Bank of West African States (BCEAO),Multilateral,constant,USD million,22.3042
2019,GAB,Gabon,,Central Bank of West African States (BCEAO),Multilateral,constant,USD million,10.936
2020,GAB,Gabon,,Central Bank of West African States (BCEAO),Multilateral,constant,USD million,0.213
2023,GAB,Gabon,,Central Bank of West African States (BCEAO),Multilateral,constant,USD million,16.6546
2024,GAB,Gabon,,Central Bank of West African States (BCEAO),Multilateral,constant,USD million,21.7393
2025,GAB,Gabon,,Central Bank of West African States (BCEAO),Multilateral,constant,USD million,10.8832
2015,GAB,Gabon,,International Fund for Agricultural Dev.,Multilateral,constant,USD million,1.4527
2016,GAB,Gabon,,International Fund for Agricultural Dev.,Multilateral,constant,USD million,0.0932
2017,GAB,Gabon,,International Fund for Agricultural Dev.,Multilateral,constant,USD million,1.1609
2021,GAB,Gabon,,International Fund for Agricultural Dev.,Multilateral,constant,USD million,2.4344
2022,GAB,Gabon,,International Fund for Agricultural Dev.,Multilateral,constant,USD million,0.812
2023,GAB,Gabon,,International Fund for Agricultural Dev.,Multilateral,constant,USD million,2.2848
2024,GAB,Gabon,,International Fund for Agricultural Dev.,Multilateral,constant,USD million,1.2194
2025,GAB,Gabon,,International Fund for Agricultural Dev.,Multilateral,constant,USD million,0.3216
2015,GAB,Gabon,,Islamic Dev. Bank,Multilateral,constant,USD million,0.028
2020,GAB,Gabon,,Islamic Dev. Bank,Multilateral,constant,USD million,21.0205
2022,GAB,Gabon,,Islamic Dev. Bank,Multilateral,constant,USD million,36.9637
2023,GAB,Gabon,,Islamic Dev. Bank,Multilateral,constant,USD million,34.51
2024,GAB,Gabon,,Islamic Dev. Bank,Multilateral,constant,USD million,42.0987
2025,GAB,Gabon,,Islamic Dev. Bank,Multilateral,constant,USD million,23.5039
2015,GAB,Gabon,,World Bank-IBRD                         ,Multilateral,constant,USD million,21.263
2016,GAB,Gabon,,World Bank-IBRD                         ,Multilateral,constant,USD million,24.6391
2017,GAB,Gabon,,World Bank-IBRD                         ,Multilateral,constant,USD million,251.068
2018,GAB,Gabon,,World Bank-IBRD                         ,Multilateral,constant,USD million,60.588
2019,GAB,Gabon,,World Bank-IBRD                         ,Multilateral,constant,USD million,206.3054
2020,GAB,Gabon,,World Bank-IBRD                         ,Multilateral,constant,USD million,51.5631
2021,GAB,Gabon,,World Bank-IBRD                         ,Multilateral,constant,USD million,27.347
2022,GAB,Gabon,,World Bank-IBRD                         ,Multilateral,constant,USD million,33.7313
2023,GAB,Gabon,,World Bank-IBRD                         ,Multilateral,constant,USD million,17.5138
2024,GAB,Gabon,,World Bank-IBRD                         ,Multilateral,constant,USD million,13.6336
2025,GAB,Gabon,,World Bank-IBRD                         ,Multilateral,constant,USD million,9.0247
2017,GMB,"Gambia, The",,African Dev. Bank         ,Multilateral,constant,USD million,0.29
2023,GMB,"Gambia, The",,African Dev. Bank         ,Multilateral,constant,USD million,1.3264
2024,GMB,"Gambia, The",,African Dev. Bank         ,Multilateral,constant,USD million,0.8847
2025,GMB,"Gambia, The",,African Dev. Bank         ,Multilateral,constant,USD million,0.6937
2023,GMB,"Gambia, The",,Arab African International Bank,Multilateral,constant,USD million,0.1471
2024,GMB,"Gambia, The",,Arab African International Bank,Multilateral,constant,USD million,0.091
2015,GMB,"Gambia, The",,Arab Bank for Economic Dev. in Africa (BADEA),Multilateral,constant,USD million,0.717
2020,GMB,"Gambia, The",,Arab Bank for Economic Dev. in Africa (BADEA),Multilateral,constant,USD million,0.3439
2022,GMB,"Gambia, The",,Arab Bank for Economic Dev. in Africa (BADEA),Multilateral,constant,USD million,1.3301
2023,GMB,"Gambia, The",,Arab Bank for Economic Dev. in Africa (BADEA),Multilateral,constant,USD million,10.6494
2024,GMB,"Gambia, The",,Arab Bank for Economic Dev. in Africa (BADEA),Multilateral,constant,USD million,6.0485
2025,GMB,"Gambia, The",,Arab Bank for Economic Dev. in Africa (BADEA),Multilateral,constant,USD million,3.1933
2015,GMB,"Gambia, The",,Economic Community of West African States (ECOWAS),Multilateral,constant,USD million,2.312
2017,GMB,"Gambia, The",,Economic Community of West African States (ECOWAS),Multilateral,constant,USD million,1.8336
2018,GMB,"Gambia, The",,Economic Community of West African States (ECOWAS),Multilateral,constant,USD million,11.6478
2019,GMB,"Gambia, The",,Economic Community of West African States (ECOWAS),Multilateral,constant,USD million,1.2813
2020,GMB,"Gambia, The",,Economic Community of West African States (ECOWAS),Multilateral,constant,USD million,1.3473
2021,GMB,"Gambia, The",,Economic Community of West African States (ECOWAS),Multilateral,constant,USD million,0.5082
2021,GMB,"Gambia, The",,European Investment Bank,Multilateral,constant,USD million,1.3418
2022,GMB,"Gambia, The",,European Investment Bank,Multilateral,constant,USD million,17.9626
2023,GMB,"Gambia, The",,European Investment Bank,Multilateral,constant,USD million,14.4628
2024,GMB,"Gambia, The",,European Investment Bank,Multilateral,constant,USD million,9.1068
2025,GMB,"Gambia, The",,European Investment Bank,Multilateral,constant,USD million,5.4353
2015,GMB,"Gambia, The",,International Bank for Economic Cooperation (IBEC),Multilateral,constant,USD million,0.133
2023,GMB,"Gambia, The",,International Bank for Economic Cooperation (IBEC),Multilateral,constant,USD million,0.1825
2024,GMB,"Gambia, The",,International Bank for Economic Cooperation (IBEC),Multilateral,constant,USD million,0.1089
2023,GMB,"Gambia, The",,International Fund for Agricultural Dev.,Multilateral,constant,USD million,0.8413
2024,GMB,"Gambia, The",,International Fund for Agricultural Dev.,Multilateral,constant,USD million,0.5409
2025,GMB,"Gambia, The",,International Fund for Agricultural Dev.,Multilateral,constant,USD million,0.3608
2015,GMB,"Gambia, The",,Islamic Dev. Bank,Multilateral,constant,USD million,1.3278
2017,GMB,"Gambia, The",,Islamic Dev. Bank,Multilateral,constant,USD million,21.2247
2018,GMB,"Gambia, The",,Islamic Dev. Bank,Multilateral,constant,USD million,5.8792
2019,GMB,"Gambia, The",,Islamic Dev. Bank,Multilateral,constant,USD million,2.7438
2020,GMB,"Gambia, The",,Islamic Dev. Bank,Multilateral,constant,USD million,9.4978
2021,GMB,"Gambia, The",,Islamic Dev. Bank,Multilateral,constant,USD million,2.686
2022,GMB,"Gambia, The",,Islamic Dev. Bank,Multilateral,constant,USD million,4.5507
2023,GMB,"Gambia, The",,Islamic Dev. Bank,Multilateral,constant,USD million,26.0635
2024,GMB,"Gambia, The",,Islamic Dev. Bank,Multilateral,constant,USD million,20.796
2025,GMB,"Gambia, The",,Islamic Dev. Bank,Multilateral,constant,USD million,13.1703
2015,GMB,"Gambia, The",,OPEC Fund for International Dev.,Multilateral,constant,USD million,8.333
2016,GMB,"Gambia, The",,OPEC Fund for International Dev.,Multilateral,constant,USD million,1.5552
2017,GMB,"Gambia, The",,OPEC Fund for International Dev.,Multilateral,constant,USD million,12.094
2018,GMB,"Gambia, The",,OPEC Fund for International Dev.,Multilateral,constant,USD million,10.1833
2019,GMB,"Gambia, The",,OPEC Fund for International Dev.,Multilateral,constant,USD million,10.5471
2020,GMB,"Gambia, The",,OPEC Fund for International Dev.,Multilateral,constant,USD million,7.9799
2021,GMB,"Gambia, The",,OPEC Fund for International Dev.,Multilateral,constant,USD million,0.9427
2023,GMB,"Gambia, The",,OPEC Fund for International Dev.,Multilateral,constant,USD million,1.4504
2024,GMB,"Gambia, The",,OPEC Fund for International Dev.,Multilateral,constant,USD million,0.5884
2025,GMB,"Gambia, The",,OPEC Fund for International Dev.,Multilateral,constant,USD million,0.3162
2023,GMB,"Gambia, The",,World Bank-IDA                         ,Multilateral,constant,USD million,5.0704
2024,GMB,"Gambia, The",,World Bank-IDA                         ,Multilateral,constant,USD million,3.6482
2025,GMB,"Gambia, The",,World Bank-IDA                         ,Multilateral,constant,USD million,2.2326
2015,GEO,Georgia,,Asian Dev. Bank   ,Multilateral,constant,USD million,129.951
2016,GEO,Georgia,,Asian Dev. Bank   ,Multilateral,constant,USD million,143.3701
2017,GEO,Georgia,,Asian Dev. Bank   ,Multilateral,constant,USD million,86.2756
2018,GEO,Georgia,,Asian Dev. Bank   ,Multilateral,constant,USD million,127.676
2019,GEO,Georgia,,Asian Dev. Bank   ,Multilateral,constant,USD million,173.8516
2020,GEO,Georgia,,Asian Dev. Bank   ,Multilateral,constant,USD million,242.6958
2021,GEO,Georgia,,Asian Dev. Bank   ,Multilateral,constant,USD million,622.7197
2022,GEO,Georgia,,Asian Dev. Bank   ,Multilateral,constant,USD million,300.3914
2023,GEO,Georgia,,Asian Dev. Bank   ,Multilateral,constant,USD million,209.0016
2024,GEO,Georgia,,Asian Dev. Bank   ,Multilateral,constant,USD million,173.8187
2025,GEO,Georgia,,Asian Dev. Bank   ,Multilateral,constant,USD million,125.8463
2017,GEO,Georgia,,Asian Infrastructure Investment Bank,Multilateral,constant,USD million,9.3172
2018,GEO,Georgia,,Asian Infrastructure Investment Bank,Multilateral,constant,USD million,5.0629
2019,GEO,Georgia,,Asian Infrastructure Investment Bank,Multilateral,constant,USD million,12.8389
2020,GEO,Georgia,,Asian Infrastructure Investment Bank,Multilateral,constant,USD million,67.9943
2021,GEO,Georgia,,Asian Infrastructure Investment Bank,Multilateral,constant,USD million,10.7744
2022,GEO,Georgia,,Asian Infrastructure Investment Bank,Multilateral,constant,USD million,3.8542
2023,GEO,Georgia,,Asian Infrastructure Investment Bank,Multilateral,constant,USD million,26.8705
2024,GEO,Georgia,,Asian Infrastructure Investment Bank,Multilateral,constant,USD million,12.2578
2025,GEO,Georgia,,Asian Infrastructure Investment Bank,Multilateral,constant,USD million,4.017
2023,GEO,Georgia,,Council of Europe,Multilateral,constant,USD million,1.697
2024,GEO,Georgia,,Council of Europe,Multilateral,constant,USD million,1.1544
2025,GEO,Georgia,,Council of Europe,Multilateral,constant,USD million,0.6168
2015,GEO,Georgia,,European Bank for Reconstruction and Dev. (EBRD),Multilateral,constant,USD million,4.9754
2016,GEO,Georgia,,European Bank for Reconstruction and Dev. (EBRD),Multilateral,constant,USD million,19.5285
2017,GEO,Georgia,,European Bank for Reconstruction and Dev. (EBRD),Multilateral,constant,USD million,39.4821
2018,GEO,Georgia,,European Bank for Reconstruction and Dev. (EBRD),Multilateral,constant,USD million,6.2448
2019,GEO,Georgia,,European Bank for Reconstruction and Dev. (EBRD),Multilateral,constant,USD million,24.209
2020,GEO,Georgia,,European Bank for Reconstruction and Dev. (EBRD),Multilateral,constant,USD million,74.1376
2021,GEO,Georgia,,European Bank for Reconstruction and Dev. (EBRD),Multilateral,constant,USD million,76.3365
2022,GEO,Georgia,,European Bank for Reconstruction and Dev. (EBRD),Multilateral,constant,USD million,26.9112
2023,GEO,Georgia,,European Bank for Reconstruction and Dev. (EBRD),Multilateral,constant,USD million,68.8282
2024,GEO,Georgia,,European Bank for Reconstruction and Dev. (EBRD),Multilateral,constant,USD million,85.5211
2025,GEO,Georgia,,European Bank for Reconstruction and Dev. (EBRD),Multilateral,constant,USD million,46.9878
2015,GEO,Georgia,,European Investment Bank,Multilateral,constant,USD million,29.0644
2016,GEO,Georgia,,European Investment Bank,Multilateral,constant,USD million,48.9184
2017,GEO,Georgia,,European Investment Bank,Multilateral,constant,USD million,92.5716
2018,GEO,Georgia,,European Investment Bank,Multilateral,constant,USD million,127.469
2019,GEO,Georgia,,European Investment Bank,Multilateral,constant,USD million,114.5149
2020,GEO,Georgia,,European Investment Bank,Multilateral,constant,USD million,129.8295
2021,GEO,Georgia,,European Investment Bank,Multilateral,constant,USD million,154.4054
2022,GEO,Georgia,,European Investment Bank,Multilateral,constant,USD million,135.7266
2023,GEO,Georgia,,European Investment Bank,Multilateral,constant,USD million,86.668
2024,GEO,Georgia,,European Investment Bank,Multilateral,constant,USD million,150.7193
2025,GEO,Georgia,,European Investment Bank,Multilateral,constant,USD million,104.1144
2023,GEO,Georgia,,European Union,Multilateral,constant,USD million,22.7834
2024,GEO,Georgia,,European Union,Multilateral,constant,USD million,15.4249
2025,GEO,Georgia,,European Union,Multilateral,constant,USD million,9.2984
2015,GEO,Georgia,,International Fund for Agricultural Dev.,Multilateral,constant,USD million,1.5097
2016,GEO,Georgia,,International Fund for Agricultural Dev.,Multilateral,constant,USD million,0.3402
2017,GEO,Georgia,,International Fund for Agricultural Dev.,Multilateral,constant,USD million,2.1653
2018,GEO,Georgia,,International Fund for Agricultural Dev.,Multilateral,constant,USD million,2.5754
2019,GEO,Georgia,,International Fund for Agricultural Dev.,Multilateral,constant,USD million,4.0583
2020,GEO,Georgia,,International Fund for Agricultural Dev.,Multilateral,constant,USD million,1.6252
2023,GEO,Georgia,,International Fund for Agricultural Dev.,Multilateral,constant,USD million,2.239
2024,GEO,Georgia,,International Fund for Agricultural Dev.,Multilateral,constant,USD million,1.5639
2025,GEO,Georgia,,International Fund for Agricultural Dev.,Multilateral,constant,USD million,0.8936
2023,GEO,Georgia,,Nordic Environment Finance Corporation (NEFCO),Multilateral,constant,USD million,0.6235
2024,GEO,Georgia,,Nordic Environment Finance Corporation (NEFCO),Multilateral,constant,USD million,1.2031
2025,GEO,Georgia,,Nordic Environment Finance Corporation (NEFCO),Multilateral,constant,USD million,0.6951
2015,GEO,Georgia,,World Bank-IBRD                         ,Multilateral,constant,USD million,159.51
2016,GEO,Georgia,,World Bank-IBRD                         ,Multilateral,constant,USD million,61.4062
2017,GEO,Georgia,,World Bank-IBRD                         ,Multilateral,constant,USD million,185.0436
2018,GEO,Georgia,,World Bank-IBRD                         ,Multilateral,constant,USD million,49.1706
2019,GEO,Georgia,,World Bank-IBRD                         ,Multilateral,constant,USD million,53.1831
2020,GEO,Georgia,,World Bank-IBRD                         ,Multilateral,constant,USD million,228.5392
2021,GEO,Georgia,,World Bank-IBRD                         ,Multilateral,constant,USD million,119.0692
2022,GEO,Georgia,,World Bank-IBRD                         ,Multilateral,constant,USD million,109.7281
2023,GEO,Georgia,,World Bank-IBRD                         ,Multilateral,constant,USD million,156.4278
2024,GEO,Georgia,,World Bank-IBRD                         ,Multilateral,constant,USD million,144.0478
2025,GEO,Georgia,,World Bank-IBRD                         ,Multilateral,constant,USD million,130.216
2015,GEO,Georgia,,World Bank-IDA                         ,Multilateral,constant,USD million,27.959
2016,GEO,Georgia,,World Bank-IDA                         ,Multilateral,constant,USD million,18.6755
2017,GEO,Georgia,,World Bank-IDA                         ,Multilateral,constant,USD million,9.1171
2018,GEO,Georgia,,World Bank-IDA                         ,Multilateral,constant,USD million,7.7381
2019,GEO,Georgia,,World Bank-IDA                         ,Multilateral,constant,USD million,2.8554
2020,GEO,Georgia,,World Bank-IDA                         ,Multilateral,constant,USD million,6.2881
2021,GEO,Georgia,,World Bank-IDA                         ,Multilateral,constant,USD million,9.742
2022,GEO,Georgia,,World Bank-IDA                         ,Multilateral,constant,USD million,3.2405
2023,GEO,Georgia,,World Bank-IDA                         ,Multilateral,constant,USD million,0.8613
2024,GEO,Georgia,,World Bank-IDA                         ,Multilateral,constant,USD million,0.2792
2025,GEO,Georgia,,World Bank-IDA                         ,Multilateral,constant,USD million,0.0675
2020,GHA,Ghana,,African Dev. Bank         ,Multilateral,constant,USD million,15.3111
2021,GHA,Ghana,,African Dev. Bank         ,Multilateral,constant,USD million,10.398
2023,GHA,Ghana,,African Dev. Bank         ,Multilateral,constant,USD million,26.6427
2024,GHA,Ghana,,African Dev. Bank         ,Multilateral,constant,USD million,51.7421
2025,GHA,Ghana,,African Dev. Bank         ,Multilateral,constant,USD million,43.9988
2022,GHA,Ghana,,African Export-Import Bank,Multilateral,constant,USD million,701.7605
2016,GHA,Ghana,,Arab Bank for Economic Dev. in Africa (BADEA),Multilateral,constant,USD million,1.1624
2022,GHA,Ghana,,Arab Bank for Economic Dev. in Africa (BADEA),Multilateral,constant,USD million,0.1019
2023,GHA,Ghana,,Arab Bank for Economic Dev. in Africa (BADEA),Multilateral,constant,USD million,4.1961
2024,GHA,Ghana,,Arab Bank for Economic Dev. in Africa (BADEA),Multilateral,constant,USD million,7.9553
2025,GHA,Ghana,,Arab Bank for Economic Dev. in Africa (BADEA),Multilateral,constant,USD million,4.7555
2015,GHA,Ghana,,Economic Community of West African States (ECOWAS),Multilateral,constant,USD million,8.2839
2017,GHA,Ghana,,Economic Community of West African States (ECOWAS),Multilateral,constant,USD million,10.1019
2018,GHA,Ghana,,Economic Community of West African States (ECOWAS),Multilateral,constant,USD million,15.2553
2021,GHA,Ghana,,Economic Community of West African States (ECOWAS),Multilateral,constant,USD million,41.4671
2022,GHA,Ghana,,Economic Community of West African States (ECOWAS),Multilateral,constant,USD million,5.7326
2023,GHA,Ghana,,Economic Community of West African States (ECOWAS),Multilateral,constant,USD million,1.3636
2024,GHA,Ghana,,Economic Community of West African States (ECOWAS),Multilateral,constant,USD million,0.5729
2025,GHA,Ghana,,Economic Community of West African States (ECOWAS),Multilateral,constant,USD million,0.4731
2021,GHA,Ghana,,European Investment Bank,Multilateral,constant,USD million,4.4493
2022,GHA,Ghana,,European Investment Bank,Multilateral,constant,USD million,3.1171
2023,GHA,Ghana,,European Investment Bank,Multilateral,constant,USD million,16.5943
2024,GHA,Ghana,,European Investment Bank,Multilateral,constant,USD million,92.2414
2025,GHA,Ghana,,European Investment Bank,Multilateral,constant,USD million,71.4832
2022,GHA,Ghana,,International Fund for Agricultural Dev.,Multilateral,constant,USD million,10.9424
2023,GHA,Ghana,,International Fund for Agricultural Dev.,Multilateral,constant,USD million,9.6849
2024,GHA,Ghana,,International Fund for Agricultural Dev.,Multilateral,constant,USD million,4.8996
2025,GHA,Ghana,,International Fund for Agricultural Dev.,Multilateral,constant,USD million,3.6613
2023,GHA,Ghana,,Nordic Development Fund,Multilateral,constant,USD million,1.1356
2024,GHA,Ghana,,Nordic Development Fund,Multilateral,constant,USD million,0.5585
2025,GHA,Ghana,,Nordic Development Fund,Multilateral,constant,USD million,0.2138
2015,GHA,Ghana,,OPEC Fund for International Dev.,Multilateral,constant,USD million,2.015
2016,GHA,Ghana,,OPEC Fund for International Dev.,Multilateral,constant,USD million,1.5156
2017,GHA,Ghana,,OPEC Fund for International Dev.,Multilateral,constant,USD million,0.0183
2018,GHA,Ghana,,OPEC Fund for International Dev.,Multilateral,constant,USD million,1.5885
2019,GHA,Ghana,,OPEC Fund for International Dev.,Multilateral,constant,USD million,2.629
2022,GHA,Ghana,,OPEC Fund for International Dev.,Multilateral,constant,USD million,9.6191
2023,GHA,Ghana,,OPEC Fund for International Dev.,Multilateral,constant,USD million,2.6809
2024,GHA,Ghana,,OPEC Fund for International Dev.,Multilateral,constant,USD million,5.4575
2025,GHA,Ghana,,OPEC Fund for International Dev.,Multilateral,constant,USD million,4.2097
2015,GHA,Ghana,,World Bank-IDA                         ,Multilateral,constant,USD million,225.054
2016,GHA,Ghana,,World Bank-IDA                         ,Multilateral,constant,USD million,97.8171
2017,GHA,Ghana,,World Bank-IDA                         ,Multilateral,constant,USD million,260.7271
2018,GHA,Ghana,,World Bank-IDA                         ,Multilateral,constant,USD million,45.594
2019,GHA,Ghana,,World Bank-IDA                         ,Multilateral,constant,USD million,99.8841
2020,GHA,Ghana,,World Bank-IDA                         ,Multilateral,constant,USD million,305.182
2021,GHA,Ghana,,World Bank-IDA                         ,Multilateral,constant,USD million,330.1601
2022,GHA,Ghana,,World Bank-IDA                         ,Multilateral,constant,USD million,368.3157
2023,GHA,Ghana,,World Bank-IDA                         ,Multilateral,constant,USD million,386.6763
2024,GHA,Ghana,,World Bank-IDA                         ,Multilateral,constant,USD million,372.433
2025,GHA,Ghana,,World Bank-IDA                         ,Multilateral,constant,USD million,310.9755
2023,GRD,Grenada,,Caribbean Community (CARICOM),Multilateral,constant,USD million,0.3865
2024,GRD,Grenada,,Caribbean Community (CARICOM),Multilateral,constant,USD million,0.7378
2025,GRD,Grenada,,Caribbean Community (CARICOM),Multilateral,constant,USD million,0.4258
2015,GRD,Grenada,,Caribbean Dev. Bank,Multilateral,constant,USD million,12.966
2016,GRD,Grenada,,Caribbean Dev. Bank,Multilateral,constant,USD million,6.301
2017,GRD,Grenada,,Caribbean Dev. Bank,Multilateral,constant,USD million,0.0221
2018,GRD,Grenada,,Caribbean Dev. Bank,Multilateral,constant,USD million,0.369
2019,GRD,Grenada,,Caribbean Dev. Bank,Multilateral,constant,USD million,0.0225
2020,GRD,Grenada,,Caribbean Dev. Bank,Multilateral,constant,USD million,0.4748
2021,GRD,Grenada,,Caribbean Dev. Bank,Multilateral,constant,USD million,4.4032
2022,GRD,Grenada,,Caribbean Dev. Bank,Multilateral,constant,USD million,5.3971
2023,GRD,Grenada,,Caribbean Dev. Bank,Multilateral,constant,USD million,8.6287
2024,GRD,Grenada,,Caribbean Dev. Bank,Multilateral,constant,USD million,5.5185
2025,GRD,Grenada,,Caribbean Dev. Bank,Multilateral,constant,USD million,3.3581
2023,GRD,Grenada,,International Fund for Agricultural Dev.,Multilateral,constant,USD million,0.495
2024,GRD,Grenada,,International Fund for Agricultural Dev.,Multilateral,constant,USD million,0.3115
2025,GRD,Grenada,,International Fund for Agricultural Dev.,Multilateral,constant,USD million,0.2033
2015,GRD,Grenada,,OPEC Fund for International Dev.,Multilateral,constant,USD million,7.958
2016,GRD,Grenada,,OPEC Fund for International Dev.,Multilateral,constant,USD million,3.0478
2017,GRD,Grenada,,OPEC Fund for International Dev.,Multilateral,constant,USD million,0.4201
2018,GRD,Grenada,,OPEC Fund for International Dev.,Multilateral,constant,USD million,0.1623
2019,GRD,Grenada,,OPEC Fund for International Dev.,Multilateral,constant,USD million,0.391
2020,GRD,Grenada,,OPEC Fund for International Dev.,Multilateral,constant,USD million,0.0601
2023,GRD,Grenada,,OPEC Fund for International Dev.,Multilateral,constant,USD million,8.0973
2024,GRD,Grenada,,OPEC Fund for International Dev.,Multilateral,constant,USD million,4.6525
2025,GRD,Grenada,,OPEC Fund for International Dev.,Multilateral,constant,USD million,2.1924
2015,GRD,Grenada,,World Bank-IBRD                         ,Multilateral,constant,USD million,5.0
2017,GRD,Grenada,,World Bank-IBRD                         ,Multilateral,constant,USD million,0.0182
2018,GRD,Grenada,,World Bank-IBRD                         ,Multilateral,constant,USD million,0.1555
2019,GRD,Grenada,,World Bank-IBRD                         ,Multilateral,constant,USD million,0.246
2020,GRD,Grenada,,World Bank-IBRD                         ,Multilateral,constant,USD million,0.9121
2021,GRD,Grenada,,World Bank-IBRD                         ,Multilateral,constant,USD million,0.2409
2022,GRD,Grenada,,World Bank-IBRD                         ,Multilateral,constant,USD million,2.6907
2023,GRD,Grenada,,World Bank-IBRD                         ,Multilateral,constant,USD million,1.0278
2024,GRD,Grenada,,World Bank-IBRD                         ,Multilateral,constant,USD million,0.7233
2025,GRD,Grenada,,World Bank-IBRD                         ,Multilateral,constant,USD million,0.4164
2023,GRD,Grenada,,World Bank-IDA                         ,Multilateral,constant,USD million,14.4273
2024,GRD,Grenada,,World Bank-IDA                         ,Multilateral,constant,USD million,18.0643
2025,GRD,Grenada,,World Bank-IDA                         ,Multilateral,constant,USD million,16.5656
2015,GTM,Guatemala,,Central American Bank for Econ. Integration (BCIE),Multilateral,constant,USD million,79.443
2016,GTM,Guatemala,,Central American Bank for Econ. Integration (BCIE),Multilateral,constant,USD million,5.395
2017,GTM,Guatemala,,Central American Bank for Econ. Integration (BCIE),Multilateral,constant,USD million,0.6496
2018,GTM,Guatemala,,Central American Bank for Econ. Integration (BCIE),Multilateral,constant,USD million,1.7521
2019,GTM,Guatemala,,Central American Bank for Econ. Integration (BCIE),Multilateral,constant,USD million,1.2487
2020,GTM,Guatemala,,Central American Bank for Econ. Integration (BCIE),Multilateral,constant,USD million,8.2944
2021,GTM,Guatemala,,Central American Bank for Econ. Integration (BCIE),Multilateral,constant,USD million,24.2951
2022,GTM,Guatemala,,Central American Bank for Econ. Integration (BCIE),Multilateral,constant,USD million,2.1565
2023,GTM,Guatemala,,Central American Bank for Econ. Integration (BCIE),Multilateral,constant,USD million,137.2254
2024,GTM,Guatemala,,Central American Bank for Econ. Integration (BCIE),Multilateral,constant,USD million,114.7713
2025,GTM,Guatemala,,Central American Bank for Econ. Integration (BCIE),Multilateral,constant,USD million,59.5442
2015,GTM,Guatemala,,Inter-American Dev. Bank      ,Multilateral,constant,USD million,264.68
2016,GTM,Guatemala,,Inter-American Dev. Bank      ,Multilateral,constant,USD million,46.6553
2017,GTM,Guatemala,,Inter-American Dev. Bank      ,Multilateral,constant,USD million,53.9695
2018,GTM,Guatemala,,Inter-American Dev. Bank      ,Multilateral,constant,USD million,47.9402
2019,GTM,Guatemala,,Inter-American Dev. Bank      ,Multilateral,constant,USD million,41.2979
2020,GTM,Guatemala,,Inter-American Dev. Bank      ,Multilateral,constant,USD million,252.6429
2021,GTM,Guatemala,,Inter-American Dev. Bank      ,Multilateral,constant,USD million,3.6483
2022,GTM,Guatemala,,Inter-American Dev. Bank      ,Multilateral,constant,USD million,65.4885
2023,GTM,Guatemala,,Inter-American Dev. Bank      ,Multilateral,constant,USD million,96.0116
2024,GTM,Guatemala,,Inter-American Dev. Bank      ,Multilateral,constant,USD million,93.3196
2025,GTM,Guatemala,,Inter-American Dev. Bank      ,Multilateral,constant,USD million,62.7508
2015,GTM,Guatemala,,International Fund for Agricultural Dev.,Multilateral,constant,USD million,2.0063
2016,GTM,Guatemala,,International Fund for Agricultural Dev.,Multilateral,constant,USD million,4.4835
2017,GTM,Guatemala,,International Fund for Agricultural Dev.,Multilateral,constant,USD million,5.1121
2018,GTM,Guatemala,,International Fund for Agricultural Dev.,Multilateral,constant,USD million,3.6651
2019,GTM,Guatemala,,International Fund for Agricultural Dev.,Multilateral,constant,USD million,0.9
2020,GTM,Guatemala,,International Fund for Agricultural Dev.,Multilateral,constant,USD million,0.5359
2021,GTM,Guatemala,,International Fund for Agricultural Dev.,Multilateral,constant,USD million,0.5247
2023,GTM,Guatemala,,International Fund for Agricultural Dev.,Multilateral,constant,USD million,2.9159
2024,GTM,Guatemala,,International Fund for Agricultural Dev.,Multilateral,constant,USD million,1.9629
2025,GTM,Guatemala,,International Fund for Agricultural Dev.,Multilateral,constant,USD million,0.4558
2015,GTM,Guatemala,,OPEC Fund for International Dev.,Multilateral,constant,USD million,1.731
2016,GTM,Guatemala,,OPEC Fund for International Dev.,Multilateral,constant,USD million,0.9291
2017,GTM,Guatemala,,OPEC Fund for International Dev.,Multilateral,constant,USD million,2.3605
2018,GTM,Guatemala,,OPEC Fund for International Dev.,Multilateral,constant,USD million,1.018
2019,GTM,Guatemala,,OPEC Fund for International Dev.,Multilateral,constant,USD million,1.1266
2020,GTM,Guatemala,,OPEC Fund for International Dev.,Multilateral,constant,USD million,0.0787
2015,GTM,Guatemala,,World Bank-IBRD                         ,Multilateral,constant,USD million,354.34
2016,GTM,Guatemala,,World Bank-IBRD                         ,Multilateral,constant,USD million,0.0483
2018,GTM,Guatemala,,World Bank-IBRD                         ,Multilateral,constant,USD million,232.0077
2019,GTM,Guatemala,,World Bank-IBRD                         ,Multilateral,constant,USD million,1.4056
2020,GTM,Guatemala,,World Bank-IBRD                         ,Multilateral,constant,USD million,178.9129
2021,GTM,Guatemala,,World Bank-IBRD                         ,Multilateral,constant,USD million,9.8148
2022,GTM,Guatemala,,World Bank-IBRD                         ,Multilateral,constant,USD million,414.0243
2023,GTM,Guatemala,,World Bank-IBRD                         ,Multilateral,constant,USD million,16.7751
2024,GTM,Guatemala,,World Bank-IBRD                         ,Multilateral,constant,USD million,14.8174
2025,GTM,Guatemala,,World Bank-IBRD                         ,Multilateral,constant,USD million,10.1807
2023,GIN,Guinea,,African Dev. Bank         ,Multilateral,constant,USD million,23.6321
2024,GIN,Guinea,,African Dev. Bank         ,Multilateral,constant,USD million,14.1077
2025,GIN,Guinea,,African Dev. Bank         ,Multilateral,constant,USD million,9.8397
2015,GIN,Guinea,,Arab Bank for Economic Dev. in Africa (BADEA),Multilateral,constant,USD million,0.084
2017,GIN,Guinea,,Arab Bank for Economic Dev. in Africa (BADEA),Multilateral,constant,USD million,0.0593
2018,GIN,Guinea,,Arab Bank for Economic Dev. in Africa (BADEA),Multilateral,constant,USD million,0.2091
2019,GIN,Guinea,,Arab Bank for Economic Dev. in Africa (BADEA),Multilateral,constant,USD million,0.0557
2023,GIN,Guinea,,Arab Bank for Economic Dev. in Africa (BADEA),Multilateral,constant,USD million,12.1608
2024,GIN,Guinea,,Arab Bank for Economic Dev. in Africa (BADEA),Multilateral,constant,USD million,11.7825
2025,GIN,Guinea,,Arab Bank for Economic Dev. in Africa (BADEA),Multilateral,constant,USD million,7.623
2015,GIN,Guinea,,Economic Community of West African States (ECOWAS),Multilateral,constant,USD million,0.001
2016,GIN,Guinea,,Economic Community of West African States (ECOWAS),Multilateral,constant,USD million,0.864
2022,GIN,Guinea,,Economic Community of West African States (ECOWAS),Multilateral,constant,USD million,3.2479
2023,GIN,Guinea,,Economic Community of West African States (ECOWAS),Multilateral,constant,USD million,12.6931
2024,GIN,Guinea,,Economic Community of West African States (ECOWAS),Multilateral,constant,USD million,6.6031
2025,GIN,Guinea,,Economic Community of West African States (ECOWAS),Multilateral,constant,USD million,3.0517
2016,GIN,Guinea,,European Investment Bank,Multilateral,constant,USD million,5.0118
2017,GIN,Guinea,,European Investment Bank,Multilateral,constant,USD million,4.7025
2018,GIN,Guinea,,European Investment Bank,Multilateral,constant,USD million,4.3262
2019,GIN,Guinea,,European Investment Bank,Multilateral,constant,USD million,10.0523
2020,GIN,Guinea,,European Investment Bank,Multilateral,constant,USD million,10.2386
2021,GIN,Guinea,,European Investment Bank,Multilateral,constant,USD million,19.348
2022,GIN,Guinea,,European Investment Bank,Multilateral,constant,USD million,8.8631
2023,GIN,Guinea,,European Investment Bank,Multilateral,constant,USD million,13.4693
2024,GIN,Guinea,,European Investment Bank,Multilateral,constant,USD million,70.7652
2025,GIN,Guinea,,European Investment Bank,Multilateral,constant,USD million,51.4715
2023,GIN,Guinea,,International Fund for Agricultural Dev.,Multilateral,constant,USD million,0.8261
2024,GIN,Guinea,,International Fund for Agricultural Dev.,Multilateral,constant,USD million,0.5176
2025,GIN,Guinea,,International Fund for Agricultural Dev.,Multilateral,constant,USD million,0.2552
2015,GIN,Guinea,,Islamic Dev. Bank,Multilateral,constant,USD million,6.6406
2016,GIN,Guinea,,Islamic Dev. Bank,Multilateral,constant,USD million,11.6862
2017,GIN,Guinea,,Islamic Dev. Bank,Multilateral,constant,USD million,8.529
2018,GIN,Guinea,,Islamic Dev. Bank,Multilateral,constant,USD million,24.7513
2019,GIN,Guinea,,Islamic Dev. Bank,Multilateral,constant,USD million,38.4127
2020,GIN,Guinea,,Islamic Dev. Bank,Multilateral,constant,USD million,29.4244
2021,GIN,Guinea,,Islamic Dev. Bank,Multilateral,constant,USD million,70.0942
2022,GIN,Guinea,,Islamic Dev. Bank,Multilateral,constant,USD million,17.1298
2023,GIN,Guinea,,Islamic Dev. Bank,Multilateral,constant,USD million,94.2058
2024,GIN,Guinea,,Islamic Dev. Bank,Multilateral,constant,USD million,69.0785
2025,GIN,Guinea,,Islamic Dev. Bank,Multilateral,constant,USD million,34.9271
2015,GIN,Guinea,,OPEC Fund for International Dev.,Multilateral,constant,USD million,3.742
2017,GIN,Guinea,,OPEC Fund for International Dev.,Multilateral,constant,USD million,8.7298
2018,GIN,Guinea,,OPEC Fund for International Dev.,Multilateral,constant,USD million,4.0527
2019,GIN,Guinea,,OPEC Fund for International Dev.,Multilateral,constant,USD million,2.5229
2020,GIN,Guinea,,OPEC Fund for International Dev.,Multilateral,constant,USD million,6.9004
2021,GIN,Guinea,,OPEC Fund for International Dev.,Multilateral,constant,USD million,4.9153
2022,GIN,Guinea,,OPEC Fund for International Dev.,Multilateral,constant,USD million,4.6125
2023,GIN,Guinea,,OPEC Fund for International Dev.,Multilateral,constant,USD million,2.1136
2024,GIN,Guinea,,OPEC Fund for International Dev.,Multilateral,constant,USD million,1.4934
2025,GIN,Guinea,,OPEC Fund for International Dev.,Multilateral,constant,USD million,0.1192
2023,GIN,Guinea,,World Bank-IDA                         ,Multilateral,constant,USD million,33.5772
2024,GIN,Guinea,,World Bank-IDA                         ,Multilateral,constant,USD million,29.7233
2025,GIN,Guinea,,World Bank-IDA                         ,Multilateral,constant,USD million,25.8828
2023,GNB,Guinea-Bissau,,African Dev. Bank         ,Multilateral,constant,USD million,5.3239
2024,GNB,Guinea-Bissau,,African Dev. Bank         ,Multilateral,constant,USD million,3.8243
2025,GNB,Guinea-Bissau,,African Dev. Bank         ,Multilateral,constant,USD million,2.6434
2023,GNB,Guinea-Bissau,,Arab Bank for Economic Dev. in Africa (BADEA),Multilateral,constant,USD million,3.8231
2024,GNB,Guinea-Bissau,,Arab Bank for Economic Dev. in Africa (BADEA),Multilateral,constant,USD million,9.3635
2025,GNB,Guinea-Bissau,,Arab Bank for Economic Dev. in Africa (BADEA),Multilateral,constant,USD million,6.8508
2023,GNB,Guinea-Bissau,,Islamic Dev. Bank,Multilateral,constant,USD million,5.8747
2024,GNB,Guinea-Bissau,,Islamic Dev. Bank,Multilateral,constant,USD million,6.5126
2025,GNB,Guinea-Bissau,,Islamic Dev. Bank,Multilateral,constant,USD million,4.5364
2019,GNB,Guinea-Bissau,,OPEC Fund for International Dev.,Multilateral,constant,USD million,1.4343
2020,GNB,Guinea-Bissau,,OPEC Fund for International Dev.,Multilateral,constant,USD million,0.1885
2022,GNB,Guinea-Bissau,,OPEC Fund for International Dev.,Multilateral,constant,USD million,2.1385
2023,GNB,Guinea-Bissau,,OPEC Fund for International Dev.,Multilateral,constant,USD million,0.9211
2024,GNB,Guinea-Bissau,,OPEC Fund for International Dev.,Multilateral,constant,USD million,0.2954
2025,GNB,Guinea-Bissau,,OPEC Fund for International Dev.,Multilateral,constant,USD million,0.2882
2015,GNB,Guinea-Bissau,,West African Development Bank - BOAD,Multilateral,constant,USD million,44.4823
2016,GNB,Guinea-Bissau,,West African Development Bank - BOAD,Multilateral,constant,USD million,11.1503
2017,GNB,Guinea-Bissau,,West African Development Bank - BOAD,Multilateral,constant,USD million,27.8899
2018,GNB,Guinea-Bissau,,West African Development Bank - BOAD,Multilateral,constant,USD million,41.9089
2019,GNB,Guinea-Bissau,,West African Development Bank - BOAD,Multilateral,constant,USD million,30.8682
2020,GNB,Guinea-Bissau,,West African Development Bank - BOAD,Multilateral,constant,USD million,57.5125
2021,GNB,Guinea-Bissau,,West African Development Bank - BOAD,Multilateral,constant,USD million,20.9122
2022,GNB,Guinea-Bissau,,West African Development Bank - BOAD,Multilateral,constant,USD million,14.6005
2023,GNB,Guinea-Bissau,,West African Development Bank - BOAD,Multilateral,constant,USD million,12.827
2024,GNB,Guinea-Bissau,,West African Development Bank - BOAD,Multilateral,constant,USD million,15.0391
2025,GNB,Guinea-Bissau,,West African Development Bank - BOAD,Multilateral,constant,USD million,7.7944
2023,GNB,Guinea-Bissau,,World Bank-IDA                         ,Multilateral,constant,USD million,22.4296
2024,GNB,Guinea-Bissau,,World Bank-IDA                         ,Multilateral,constant,USD million,17.2277
2025,GNB,Guinea-Bissau,,World Bank-IDA                         ,Multilateral,constant,USD million,11.9653
2015,GUY,Guyana,,Caribbean Community (CARICOM),Multilateral,constant,USD million,3.498
2016,GUY,Guyana,,Caribbean Community (CARICOM),Multilateral,constant,USD million,1.781
2017,GUY,Guyana,,Caribbean Community (CARICOM),Multilateral,constant,USD million,2.2511
2018,GUY,Guyana,,Caribbean Community (CARICOM),Multilateral,constant,USD million,3.6635
2021,GUY,Guyana,,Caribbean Community (CARICOM),Multilateral,constant,USD million,0.7559
2015,GUY,Guyana,,Caribbean Dev. Bank,Multilateral,constant,USD million,0.39
2019,GUY,Guyana,,Caribbean Dev. Bank,Multilateral,constant,USD million,0.248
2020,GUY,Guyana,,Caribbean Dev. Bank,Multilateral,constant,USD million,1.8673
2021,GUY,Guyana,,Caribbean Dev. Bank,Multilateral,constant,USD million,0.9418
2022,GUY,Guyana,,Caribbean Dev. Bank,Multilateral,constant,USD million,10.8936
2023,GUY,Guyana,,Caribbean Dev. Bank,Multilateral,constant,USD million,59.2766
2024,GUY,Guyana,,Caribbean Dev. Bank,Multilateral,constant,USD million,39.4454
2025,GUY,Guyana,,Caribbean Dev. Bank,Multilateral,constant,USD million,21.2146
2015,GUY,Guyana,,Inter-American Dev. Bank      ,Multilateral,constant,USD million,11.921
2016,GUY,Guyana,,Inter-American Dev. Bank      ,Multilateral,constant,USD million,5.0248
2017,GUY,Guyana,,Inter-American Dev. Bank      ,Multilateral,constant,USD million,24.5937
2018,GUY,Guyana,,Inter-American Dev. Bank      ,Multilateral,constant,USD million,36.6276
2019,GUY,Guyana,,Inter-American Dev. Bank      ,Multilateral,constant,USD million,35.6027
2020,GUY,Guyana,,Inter-American Dev. Bank      ,Multilateral,constant,USD million,29.0596
2021,GUY,Guyana,,Inter-American Dev. Bank      ,Multilateral,constant,USD million,118.6477
2022,GUY,Guyana,,Inter-American Dev. Bank      ,Multilateral,constant,USD million,158.8806
2023,GUY,Guyana,,Inter-American Dev. Bank      ,Multilateral,constant,USD million,26.0438
2024,GUY,Guyana,,Inter-American Dev. Bank      ,Multilateral,constant,USD million,13.0107
2025,GUY,Guyana,,Inter-American Dev. Bank      ,Multilateral,constant,USD million,7.6356
2023,GUY,Guyana,,International Fund for Agricultural Dev.,Multilateral,constant,USD million,1.6658
2024,GUY,Guyana,,International Fund for Agricultural Dev.,Multilateral,constant,USD million,1.2134
2025,GUY,Guyana,,International Fund for Agricultural Dev.,Multilateral,constant,USD million,0.8039
2020,GUY,Guyana,,Islamic Dev. Bank,Multilateral,constant,USD million,0.1583
2021,GUY,Guyana,,Islamic Dev. Bank,Multilateral,constant,USD million,0.0467
2022,GUY,Guyana,,Islamic Dev. Bank,Multilateral,constant,USD million,0.1864
2023,GUY,Guyana,,Islamic Dev. Bank,Multilateral,constant,USD million,3.1837
2024,GUY,Guyana,,Islamic Dev. Bank,Multilateral,constant,USD million,6.6091
2025,GUY,Guyana,,Islamic Dev. Bank,Multilateral,constant,USD million,4.1961
2015,GUY,Guyana,,World Bank-IDA                         ,Multilateral,constant,USD million,3.69
2016,GUY,Guyana,,World Bank-IDA                         ,Multilateral,constant,USD million,2.8503
2017,GUY,Guyana,,World Bank-IDA                         ,Multilateral,constant,USD million,8.1238
2018,GUY,Guyana,,World Bank-IDA                         ,Multilateral,constant,USD million,7.2736
2019,GUY,Guyana,,World Bank-IDA                         ,Multilateral,constant,USD million,5.9093
2020,GUY,Guyana,,World Bank-IDA                         ,Multilateral,constant,USD million,3.426
2021,GUY,Guyana,,World Bank-IDA                         ,Multilateral,constant,USD million,1.3511
2022,GUY,Guyana,,World Bank-IDA                         ,Multilateral,constant,USD million,2.5702
2023,GUY,Guyana,,World Bank-IDA                         ,Multilateral,constant,USD million,24.5759
2024,GUY,Guyana,,World Bank-IDA                         ,Multilateral,constant,USD million,23.4625
2025,GUY,Guyana,,World Bank-IDA                         ,Multilateral,constant,USD million,19.3121
2018,HTI,Haiti,,Inter-American Dev. Bank      ,Multilateral,constant,USD million,0.4782
2015,HTI,Haiti,,OPEC Fund for International Dev.,Multilateral,constant,USD million,7.265
2016,HTI,Haiti,,OPEC Fund for International Dev.,Multilateral,constant,USD million,8.892
2017,HTI,Haiti,,OPEC Fund for International Dev.,Multilateral,constant,USD million,16.5351
2019,HTI,Haiti,,OPEC Fund for International Dev.,Multilateral,constant,USD million,3.1002
2015,HND,Honduras,,Central American Bank for Econ. Integration (BCIE),Multilateral,constant,USD million,49.234
2016,HND,Honduras,,Central American Bank for Econ. Integration (BCIE),Multilateral,constant,USD million,21.63
2017,HND,Honduras,,Central American Bank for Econ. Integration (BCIE),Multilateral,constant,USD million,63.7728
2018,HND,Honduras,,Central American Bank for Econ. Integration (BCIE),Multilateral,constant,USD million,71.0595
2019,HND,Honduras,,Central American Bank for Econ. Integration (BCIE),Multilateral,constant,USD million,86.7618
2020,HND,Honduras,,Central American Bank for Econ. Integration (BCIE),Multilateral,constant,USD million,424.9748
2021,HND,Honduras,,Central American Bank for Econ. Integration (BCIE),Multilateral,constant,USD million,121.0908
2022,HND,Honduras,,Central American Bank for Econ. Integration (BCIE),Multilateral,constant,USD million,304.5087
2023,HND,Honduras,,Central American Bank for Econ. Integration (BCIE),Multilateral,constant,USD million,148.8529
2024,HND,Honduras,,Central American Bank for Econ. Integration (BCIE),Multilateral,constant,USD million,138.3321
2025,HND,Honduras,,Central American Bank for Econ. Integration (BCIE),Multilateral,constant,USD million,76.297
2017,HND,Honduras,,European Investment Bank,Multilateral,constant,USD million,24.4312
2018,HND,Honduras,,European Investment Bank,Multilateral,constant,USD million,30.0648
2019,HND,Honduras,,European Investment Bank,Multilateral,constant,USD million,17.8058
2021,HND,Honduras,,European Investment Bank,Multilateral,constant,USD million,4.9507
2023,HND,Honduras,,European Investment Bank,Multilateral,constant,USD million,4.7601
2024,HND,Honduras,,European Investment Bank,Multilateral,constant,USD million,3.0633
2015,HND,Honduras,,Inter-American Dev. Bank      ,Multilateral,constant,USD million,141.773
2016,HND,Honduras,,Inter-American Dev. Bank      ,Multilateral,constant,USD million,84.9492
2017,HND,Honduras,,Inter-American Dev. Bank      ,Multilateral,constant,USD million,123.8575
2018,HND,Honduras,,Inter-American Dev. Bank      ,Multilateral,constant,USD million,321.6248
2019,HND,Honduras,,Inter-American Dev. Bank      ,Multilateral,constant,USD million,212.5427
2020,HND,Honduras,,Inter-American Dev. Bank      ,Multilateral,constant,USD million,369.7641
2021,HND,Honduras,,Inter-American Dev. Bank      ,Multilateral,constant,USD million,152.4417
2022,HND,Honduras,,Inter-American Dev. Bank      ,Multilateral,constant,USD million,323.9611
2023,HND,Honduras,,Inter-American Dev. Bank      ,Multilateral,constant,USD million,94.9483
2024,HND,Honduras,,Inter-American Dev. Bank      ,Multilateral,constant,USD million,74.8099
2025,HND,Honduras,,Inter-American Dev. Bank      ,Multilateral,constant,USD million,43.278
2015,HND,Honduras,,International Fund for Agricultural Dev.,Multilateral,constant,USD million,1.2876
2016,HND,Honduras,,International Fund for Agricultural Dev.,Multilateral,constant,USD million,1.0408
2017,HND,Honduras,,International Fund for Agricultural Dev.,Multilateral,constant,USD million,1.3767
2018,HND,Honduras,,International Fund for Agricultural Dev.,Multilateral,constant,USD million,0.7925
2019,HND,Honduras,,International Fund for Agricultural Dev.,Multilateral,constant,USD million,0.578
2020,HND,Honduras,,International Fund for Agricultural Dev.,Multilateral,constant,USD million,0.9678
2023,HND,Honduras,,International Fund for Agricultural Dev.,Multilateral,constant,USD million,2.5262
2024,HND,Honduras,,International Fund for Agricultural Dev.,Multilateral,constant,USD million,4.1276
2025,HND,Honduras,,International Fund for Agricultural Dev.,Multilateral,constant,USD million,2.8505
2015,HND,Honduras,,OPEC Fund for International Dev.,Multilateral,constant,USD million,10.949
2016,HND,Honduras,,OPEC Fund for International Dev.,Multilateral,constant,USD million,9.7415
2017,HND,Honduras,,OPEC Fund for International Dev.,Multilateral,constant,USD million,10.6041
2018,HND,Honduras,,OPEC Fund for International Dev.,Multilateral,constant,USD million,1.7181
2019,HND,Honduras,,OPEC Fund for International Dev.,Multilateral,constant,USD million,2.767
2020,HND,Honduras,,OPEC Fund for International Dev.,Multilateral,constant,USD million,1.242
2021,HND,Honduras,,OPEC Fund for International Dev.,Multilateral,constant,USD million,2.0026
2022,HND,Honduras,,OPEC Fund for International Dev.,Multilateral,constant,USD million,1.2528
2023,HND,Honduras,,OPEC Fund for International Dev.,Multilateral,constant,USD million,1.0035
2024,HND,Honduras,,OPEC Fund for International Dev.,Multilateral,constant,USD million,0.3189
2025,HND,Honduras,,OPEC Fund for International Dev.,Multilateral,constant,USD million,0.311
2015,HND,Honduras,,World Bank-IDA                         ,Multilateral,constant,USD million,72.148
2016,HND,Honduras,,World Bank-IDA                         ,Multilateral,constant,USD million,21.6983
2017,HND,Honduras,,World Bank-IDA                         ,Multilateral,constant,USD million,22.2618
2018,HND,Honduras,,World Bank-IDA                         ,Multilateral,constant,USD million,8.2565
2019,HND,Honduras,,World Bank-IDA                         ,Multilateral,constant,USD million,19.9194
2020,HND,Honduras,,World Bank-IDA                         ,Multilateral,constant,USD million,137.31
2021,HND,Honduras,,World Bank-IDA                         ,Multilateral,constant,USD million,58.6398
2022,HND,Honduras,,World Bank-IDA                         ,Multilateral,constant,USD million,13.3611
2023,HND,Honduras,,World Bank-IDA                         ,Multilateral,constant,USD million,107.2588
2024,HND,Honduras,,World Bank-IDA                         ,Multilateral,constant,USD million,114.7389
2025,HND,Honduras,,World Bank-IDA                         ,Multilateral,constant,USD million,98.5375
2015,IND,India,,Asian Dev. Bank   ,Multilateral,constant,USD million,1332.694
2016,IND,India,,Asian Dev. Bank   ,Multilateral,constant,USD million,1370.394
2017,IND,India,,Asian Dev. Bank   ,Multilateral,constant,USD million,1707.8471
2018,IND,India,,Asian Dev. Bank   ,Multilateral,constant,USD million,2056.9379
2019,IND,India,,Asian Dev. Bank   ,Multilateral,constant,USD million,1986.8794
2020,IND,India,,Asian Dev. Bank   ,Multilateral,constant,USD million,2893.5786
2021,IND,India,,Asian Dev. Bank   ,Multilateral,constant,USD million,1653.3284
2022,IND,India,,Asian Dev. Bank   ,Multilateral,constant,USD million,3271.4447
2023,IND,India,,Asian Dev. Bank   ,Multilateral,constant,USD million,2214.1867
2024,IND,India,,Asian Dev. Bank   ,Multilateral,constant,USD million,2005.9339
2025,IND,India,,Asian Dev. Bank   ,Multilateral,constant,USD million,1362.1614
2017,IND,India,,Asian Infrastructure Investment Bank,Multilateral,constant,USD million,1.1209
2018,IND,India,,Asian Infrastructure Investment Bank,Multilateral,constant,USD million,220.5522
2019,IND,India,,Asian Infrastructure Investment Bank,Multilateral,constant,USD million,155.509
2020,IND,India,,Asian Infrastructure Investment Bank,Multilateral,constant,USD million,917.6458
2021,IND,India,,Asian Infrastructure Investment Bank,Multilateral,constant,USD million,122.3012
2022,IND,India,,Asian Infrastructure Investment Bank,Multilateral,constant,USD million,139.7321
2023,IND,India,,Asian Infrastructure Investment Bank,Multilateral,constant,USD million,1253.6087
2024,IND,India,,Asian Infrastructure Investment Bank,Multilateral,constant,USD million,1004.302
2025,IND,India,,Asian Infrastructure Investment Bank,Multilateral,constant,USD million,624.0251
2016,IND,India,,European Investment Bank,Multilateral,constant,USD million,39.3722
2017,IND,India,,European Investment Bank,Multilateral,constant,USD million,103.6223
2018,IND,India,,European Investment Bank,Multilateral,constant,USD million,247.5449
2019,IND,India,,European Investment Bank,Multilateral,constant,USD million,159.2736
2020,IND,India,,European Investment Bank,Multilateral,constant,USD million,112.6151
2021,IND,India,,European Investment Bank,Multilateral,constant,USD million,157.5139
2022,IND,India,,European Investment Bank,Multilateral,constant,USD million,280.2306
2023,IND,India,,European Investment Bank,Multilateral,constant,USD million,218.53
2024,IND,India,,European Investment Bank,Multilateral,constant,USD million,491.6173
2025,IND,India,,European Investment Bank,Multilateral,constant,USD million,332.2482
2019,IND,India,,International Finance Corporation,Multilateral,constant,USD million,94.837
2015,IND,India,,International Fund for Agricultural Dev.,Multilateral,constant,USD million,5.9351
2016,IND,India,,International Fund for Agricultural Dev.,Multilateral,constant,USD million,4.9991
2017,IND,India,,International Fund for Agricultural Dev.,Multilateral,constant,USD million,6.3407
2018,IND,India,,International Fund for Agricultural Dev.,Multilateral,constant,USD million,14.6109
2019,IND,India,,International Fund for Agricultural Dev.,Multilateral,constant,USD million,31.7301
2020,IND,India,,International Fund for Agricultural Dev.,Multilateral,constant,USD million,22.2083
2021,IND,India,,International Fund for Agricultural Dev.,Multilateral,constant,USD million,18.6476
2022,IND,India,,International Fund for Agricultural Dev.,Multilateral,constant,USD million,27.3404
2023,IND,India,,International Fund for Agricultural Dev.,Multilateral,constant,USD million,95.7886
2024,IND,India,,International Fund for Agricultural Dev.,Multilateral,constant,USD million,86.7347
2025,IND,India,,International Fund for Agricultural Dev.,Multilateral,constant,USD million,53.1858
2017,IND,India,,Multiple Lenders,Multilateral,constant,USD million,10.3051
2018,IND,India,,Multiple Lenders,Multilateral,constant,USD million,122.7529
2019,IND,India,,Multiple Lenders,Multilateral,constant,USD million,242.2204
2020,IND,India,,Multiple Lenders,Multilateral,constant,USD million,589.1966
2021,IND,India,,Multiple Lenders,Multilateral,constant,USD million,333.7542
2022,IND,India,,Multiple Lenders,Multilateral,constant,USD million,164.1174
2023,IND,India,,Multiple Lenders,Multilateral,constant,USD million,801.4293
2024,IND,India,,Multiple Lenders,Multilateral,constant,USD million,531.1089
2025,IND,India,,Multiple Lenders,Multilateral,constant,USD million,327.9212
2015,IND,India,,OPEC Fund for International Dev.,Multilateral,constant,USD million,3.561
2016,IND,India,,OPEC Fund for International Dev.,Multilateral,constant,USD million,4.0469
2015,IND,India,,World Bank-IBRD                         ,Multilateral,constant,USD million,1392.789
2016,IND,India,,World Bank-IBRD                         ,Multilateral,constant,USD million,1413.4992
2017,IND,India,,World Bank-IBRD                         ,Multilateral,constant,USD million,970.9415
2018,IND,India,,World Bank-IBRD                         ,Multilateral,constant,USD million,1541.5081
2019,IND,India,,World Bank-IBRD                         ,Multilateral,constant,USD million,2543.5177
2020,IND,India,,World Bank-IBRD                         ,Multilateral,constant,USD million,3673.5814
2021,IND,India,,World Bank-IBRD                         ,Multilateral,constant,USD million,2251.3976
2022,IND,India,,World Bank-IBRD                         ,Multilateral,constant,USD million,1888.2237
2023,IND,India,,World Bank-IBRD                         ,Multilateral,constant,USD million,3176.3079
2024,IND,India,,World Bank-IBRD                         ,Multilateral,constant,USD million,1866.4572
2025,IND,India,,World Bank-IBRD                         ,Multilateral,constant,USD million,1407.7635
2015,IND,India,,World Bank-IDA                         ,Multilateral,constant,USD million,610.004
2016,IND,India,,World Bank-IDA                         ,Multilateral,constant,USD million,881.0749
2017,IND,India,,World Bank-IDA                         ,Multilateral,constant,USD million,728.4707
2018,IND,India,,World Bank-IDA                         ,Multilateral,constant,USD million,667.5147
2019,IND,India,,World Bank-IDA                         ,Multilateral,constant,USD million,865.3205
2020,IND,India,,World Bank-IDA                         ,Multilateral,constant,USD million,1006.4217
2021,IND,India,,World Bank-IDA                         ,Multilateral,constant,USD million,929.2663
2022,IND,India,,World Bank-IDA                         ,Multilateral,constant,USD million,292.0679
2023,IND,India,,World Bank-IDA                         ,Multilateral,constant,USD million,219.9658
2024,IND,India,,World Bank-IDA                         ,Multilateral,constant,USD million,86.9603
2025,IND,India,,World Bank-IDA                         ,Multilateral,constant,USD million,54.2805
2015,IDN,Indonesia,,Asian Dev. Bank   ,Multilateral,constant,USD million,1491.92
2016,IDN,Indonesia,,Asian Dev. Bank   ,Multilateral,constant,USD million,1282.6645
2017,IDN,Indonesia,,Asian Dev. Bank   ,Multilateral,constant,USD million,751.2596
2018,IDN,Indonesia,,Asian Dev. Bank   ,Multilateral,constant,USD million,1857.458
2019,IDN,Indonesia,,Asian Dev. Bank   ,Multilateral,constant,USD million,1683.2848
2020,IDN,Indonesia,,Asian Dev. Bank   ,Multilateral,constant,USD million,1792.5573
2021,IDN,Indonesia,,Asian Dev. Bank   ,Multilateral,constant,USD million,1434.7846
2022,IDN,Indonesia,,Asian Dev. Bank   ,Multilateral,constant,USD million,1358.2793
2023,IDN,Indonesia,,Asian Dev. Bank   ,Multilateral,constant,USD million,622.6964
2024,IDN,Indonesia,,Asian Dev. Bank   ,Multilateral,constant,USD million,759.5642
2025,IDN,Indonesia,,Asian Dev. Bank   ,Multilateral,constant,USD million,645.484
2017,IDN,Indonesia,,Asian Infrastructure Investment Bank,Multilateral,constant,USD million,22.2881
2018,IDN,Indonesia,,Asian Infrastructure Investment Bank,Multilateral,constant,USD million,47.7621
2019,IDN,Indonesia,,Asian Infrastructure Investment Bank,Multilateral,constant,USD million,40.9183
2020,IDN,Indonesia,,Asian Infrastructure Investment Bank,Multilateral,constant,USD million,1016.2434
2021,IDN,Indonesia,,Asian Infrastructure Investment Bank,Multilateral,constant,USD million,159.5984
2022,IDN,Indonesia,,Asian Infrastructure Investment Bank,Multilateral,constant,USD million,508.0146
2023,IDN,Indonesia,,Asian Infrastructure Investment Bank,Multilateral,constant,USD million,146.599
2024,IDN,Indonesia,,Asian Infrastructure Investment Bank,Multilateral,constant,USD million,115.6351
2025,IDN,Indonesia,,Asian Infrastructure Investment Bank,Multilateral,constant,USD million,60.0542
2015,IDN,Indonesia,,International Fund for Agricultural Dev.,Multilateral,constant,USD million,38.7929
2016,IDN,Indonesia,,International Fund for Agricultural Dev.,Multilateral,constant,USD million,19.9343
2017,IDN,Indonesia,,International Fund for Agricultural Dev.,Multilateral,constant,USD million,69.1218
2018,IDN,Indonesia,,International Fund for Agricultural Dev.,Multilateral,constant,USD million,50.6459
2019,IDN,Indonesia,,International Fund for Agricultural Dev.,Multilateral,constant,USD million,22.1324
2020,IDN,Indonesia,,International Fund for Agricultural Dev.,Multilateral,constant,USD million,34.3679
2021,IDN,Indonesia,,International Fund for Agricultural Dev.,Multilateral,constant,USD million,32.5155
2022,IDN,Indonesia,,International Fund for Agricultural Dev.,Multilateral,constant,USD million,46.9116
2023,IDN,Indonesia,,International Fund for Agricultural Dev.,Multilateral,constant,USD million,74.2331
2024,IDN,Indonesia,,International Fund for Agricultural Dev.,Multilateral,constant,USD million,34.4136
2025,IDN,Indonesia,,International Fund for Agricultural Dev.,Multilateral,constant,USD million,13.8624
2015,IDN,Indonesia,,Islamic Dev. Bank,Multilateral,constant,USD million,9.114
2016,IDN,Indonesia,,Islamic Dev. Bank,Multilateral,constant,USD million,21.846
2017,IDN,Indonesia,,Islamic Dev. Bank,Multilateral,constant,USD million,101.3333
2018,IDN,Indonesia,,Islamic Dev. Bank,Multilateral,constant,USD million,174.8009
2019,IDN,Indonesia,,Islamic Dev. Bank,Multilateral,constant,USD million,94.9282
2020,IDN,Indonesia,,Islamic Dev. Bank,Multilateral,constant,USD million,91.9536
2021,IDN,Indonesia,,Islamic Dev. Bank,Multilateral,constant,USD million,11.5471
2022,IDN,Indonesia,,Islamic Dev. Bank,Multilateral,constant,USD million,2.9285
2023,IDN,Indonesia,,Islamic Dev. Bank,Multilateral,constant,USD million,208.3339
2024,IDN,Indonesia,,Islamic Dev. Bank,Multilateral,constant,USD million,160.4775
2025,IDN,Indonesia,,Islamic Dev. Bank,Multilateral,constant,USD million,100.007
2015,IDN,Indonesia,,World Bank-IBRD                         ,Multilateral,constant,USD million,2432.291
2016,IDN,Indonesia,,World Bank-IBRD                         ,Multilateral,constant,USD million,1563.5473
2017,IDN,Indonesia,,World Bank-IBRD                         ,Multilateral,constant,USD million,981.9008
2018,IDN,Indonesia,,World Bank-IBRD                         ,Multilateral,constant,USD million,1233.6245
2019,IDN,Indonesia,,World Bank-IBRD                         ,Multilateral,constant,USD million,1554.7397
2020,IDN,Indonesia,,World Bank-IBRD                         ,Multilateral,constant,USD million,1590.7771
2021,IDN,Indonesia,,World Bank-IBRD                         ,Multilateral,constant,USD million,1289.022
2022,IDN,Indonesia,,World Bank-IBRD                         ,Multilateral,constant,USD million,2313.7466
2023,IDN,Indonesia,,World Bank-IBRD                         ,Multilateral,constant,USD million,647.2221
2024,IDN,Indonesia,,World Bank-IBRD                         ,Multilateral,constant,USD million,620.7358
2025,IDN,Indonesia,,World Bank-IBRD                         ,Multilateral,constant,USD million,427.9534
2015,IRN,"Iran, Islamic Rep.",,ECO Trade and Dev. Bank,Multilateral,constant,USD million,9.8642
2016,IRN,"Iran, Islamic Rep.",,ECO Trade and Dev. Bank,Multilateral,constant,USD million,11.8079
2017,IRN,"Iran, Islamic Rep.",,ECO Trade and Dev. Bank,Multilateral,constant,USD million,22.2216
2019,IRN,"Iran, Islamic Rep.",,ECO Trade and Dev. Bank,Multilateral,constant,USD million,13.6652
2020,IRN,"Iran, Islamic Rep.",,World Bank-IBRD                         ,Multilateral,constant,USD million,118.2361
2021,IRN,"Iran, Islamic Rep.",,World Bank-IBRD                         ,Multilateral,constant,USD million,0.2096
2022,IRN,"Iran, Islamic Rep.",,World Bank-IBRD                         ,Multilateral,constant,USD million,110.7136
2023,IRN,"Iran, Islamic Rep.",,World Bank-IBRD                         ,Multilateral,constant,USD million,1.0456
2024,IRN,"Iran, Islamic Rep.",,World Bank-IBRD                         ,Multilateral,constant,USD million,0.0884
2023,IRQ,Iraq,,Islamic Dev. Bank,Multilateral,constant,USD million,3.4785
2024,IRQ,Iraq,,Islamic Dev. Bank,Multilateral,constant,USD million,8.4655
2025,IRQ,Iraq,,Islamic Dev. Bank,Multilateral,constant,USD million,6.4435
2015,IRQ,Iraq,,World Bank-IBRD                         ,Multilateral,constant,USD million,1207.846
2016,IRQ,Iraq,,World Bank-IBRD                         ,Multilateral,constant,USD million,1849.8966
2017,IRQ,Iraq,,World Bank-IBRD                         ,Multilateral,constant,USD million,138.3683
2018,IRQ,Iraq,,World Bank-IBRD                         ,Multilateral,constant,USD million,149.3883
2019,IRQ,Iraq,,World Bank-IBRD                         ,Multilateral,constant,USD million,130.9352
2020,IRQ,Iraq,,World Bank-IBRD                         ,Multilateral,constant,USD million,132.0385
2021,IRQ,Iraq,,World Bank-IBRD                         ,Multilateral,constant,USD million,176.0709
2022,IRQ,Iraq,,World Bank-IBRD                         ,Multilateral,constant,USD million,127.6056
2023,IRQ,Iraq,,World Bank-IBRD                         ,Multilateral,constant,USD million,236.0289
2024,IRQ,Iraq,,World Bank-IBRD                         ,Multilateral,constant,USD million,170.1708
2025,IRQ,Iraq,,World Bank-IBRD                         ,Multilateral,constant,USD million,133.7994
2015,JAM,Jamaica,,Caribbean Dev. Bank,Multilateral,constant,USD million,4.254
2016,JAM,Jamaica,,Caribbean Dev. Bank,Multilateral,constant,USD million,4.9071
2017,JAM,Jamaica,,Caribbean Dev. Bank,Multilateral,constant,USD million,1.8095
2018,JAM,Jamaica,,Caribbean Dev. Bank,Multilateral,constant,USD million,0.3624
2023,JAM,Jamaica,,Caribbean Dev. Bank,Multilateral,constant,USD million,4.886
2024,JAM,Jamaica,,Caribbean Dev. Bank,Multilateral,constant,USD million,3.7597
2025,JAM,Jamaica,,Caribbean Dev. Bank,Multilateral,constant,USD million,1.1416
2015,JAM,Jamaica,,Inter-American Dev. Bank      ,Multilateral,constant,USD million,202.856
2016,JAM,Jamaica,,Inter-American Dev. Bank      ,Multilateral,constant,USD million,233.3416
2017,JAM,Jamaica,,Inter-American Dev. Bank      ,Multilateral,constant,USD million,31.3152
2018,JAM,Jamaica,,Inter-American Dev. Bank      ,Multilateral,constant,USD million,142.2131
2019,JAM,Jamaica,,Inter-American Dev. Bank      ,Multilateral,constant,USD million,94.7538
2020,JAM,Jamaica,,Inter-American Dev. Bank      ,Multilateral,constant,USD million,122.5112
2021,JAM,Jamaica,,Inter-American Dev. Bank      ,Multilateral,constant,USD million,111.3579
2022,JAM,Jamaica,,Inter-American Dev. Bank      ,Multilateral,constant,USD million,125.2583
2023,JAM,Jamaica,,Inter-American Dev. Bank      ,Multilateral,constant,USD million,41.1174
2024,JAM,Jamaica,,Inter-American Dev. Bank      ,Multilateral,constant,USD million,29.9492
2025,JAM,Jamaica,,Inter-American Dev. Bank      ,Multilateral,constant,USD million,18.3631
2023,JAM,Jamaica,,Nordic Development Fund,Multilateral,constant,USD million,0.0006
2024,JAM,Jamaica,,Nordic Development Fund,Multilateral,constant,USD million,0.0004
2015,JAM,Jamaica,,OPEC Fund for International Dev.,Multilateral,constant,USD million,1.277
2016,JAM,Jamaica,,OPEC Fund for International Dev.,Multilateral,constant,USD million,4.0528
2017,JAM,Jamaica,,OPEC Fund for International Dev.,Multilateral,constant,USD million,1.293
2023,JAM,Jamaica,,OPEC Fund for International Dev.,Multilateral,constant,USD million,3.9192
2024,JAM,Jamaica,,OPEC Fund for International Dev.,Multilateral,constant,USD million,2.5908
2025,JAM,Jamaica,,OPEC Fund for International Dev.,Multilateral,constant,USD million,1.7264
2015,JAM,Jamaica,,World Bank-IBRD                         ,Multilateral,constant,USD million,112.392
2016,JAM,Jamaica,,World Bank-IBRD                         ,Multilateral,constant,USD million,29.4398
2017,JAM,Jamaica,,World Bank-IBRD                         ,Multilateral,constant,USD million,96.8334
2018,JAM,Jamaica,,World Bank-IBRD                         ,Multilateral,constant,USD million,40.3504
2019,JAM,Jamaica,,World Bank-IBRD                         ,Multilateral,constant,USD million,42.4292
2020,JAM,Jamaica,,World Bank-IBRD                         ,Multilateral,constant,USD million,88.8529
2021,JAM,Jamaica,,World Bank-IBRD                         ,Multilateral,constant,USD million,164.569
2022,JAM,Jamaica,,World Bank-IBRD                         ,Multilateral,constant,USD million,6.0516
2023,JAM,Jamaica,,World Bank-IBRD                         ,Multilateral,constant,USD million,15.6346
2024,JAM,Jamaica,,World Bank-IBRD                         ,Multilateral,constant,USD million,10.5753
2025,JAM,Jamaica,,World Bank-IBRD                         ,Multilateral,constant,USD million,8.1375
2015,JOR,Jordan,,Arab Fund for Economic & Social Development,Multilateral,constant,USD million,33.2839
2016,JOR,Jordan,,Arab Fund for Economic & Social Development,Multilateral,constant,USD million,38.0555
2017,JOR,Jordan,,Arab Fund for Economic & Social Development,Multilateral,constant,USD million,141.4097
2018,JOR,Jordan,,Arab Fund for Economic & Social Development,Multilateral,constant,USD million,30.7077
2019,JOR,Jordan,,Arab Fund for Economic & Social Development,Multilateral,constant,USD million,20.5565
2020,JOR,Jordan,,Arab Fund for Economic & Social Development,Multilateral,constant,USD million,14.2766
2022,JOR,Jordan,,Arab Fund for Economic & Social Development,Multilateral,constant,USD million,23.736
2023,JOR,Jordan,,Arab Fund for Economic & Social Development,Multilateral,constant,USD million,69.1524
2024,JOR,Jordan,,Arab Fund for Economic & Social Development,Multilateral,constant,USD million,46.6655
2025,JOR,Jordan,,Arab Fund for Economic & Social Development,Multilateral,constant,USD million,31.1168
2015,JOR,Jordan,,Arab Monetary Fund,Multilateral,constant,USD million,61.409
2016,JOR,Jordan,,Arab Monetary Fund,Multilateral,constant,USD million,195.501
2017,JOR,Jordan,,Arab Monetary Fund,Multilateral,constant,USD million,64.1806
2018,JOR,Jordan,,Arab Monetary Fund,Multilateral,constant,USD million,69.5036
2019,JOR,Jordan,,Arab Monetary Fund,Multilateral,constant,USD million,121.1813
2020,JOR,Jordan,,Arab Monetary Fund,Multilateral,constant,USD million,236.2731
2021,JOR,Jordan,,Arab Monetary Fund,Multilateral,constant,USD million,394.7388
2023,JOR,Jordan,,Arab Monetary Fund,Multilateral,constant,USD million,11.616
2024,JOR,Jordan,,Arab Monetary Fund,Multilateral,constant,USD million,5.4502
2025,JOR,Jordan,,Arab Monetary Fund,Multilateral,constant,USD million,1.7759
2023,JOR,Jordan,,Asian Infrastructure Investment Bank,Multilateral,constant,USD million,42.7225
2024,JOR,Jordan,,Asian Infrastructure Investment Bank,Multilateral,constant,USD million,28.5733
2025,JOR,Jordan,,Asian Infrastructure Investment Bank,Multilateral,constant,USD million,17.1884
2016,JOR,Jordan,,European Bank for Reconstruction and Dev. (EBRD),Multilateral,constant,USD million,6.7738
2017,JOR,Jordan,,European Bank for Reconstruction and Dev. (EBRD),Multilateral,constant,USD million,3.9895
2018,JOR,Jordan,,European Bank for Reconstruction and Dev. (EBRD),Multilateral,constant,USD million,101.6799
2019,JOR,Jordan,,European Bank for Reconstruction and Dev. (EBRD),Multilateral,constant,USD million,96.6239
2021,JOR,Jordan,,European Bank for Reconstruction and Dev. (EBRD),Multilateral,constant,USD million,96.209
2022,JOR,Jordan,,European Bank for Reconstruction and Dev. (EBRD),Multilateral,constant,USD million,5.813
2023,JOR,Jordan,,European Bank for Reconstruction and Dev. (EBRD),Multilateral,constant,USD million,51.7843
2024,JOR,Jordan,,European Bank for Reconstruction and Dev. (EBRD),Multilateral,constant,USD million,34.3698
2025,JOR,Jordan,,European Bank for Reconstruction and Dev. (EBRD),Multilateral,constant,USD million,23.5835
2015,JOR,Jordan,,European Development Fund (EDF),Multilateral,constant,USD million,199.7251
2017,JOR,Jordan,,European Investment Bank,Multilateral,constant,USD million,9.6928
2018,JOR,Jordan,,European Investment Bank,Multilateral,constant,USD million,18.9546
2019,JOR,Jordan,,European Investment Bank,Multilateral,constant,USD million,22.555
2021,JOR,Jordan,,European Investment Bank,Multilateral,constant,USD million,54.6157
2022,JOR,Jordan,,European Investment Bank,Multilateral,constant,USD million,1.3854
2023,JOR,Jordan,,European Investment Bank,Multilateral,constant,USD million,36.9816
2024,JOR,Jordan,,European Investment Bank,Multilateral,constant,USD million,215.133
2025,JOR,Jordan,,European Investment Bank,Multilateral,constant,USD million,157.2925
2017,JOR,Jordan,,European Social Fund (ESF),Multilateral,constant,USD million,109.5022
2019,JOR,Jordan,,European Social Fund (ESF),Multilateral,constant,USD million,105.2221
2023,JOR,Jordan,,European Union,Multilateral,constant,USD million,75.6749
2024,JOR,Jordan,,European Union,Multilateral,constant,USD million,49.3144
2025,JOR,Jordan,,European Union,Multilateral,constant,USD million,30.1288
2018,JOR,Jordan,,International Fund for Agricultural Dev.,Multilateral,constant,USD million,0.9477
2019,JOR,Jordan,,International Fund for Agricultural Dev.,Multilateral,constant,USD million,0.2105
2020,JOR,Jordan,,International Fund for Agricultural Dev.,Multilateral,constant,USD million,0.9654
2021,JOR,Jordan,,International Fund for Agricultural Dev.,Multilateral,constant,USD million,2.5995
2022,JOR,Jordan,,International Fund for Agricultural Dev.,Multilateral,constant,USD million,1.335
2023,JOR,Jordan,,International Fund for Agricultural Dev.,Multilateral,constant,USD million,1.3228
2024,JOR,Jordan,,International Fund for Agricultural Dev.,Multilateral,constant,USD million,0.5383
2025,JOR,Jordan,,International Fund for Agricultural Dev.,Multilateral,constant,USD million,0.3164
2015,JOR,Jordan,,Islamic Dev. Bank,Multilateral,constant,USD million,9.8644
2016,JOR,Jordan,,Islamic Dev. Bank,Multilateral,constant,USD million,5.6722
2018,JOR,Jordan,,Islamic Dev. Bank,Multilateral,constant,USD million,24.7073
2019,JOR,Jordan,,Islamic Dev. Bank,Multilateral,constant,USD million,56.6314
2020,JOR,Jordan,,Islamic Dev. Bank,Multilateral,constant,USD million,12.7115
2023,JOR,Jordan,,Islamic Dev. Bank,Multilateral,constant,USD million,37.5093
2024,JOR,Jordan,,Islamic Dev. Bank,Multilateral,constant,USD million,62.6479
2025,JOR,Jordan,,Islamic Dev. Bank,Multilateral,constant,USD million,36.1438
2015,JOR,Jordan,,OPEC Fund for International Dev.,Multilateral,constant,USD million,1.25
2017,JOR,Jordan,,OPEC Fund for International Dev.,Multilateral,constant,USD million,1.3182
2021,JOR,Jordan,,OPEC Fund for International Dev.,Multilateral,constant,USD million,65.2888
2023,JOR,Jordan,,OPEC Fund for International Dev.,Multilateral,constant,USD million,17.7374
2024,JOR,Jordan,,OPEC Fund for International Dev.,Multilateral,constant,USD million,33.8095
2025,JOR,Jordan,,OPEC Fund for International Dev.,Multilateral,constant,USD million,19.4908
2015,JOR,Jordan,,World Bank-IBRD                         ,Multilateral,constant,USD million,265.478
2016,JOR,Jordan,,World Bank-IBRD                         ,Multilateral,constant,USD million,341.419
2017,JOR,Jordan,,World Bank-IBRD                         ,Multilateral,constant,USD million,95.4235
2018,JOR,Jordan,,World Bank-IBRD                         ,Multilateral,constant,USD million,428.1763
2019,JOR,Jordan,,World Bank-IBRD                         ,Multilateral,constant,USD million,756.7834
2020,JOR,Jordan,,World Bank-IBRD                         ,Multilateral,constant,USD million,373.7728
2021,JOR,Jordan,,World Bank-IBRD                         ,Multilateral,constant,USD million,418.7848
2022,JOR,Jordan,,World Bank-IBRD                         ,Multilateral,constant,USD million,312.9024
2023,JOR,Jordan,,World Bank-IBRD                         ,Multilateral,constant,USD million,403.7812
2024,JOR,Jordan,,World Bank-IBRD                         ,Multilateral,constant,USD million,254.7701
2025,JOR,Jordan,,World Bank-IBRD                         ,Multilateral,constant,USD million,193.587
2023,JOR,Jordan,,World Bank-IDA                         ,Multilateral,constant,USD million,12.3967
2024,JOR,Jordan,,World Bank-IDA                         ,Multilateral,constant,USD million,12.1177
2025,JOR,Jordan,,World Bank-IDA                         ,Multilateral,constant,USD million,11.8453
2015,KAZ,Kazakhstan,,Asian Dev. Bank   ,Multilateral,constant,USD million,1315.878
2016,KAZ,Kazakhstan,,Asian Dev. Bank   ,Multilateral,constant,USD million,168.873
2017,KAZ,Kazakhstan,,Asian Dev. Bank   ,Multilateral,constant,USD million,130.0432
2018,KAZ,Kazakhstan,,Asian Dev. Bank   ,Multilateral,constant,USD million,148.6505
2019,KAZ,Kazakhstan,,Asian Dev. Bank   ,Multilateral,constant,USD million,196.5471
2020,KAZ,Kazakhstan,,Asian Dev. Bank   ,Multilateral,constant,USD million,1399.0043
2021,KAZ,Kazakhstan,,Asian Dev. Bank   ,Multilateral,constant,USD million,107.4413
2022,KAZ,Kazakhstan,,Asian Dev. Bank   ,Multilateral,constant,USD million,66.5994
2023,KAZ,Kazakhstan,,Asian Dev. Bank   ,Multilateral,constant,USD million,81.2456
2024,KAZ,Kazakhstan,,Asian Dev. Bank   ,Multilateral,constant,USD million,29.6068
2025,KAZ,Kazakhstan,,Asian Dev. Bank   ,Multilateral,constant,USD million,13.3816
2021,KAZ,Kazakhstan,,Asian Infrastructure Investment Bank,Multilateral,constant,USD million,847.0496
2015,KAZ,Kazakhstan,,European Bank for Reconstruction and Dev. (EBRD),Multilateral,constant,USD million,21.378
2016,KAZ,Kazakhstan,,European Bank for Reconstruction and Dev. (EBRD),Multilateral,constant,USD million,82.2994
2017,KAZ,Kazakhstan,,European Bank for Reconstruction and Dev. (EBRD),Multilateral,constant,USD million,23.8284
2018,KAZ,Kazakhstan,,European Bank for Reconstruction and Dev. (EBRD),Multilateral,constant,USD million,45.8751
2019,KAZ,Kazakhstan,,European Bank for Reconstruction and Dev. (EBRD),Multilateral,constant,USD million,50.0059
2020,KAZ,Kazakhstan,,European Bank for Reconstruction and Dev. (EBRD),Multilateral,constant,USD million,65.5281
2021,KAZ,Kazakhstan,,European Bank for Reconstruction and Dev. (EBRD),Multilateral,constant,USD million,40.13
2022,KAZ,Kazakhstan,,European Bank for Reconstruction and Dev. (EBRD),Multilateral,constant,USD million,26.066
2023,KAZ,Kazakhstan,,European Bank for Reconstruction and Dev. (EBRD),Multilateral,constant,USD million,287.9998
2024,KAZ,Kazakhstan,,European Bank for Reconstruction and Dev. (EBRD),Multilateral,constant,USD million,185.1524
2025,KAZ,Kazakhstan,,European Bank for Reconstruction and Dev. (EBRD),Multilateral,constant,USD million,89.1612
2018,KAZ,Kazakhstan,,Islamic Dev. Bank,Multilateral,constant,USD million,3.3942
2019,KAZ,Kazakhstan,,Islamic Dev. Bank,Multilateral,constant,USD million,2.4922
2020,KAZ,Kazakhstan,,Islamic Dev. Bank,Multilateral,constant,USD million,3.3964
2021,KAZ,Kazakhstan,,Islamic Dev. Bank,Multilateral,constant,USD million,6.9293
2022,KAZ,Kazakhstan,,Islamic Dev. Bank,Multilateral,constant,USD million,11.6517
2015,KAZ,Kazakhstan,,World Bank-IBRD                         ,Multilateral,constant,USD million,37.787
2016,KAZ,Kazakhstan,,World Bank-IBRD                         ,Multilateral,constant,USD million,1718.6383
2017,KAZ,Kazakhstan,,World Bank-IBRD                         ,Multilateral,constant,USD million,128.6352
2018,KAZ,Kazakhstan,,World Bank-IBRD                         ,Multilateral,constant,USD million,83.3673
2019,KAZ,Kazakhstan,,World Bank-IBRD                         ,Multilateral,constant,USD million,143.4409
2020,KAZ,Kazakhstan,,World Bank-IBRD                         ,Multilateral,constant,USD million,121.8971
2021,KAZ,Kazakhstan,,World Bank-IBRD                         ,Multilateral,constant,USD million,158.9829
2022,KAZ,Kazakhstan,,World Bank-IBRD                         ,Multilateral,constant,USD million,452.8794
2023,KAZ,Kazakhstan,,World Bank-IBRD                         ,Multilateral,constant,USD million,204.7132
2024,KAZ,Kazakhstan,,World Bank-IBRD                         ,Multilateral,constant,USD million,119.1903
2025,KAZ,Kazakhstan,,World Bank-IBRD                         ,Multilateral,constant,USD million,71.67
2016,KEN,Kenya,,African Dev. Bank         ,Multilateral,constant,USD million,1.2767
2017,KEN,Kenya,,African Dev. Bank         ,Multilateral,constant,USD million,37.0709
2018,KEN,Kenya,,African Dev. Bank         ,Multilateral,constant,USD million,70.1626
2019,KEN,Kenya,,African Dev. Bank         ,Multilateral,constant,USD million,113.3332
2020,KEN,Kenya,,African Dev. Bank         ,Multilateral,constant,USD million,332.0709
2021,KEN,Kenya,,African Dev. Bank         ,Multilateral,constant,USD million,240.829
2022,KEN,Kenya,,African Dev. Bank         ,Multilateral,constant,USD million,283.4632
2023,KEN,Kenya,,African Dev. Bank         ,Multilateral,constant,USD million,389.7171
2024,KEN,Kenya,,African Dev. Bank         ,Multilateral,constant,USD million,292.6939
2025,KEN,Kenya,,African Dev. Bank         ,Multilateral,constant,USD million,180.5123
2016,KEN,Kenya,,African Export-Import Bank,Multilateral,constant,USD million,196.0418
2023,KEN,Kenya,,Arab African International Bank,Multilateral,constant,USD million,2.589
2024,KEN,Kenya,,Arab African International Bank,Multilateral,constant,USD million,3.5581
2025,KEN,Kenya,,Arab African International Bank,Multilateral,constant,USD million,2.6784
2023,KEN,Kenya,,Arab Bank for Economic Dev. in Africa (BADEA),Multilateral,constant,USD million,10.2589
2024,KEN,Kenya,,Arab Bank for Economic Dev. in Africa (BADEA),Multilateral,constant,USD million,9.8247
2025,KEN,Kenya,,Arab Bank for Economic Dev. in Africa (BADEA),Multilateral,constant,USD million,5.8695
2016,KEN,Kenya,,Eastern & Southern African Trade & Dev. Bank (TDB),Multilateral,constant,USD million,98.0209
2017,KEN,Kenya,,Eastern & Southern African Trade & Dev. Bank (TDB),Multilateral,constant,USD million,700.1243
2018,KEN,Kenya,,Eastern & Southern African Trade & Dev. Bank (TDB),Multilateral,constant,USD million,738.32
2019,KEN,Kenya,,Eastern & Southern African Trade & Dev. Bank (TDB),Multilateral,constant,USD million,1258.0773
2022,KEN,Kenya,,Eastern & Southern African Trade & Dev. Bank (TDB),Multilateral,constant,USD million,254.5966
2015,KEN,Kenya,,European Investment Bank,Multilateral,constant,USD million,6.4478
2017,KEN,Kenya,,European Investment Bank,Multilateral,constant,USD million,1.2005
2018,KEN,Kenya,,European Investment Bank,Multilateral,constant,USD million,7.7192
2019,KEN,Kenya,,European Investment Bank,Multilateral,constant,USD million,1.6345
2020,KEN,Kenya,,European Investment Bank,Multilateral,constant,USD million,25.214
2021,KEN,Kenya,,European Investment Bank,Multilateral,constant,USD million,30.0599
2022,KEN,Kenya,,European Investment Bank,Multilateral,constant,USD million,4.9079
2023,KEN,Kenya,,European Investment Bank,Multilateral,constant,USD million,27.9536
2024,KEN,Kenya,,European Investment Bank,Multilateral,constant,USD million,59.6763
2025,KEN,Kenya,,European Investment Bank,Multilateral,constant,USD million,44.1041
2023,KEN,Kenya,,International Fund for Agricultural Dev.,Multilateral,constant,USD million,40.3244
2024,KEN,Kenya,,International Fund for Agricultural Dev.,Multilateral,constant,USD million,31.7507
2025,KEN,Kenya,,International Fund for Agricultural Dev.,Multilateral,constant,USD million,22.3541
2015,KEN,Kenya,,OPEC Fund for International Dev.,Multilateral,constant,USD million,1.611
2016,KEN,Kenya,,OPEC Fund for International Dev.,Multilateral,constant,USD million,1.0322
2017,KEN,Kenya,,OPEC Fund for International Dev.,Multilateral,constant,USD million,0.1969
2018,KEN,Kenya,,OPEC Fund for International Dev.,Multilateral,constant,USD million,6.2774
2019,KEN,Kenya,,OPEC Fund for International Dev.,Multilateral,constant,USD million,3.5157
2020,KEN,Kenya,,OPEC Fund for International Dev.,Multilateral,constant,USD million,2.7194
2021,KEN,Kenya,,OPEC Fund for International Dev.,Multilateral,constant,USD million,1.3147
2022,KEN,Kenya,,OPEC Fund for International Dev.,Multilateral,constant,USD million,11.7359
2023,KEN,Kenya,,OPEC Fund for International Dev.,Multilateral,constant,USD million,12.6819
2024,KEN,Kenya,,OPEC Fund for International Dev.,Multilateral,constant,USD million,11.7846
2025,KEN,Kenya,,OPEC Fund for International Dev.,Multilateral,constant,USD million,7.1087
2020,KEN,Kenya,,World Bank-IBRD                         ,Multilateral,constant,USD million,245.7534
2021,KEN,Kenya,,World Bank-IBRD                         ,Multilateral,constant,USD million,4.2323
2022,KEN,Kenya,,World Bank-IBRD                         ,Multilateral,constant,USD million,235.6169
2023,KEN,Kenya,,World Bank-IBRD                         ,Multilateral,constant,USD million,46.883
2024,KEN,Kenya,,World Bank-IBRD                         ,Multilateral,constant,USD million,31.9872
2025,KEN,Kenya,,World Bank-IBRD                         ,Multilateral,constant,USD million,20.7734
2018,KEN,Kenya,,World Bank-IDA                         ,Multilateral,constant,USD million,118.8431
2019,KEN,Kenya,,World Bank-IDA                         ,Multilateral,constant,USD million,643.7416
2020,KEN,Kenya,,World Bank-IDA                         ,Multilateral,constant,USD million,754.6858
2021,KEN,Kenya,,World Bank-IDA                         ,Multilateral,constant,USD million,688.1213
2022,KEN,Kenya,,World Bank-IDA                         ,Multilateral,constant,USD million,511.2938
2023,KEN,Kenya,,World Bank-IDA                         ,Multilateral,constant,USD million,732.4621
2024,KEN,Kenya,,World Bank-IDA                         ,Multilateral,constant,USD million,562.2342
2025,KEN,Kenya,,World Bank-IDA                         ,Multilateral,constant,USD million,525.782
2020,XKX,Kosovo,,Council of Europe,Multilateral,constant,USD million,18.7695
2021,XKX,Kosovo,,Council of Europe,Multilateral,constant,USD million,17.1152
2022,XKX,Kosovo,,Council of Europe,Multilateral,constant,USD million,10.036
2023,XKX,Kosovo,,Council of Europe,Multilateral,constant,USD million,9.4301
2024,XKX,Kosovo,,Council of Europe,Multilateral,constant,USD million,7.7208
2025,XKX,Kosovo,,Council of Europe,Multilateral,constant,USD million,3.7723
2018,XKX,Kosovo,,European Bank for Reconstruction and Dev. (EBRD),Multilateral,constant,USD million,10.7993
2019,XKX,Kosovo,,European Bank for Reconstruction and Dev. (EBRD),Multilateral,constant,USD million,4.6009
2020,XKX,Kosovo,,European Bank for Reconstruction and Dev. (EBRD),Multilateral,constant,USD million,2.8929
2021,XKX,Kosovo,,European Bank for Reconstruction and Dev. (EBRD),Multilateral,constant,USD million,16.5277
2022,XKX,Kosovo,,European Bank for Reconstruction and Dev. (EBRD),Multilateral,constant,USD million,13.4231
2023,XKX,Kosovo,,European Bank for Reconstruction and Dev. (EBRD),Multilateral,constant,USD million,45.3089
2024,XKX,Kosovo,,European Bank for Reconstruction and Dev. (EBRD),Multilateral,constant,USD million,57.1213
2025,XKX,Kosovo,,European Bank for Reconstruction and Dev. (EBRD),Multilateral,constant,USD million,31.3539
2019,XKX,Kosovo,,European Investment Bank,Multilateral,constant,USD million,7.4881
2022,XKX,Kosovo,,European Investment Bank,Multilateral,constant,USD million,22.0674
2023,XKX,Kosovo,,European Investment Bank,Multilateral,constant,USD million,12.565
2024,XKX,Kosovo,,European Investment Bank,Multilateral,constant,USD million,45.9934
2025,XKX,Kosovo,,European Investment Bank,Multilateral,constant,USD million,32.7662
2017,XKX,Kosovo,,Islamic Dev. Bank,Multilateral,constant,USD million,0.113
2018,XKX,Kosovo,,Islamic Dev. Bank,Multilateral,constant,USD million,3.4709
2019,XKX,Kosovo,,Islamic Dev. Bank,Multilateral,constant,USD million,5.8942
2020,XKX,Kosovo,,Islamic Dev. Bank,Multilateral,constant,USD million,5.7404
2021,XKX,Kosovo,,Islamic Dev. Bank,Multilateral,constant,USD million,0.7466
2022,XKX,Kosovo,,Islamic Dev. Bank,Multilateral,constant,USD million,0.2837
2023,XKX,Kosovo,,Islamic Dev. Bank,Multilateral,constant,USD million,0.0455
2024,XKX,Kosovo,,Islamic Dev. Bank,Multilateral,constant,USD million,0.0294
2019,XKX,Kosovo,,OPEC Fund for International Dev.,Multilateral,constant,USD million,1.9672
2020,XKX,Kosovo,,OPEC Fund for International Dev.,Multilateral,constant,USD million,0.5927
2021,XKX,Kosovo,,OPEC Fund for International Dev.,Multilateral,constant,USD million,1.0359
2022,XKX,Kosovo,,OPEC Fund for International Dev.,Multilateral,constant,USD million,0.683
2023,XKX,Kosovo,,OPEC Fund for International Dev.,Multilateral,constant,USD million,6.9936
2024,XKX,Kosovo,,OPEC Fund for International Dev.,Multilateral,constant,USD million,3.2304
2025,XKX,Kosovo,,OPEC Fund for International Dev.,Multilateral,constant,USD million,1.1095
2015,XKX,Kosovo,,World Bank-IDA                         ,Multilateral,constant,USD million,4.959
2016,XKX,Kosovo,,World Bank-IDA                         ,Multilateral,constant,USD million,5.9316
2017,XKX,Kosovo,,World Bank-IDA                         ,Multilateral,constant,USD million,8.2927
2018,XKX,Kosovo,,World Bank-IDA                         ,Multilateral,constant,USD million,7.9537
2019,XKX,Kosovo,,World Bank-IDA                         ,Multilateral,constant,USD million,5.552
2020,XKX,Kosovo,,World Bank-IDA                         ,Multilateral,constant,USD million,13.0851
2021,XKX,Kosovo,,World Bank-IDA                         ,Multilateral,constant,USD million,9.2798
2022,XKX,Kosovo,,World Bank-IDA                         ,Multilateral,constant,USD million,1.6996
2023,XKX,Kosovo,,World Bank-IDA                         ,Multilateral,constant,USD million,37.527
2024,XKX,Kosovo,,World Bank-IDA                         ,Multilateral,constant,USD million,30.798
2025,XKX,Kosovo,,World Bank-IDA                         ,Multilateral,constant,USD million,22.1992
2023,KGZ,Kyrgyz Republic,,Asian Dev. Bank   ,Multilateral,constant,USD million,49.1866
2024,KGZ,Kyrgyz Republic,,Asian Dev. Bank   ,Multilateral,constant,USD million,43.5152
2025,KGZ,Kyrgyz Republic,,Asian Dev. Bank   ,Multilateral,constant,USD million,29.3399
2023,KGZ,Kyrgyz Republic,,Asian Infrastructure Investment Bank,Multilateral,constant,USD million,8.5808
2024,KGZ,Kyrgyz Republic,,Asian Infrastructure Investment Bank,Multilateral,constant,USD million,6.0042
2025,KGZ,Kyrgyz Republic,,Asian Infrastructure Investment Bank,Multilateral,constant,USD million,4.0032
2021,KGZ,Kyrgyz Republic,,Eurasian Development Bank,Multilateral,constant,USD million,0.3135
2022,KGZ,Kyrgyz Republic,,Eurasian Development Bank,Multilateral,constant,USD million,0.1629
2023,KGZ,Kyrgyz Republic,,Eurasian Development Bank,Multilateral,constant,USD million,53.9822
2024,KGZ,Kyrgyz Republic,,Eurasian Development Bank,Multilateral,constant,USD million,51.6722
2025,KGZ,Kyrgyz Republic,,Eurasian Development Bank,Multilateral,constant,USD million,30.3406
2015,KGZ,Kyrgyz Republic,,European Bank for Reconstruction and Dev. (EBRD),Multilateral,constant,USD million,4.8739
2016,KGZ,Kyrgyz Republic,,European Bank for Reconstruction and Dev. (EBRD),Multilateral,constant,USD million,6.52
2017,KGZ,Kyrgyz Republic,,European Bank for Reconstruction and Dev. (EBRD),Multilateral,constant,USD million,11.2217
2018,KGZ,Kyrgyz Republic,,European Bank for Reconstruction and Dev. (EBRD),Multilateral,constant,USD million,8.4969
2019,KGZ,Kyrgyz Republic,,European Bank for Reconstruction and Dev. (EBRD),Multilateral,constant,USD million,5.8318
2020,KGZ,Kyrgyz Republic,,European Bank for Reconstruction and Dev. (EBRD),Multilateral,constant,USD million,4.2729
2021,KGZ,Kyrgyz Republic,,European Bank for Reconstruction and Dev. (EBRD),Multilateral,constant,USD million,4.1164
2022,KGZ,Kyrgyz Republic,,European Bank for Reconstruction and Dev. (EBRD),Multilateral,constant,USD million,9.1344
2023,KGZ,Kyrgyz Republic,,European Bank for Reconstruction and Dev. (EBRD),Multilateral,constant,USD million,14.8307
2024,KGZ,Kyrgyz Republic,,European Bank for Reconstruction and Dev. (EBRD),Multilateral,constant,USD million,18.6326
2025,KGZ,Kyrgyz Republic,,European Bank for Reconstruction and Dev. (EBRD),Multilateral,constant,USD million,10.4815
2019,KGZ,Kyrgyz Republic,,European Investment Bank,Multilateral,constant,USD million,9.4349
2020,KGZ,Kyrgyz Republic,,European Investment Bank,Multilateral,constant,USD million,20.2111
2021,KGZ,Kyrgyz Republic,,European Investment Bank,Multilateral,constant,USD million,19.781
2022,KGZ,Kyrgyz Republic,,European Investment Bank,Multilateral,constant,USD million,0.7239
2023,KGZ,Kyrgyz Republic,,European Investment Bank,Multilateral,constant,USD million,8.0447
2024,KGZ,Kyrgyz Republic,,European Investment Bank,Multilateral,constant,USD million,12.5802
2025,KGZ,Kyrgyz Republic,,European Investment Bank,Multilateral,constant,USD million,8.4901
2023,KGZ,Kyrgyz Republic,,International Fund for Agricultural Dev.,Multilateral,constant,USD million,1.7001
2024,KGZ,Kyrgyz Republic,,International Fund for Agricultural Dev.,Multilateral,constant,USD million,1.0971
2025,KGZ,Kyrgyz Republic,,International Fund for Agricultural Dev.,Multilateral,constant,USD million,0.6038
2015,KGZ,Kyrgyz Republic,,Islamic Dev. Bank,Multilateral,constant,USD million,8.4255
2016,KGZ,Kyrgyz Republic,,Islamic Dev. Bank,Multilateral,constant,USD million,10.1772
2017,KGZ,Kyrgyz Republic,,Islamic Dev. Bank,Multilateral,constant,USD million,9.6236
2018,KGZ,Kyrgyz Republic,,Islamic Dev. Bank,Multilateral,constant,USD million,2.7831
2019,KGZ,Kyrgyz Republic,,Islamic Dev. Bank,Multilateral,constant,USD million,1.0397
2020,KGZ,Kyrgyz Republic,,Islamic Dev. Bank,Multilateral,constant,USD million,0.4909
2021,KGZ,Kyrgyz Republic,,Islamic Dev. Bank,Multilateral,constant,USD million,2.8697
2023,KGZ,Kyrgyz Republic,,Islamic Dev. Bank,Multilateral,constant,USD million,12.057
2024,KGZ,Kyrgyz Republic,,Islamic Dev. Bank,Multilateral,constant,USD million,10.4581
2025,KGZ,Kyrgyz Republic,,Islamic Dev. Bank,Multilateral,constant,USD million,6.5701
2023,KGZ,Kyrgyz Republic,,Islamic Solidarity Fund for Dev. (ISFD),Multilateral,constant,USD million,0.9248
2024,KGZ,Kyrgyz Republic,,Islamic Solidarity Fund for Dev. (ISFD),Multilateral,constant,USD million,0.5509
2025,KGZ,Kyrgyz Republic,,Islamic Solidarity Fund for Dev. (ISFD),Multilateral,constant,USD million,0.3103
2015,KGZ,Kyrgyz Republic,,OPEC Fund for International Dev.,Multilateral,constant,USD million,0.783
2016,KGZ,Kyrgyz Republic,,OPEC Fund for International Dev.,Multilateral,constant,USD million,0.8417
2017,KGZ,Kyrgyz Republic,,OPEC Fund for International Dev.,Multilateral,constant,USD million,0.3752
2018,KGZ,Kyrgyz Republic,,OPEC Fund for International Dev.,Multilateral,constant,USD million,1.0151
2019,KGZ,Kyrgyz Republic,,OPEC Fund for International Dev.,Multilateral,constant,USD million,0.2267
2021,KGZ,Kyrgyz Republic,,OPEC Fund for International Dev.,Multilateral,constant,USD million,0.0736
2022,KGZ,Kyrgyz Republic,,OPEC Fund for International Dev.,Multilateral,constant,USD million,0.0474
2023,KGZ,Kyrgyz Republic,,OPEC Fund for International Dev.,Multilateral,constant,USD million,1.3641
2024,KGZ,Kyrgyz Republic,,OPEC Fund for International Dev.,Multilateral,constant,USD million,2.3561
2025,KGZ,Kyrgyz Republic,,OPEC Fund for International Dev.,Multilateral,constant,USD million,1.3235
2023,KGZ,Kyrgyz Republic,,World Bank-IDA                         ,Multilateral,constant,USD million,55.7655
2024,KGZ,Kyrgyz Republic,,World Bank-IDA                         ,Multilateral,constant,USD million,54.5546
2025,KGZ,Kyrgyz Republic,,World Bank-IDA                         ,Multilateral,constant,USD million,44.1281
2016,LAO,Lao PDR,,Asian Dev. Bank   ,Multilateral,constant,USD million,0.2018
2017,LAO,Lao PDR,,Asian Dev. Bank   ,Multilateral,constant,USD million,0.2331
2018,LAO,Lao PDR,,Asian Dev. Bank   ,Multilateral,constant,USD million,0.4784
2019,LAO,Lao PDR,,Asian Dev. Bank   ,Multilateral,constant,USD million,1.5809
2020,LAO,Lao PDR,,Asian Dev. Bank   ,Multilateral,constant,USD million,2.3329
2021,LAO,Lao PDR,,Asian Dev. Bank   ,Multilateral,constant,USD million,2.3722
2022,LAO,Lao PDR,,Asian Dev. Bank   ,Multilateral,constant,USD million,2.3277
2023,LAO,Lao PDR,,Asian Dev. Bank   ,Multilateral,constant,USD million,58.0521
2024,LAO,Lao PDR,,Asian Dev. Bank   ,Multilateral,constant,USD million,42.3413
2025,LAO,Lao PDR,,Asian Dev. Bank   ,Multilateral,constant,USD million,29.0354
2020,LAO,Lao PDR,,Asian Infrastructure Investment Bank,Multilateral,constant,USD million,5.4097
2021,LAO,Lao PDR,,Asian Infrastructure Investment Bank,Multilateral,constant,USD million,1.265
2023,LAO,Lao PDR,,Asian Infrastructure Investment Bank,Multilateral,constant,USD million,21.7222
2024,LAO,Lao PDR,,Asian Infrastructure Investment Bank,Multilateral,constant,USD million,12.9173
2025,LAO,Lao PDR,,Asian Infrastructure Investment Bank,Multilateral,constant,USD million,6.3414
2023,LAO,Lao PDR,,International Fund for Agricultural Dev.,Multilateral,constant,USD million,4.0417
2024,LAO,Lao PDR,,International Fund for Agricultural Dev.,Multilateral,constant,USD million,2.7909
2025,LAO,Lao PDR,,International Fund for Agricultural Dev.,Multilateral,constant,USD million,1.8299
2023,LAO,Lao PDR,,Nordic Development Fund,Multilateral,constant,USD million,0.815
2024,LAO,Lao PDR,,Nordic Development Fund,Multilateral,constant,USD million,0.5937
2025,LAO,Lao PDR,,Nordic Development Fund,Multilateral,constant,USD million,0.3634
2015,LAO,Lao PDR,,OPEC Fund for International Dev.,Multilateral,constant,USD million,0.001
2016,LAO,Lao PDR,,OPEC Fund for International Dev.,Multilateral,constant,USD million,11.6428
2019,LAO,Lao PDR,,OPEC Fund for International Dev.,Multilateral,constant,USD million,5.8596
2020,LAO,Lao PDR,,OPEC Fund for International Dev.,Multilateral,constant,USD million,4.3325
2023,LAO,Lao PDR,,OPEC Fund for International Dev.,Multilateral,constant,USD million,4.5791
2024,LAO,Lao PDR,,OPEC Fund for International Dev.,Multilateral,constant,USD million,8.0476
2025,LAO,Lao PDR,,OPEC Fund for International Dev.,Multilateral,constant,USD million,5.0835
2017,LAO,Lao PDR,,World Bank-IDA                         ,Multilateral,constant,USD million,53.9958
2018,LAO,Lao PDR,,World Bank-IDA                         ,Multilateral,constant,USD million,16.534
2019,LAO,Lao PDR,,World Bank-IDA                         ,Multilateral,constant,USD million,76.8925
2020,LAO,Lao PDR,,World Bank-IDA                         ,Multilateral,constant,USD million,39.2754
2021,LAO,Lao PDR,,World Bank-IDA                         ,Multilateral,constant,USD million,67.0624
2022,LAO,Lao PDR,,World Bank-IDA                         ,Multilateral,constant,USD million,102.7927
2023,LAO,Lao PDR,,World Bank-IDA                         ,Multilateral,constant,USD million,124.1012
2024,LAO,Lao PDR,,World Bank-IDA                         ,Multilateral,constant,USD million,125.2278
2025,LAO,Lao PDR,,World Bank-IDA                         ,Multilateral,constant,USD million,122.0835
2015,LBN,Lebanon,,Arab Fund for Economic & Social Development,Multilateral,constant,USD million,34.3787
2016,LBN,Lebanon,,Arab Fund for Economic & Social Development,Multilateral,constant,USD million,47.5059
2017,LBN,Lebanon,,Arab Fund for Economic & Social Development,Multilateral,constant,USD million,135.9724
2018,LBN,Lebanon,,Arab Fund for Economic & Social Development,Multilateral,constant,USD million,36.5139
2019,LBN,Lebanon,,Arab Fund for Economic & Social Development,Multilateral,constant,USD million,33.457
2020,LBN,Lebanon,,Arab Fund for Economic & Social Development,Multilateral,constant,USD million,36.0684
2021,LBN,Lebanon,,Arab Fund for Economic & Social Development,Multilateral,constant,USD million,32.7653
2022,LBN,Lebanon,,Arab Fund for Economic & Social Development,Multilateral,constant,USD million,7.4716
2023,LBN,Lebanon,,Arab Fund for Economic & Social Development,Multilateral,constant,USD million,283.8377
2024,LBN,Lebanon,,Arab Fund for Economic & Social Development,Multilateral,constant,USD million,
2025,LBN,Lebanon,,Arab Fund for Economic & Social Development,Multilateral,constant,USD million,
2015,LBN,Lebanon,,European Investment Bank,Multilateral,constant,USD million,5.5479
2016,LBN,Lebanon,,European Investment Bank,Multilateral,constant,USD million,10.9716
2017,LBN,Lebanon,,European Investment Bank,Multilateral,constant,USD million,10.9015
2018,LBN,Lebanon,,European Investment Bank,Multilateral,constant,USD million,0.2961
2020,LBN,Lebanon,,European Investment Bank,Multilateral,constant,USD million,8.0653
2023,LBN,Lebanon,,European Investment Bank,Multilateral,constant,USD million,40.8788
2024,LBN,Lebanon,,European Investment Bank,Multilateral,constant,USD million,
2025,LBN,Lebanon,,European Investment Bank,Multilateral,constant,USD million,
2015,LBN,Lebanon,,International Fund for Agricultural Dev.,Multilateral,constant,USD million,0.3386
2016,LBN,Lebanon,,International Fund for Agricultural Dev.,Multilateral,constant,USD million,0.3721
2017,LBN,Lebanon,,International Fund for Agricultural Dev.,Multilateral,constant,USD million,0.3546
2018,LBN,Lebanon,,International Fund for Agricultural Dev.,Multilateral,constant,USD million,0.921
2019,LBN,Lebanon,,International Fund for Agricultural Dev.,Multilateral,constant,USD million,0.5042
2015,LBN,Lebanon,,Islamic Dev. Bank,Multilateral,constant,USD million,11.4847
2016,LBN,Lebanon,,Islamic Dev. Bank,Multilateral,constant,USD million,33.3552
2017,LBN,Lebanon,,Islamic Dev. Bank,Multilateral,constant,USD million,25.8242
2018,LBN,Lebanon,,Islamic Dev. Bank,Multilateral,constant,USD million,16.1535
2019,LBN,Lebanon,,Islamic Dev. Bank,Multilateral,constant,USD million,21.5098
2020,LBN,Lebanon,,Islamic Dev. Bank,Multilateral,constant,USD million,36.6763
2021,LBN,Lebanon,,Islamic Dev. Bank,Multilateral,constant,USD million,13.105
2022,LBN,Lebanon,,Islamic Dev. Bank,Multilateral,constant,USD million,8.399
2023,LBN,Lebanon,,Islamic Dev. Bank,Multilateral,constant,USD million,219.8732
2024,LBN,Lebanon,,Islamic Dev. Bank,Multilateral,constant,USD million,
2025,LBN,Lebanon,,Islamic Dev. Bank,Multilateral,constant,USD million,
2015,LBN,Lebanon,,OPEC Fund for International Dev.,Multilateral,constant,USD million,4.026
2016,LBN,Lebanon,,OPEC Fund for International Dev.,Multilateral,constant,USD million,1.7686
2017,LBN,Lebanon,,OPEC Fund for International Dev.,Multilateral,constant,USD million,1.7842
2018,LBN,Lebanon,,OPEC Fund for International Dev.,Multilateral,constant,USD million,1.8928
2019,LBN,Lebanon,,OPEC Fund for International Dev.,Multilateral,constant,USD million,0.5349
2020,LBN,Lebanon,,OPEC Fund for International Dev.,Multilateral,constant,USD million,2.1338
2021,LBN,Lebanon,,OPEC Fund for International Dev.,Multilateral,constant,USD million,2.2715
2022,LBN,Lebanon,,OPEC Fund for International Dev.,Multilateral,constant,USD million,0.1779
2023,LBN,Lebanon,,OPEC Fund for International Dev.,Multilateral,constant,USD million,1.4774
2024,LBN,Lebanon,,OPEC Fund for International Dev.,Multilateral,constant,USD million,
2025,LBN,Lebanon,,OPEC Fund for International Dev.,Multilateral,constant,USD million,
2015,LBN,Lebanon,,World Bank-IBRD                         ,Multilateral,constant,USD million,46.596
2016,LBN,Lebanon,,World Bank-IBRD                         ,Multilateral,constant,USD million,77.2788
2017,LBN,Lebanon,,World Bank-IBRD                         ,Multilateral,constant,USD million,170.4597
2018,LBN,Lebanon,,World Bank-IBRD                         ,Multilateral,constant,USD million,85.8466
2019,LBN,Lebanon,,World Bank-IBRD                         ,Multilateral,constant,USD million,46.6665
2020,LBN,Lebanon,,World Bank-IBRD                         ,Multilateral,constant,USD million,65.4058
2021,LBN,Lebanon,,World Bank-IBRD                         ,Multilateral,constant,USD million,146.7582
2022,LBN,Lebanon,,World Bank-IBRD                         ,Multilateral,constant,USD million,328.2788
2023,LBN,Lebanon,,World Bank-IBRD                         ,Multilateral,constant,USD million,198.0887
2024,LBN,Lebanon,,World Bank-IBRD                         ,Multilateral,constant,USD million,
2025,LBN,Lebanon,,World Bank-IBRD                         ,Multilateral,constant,USD million,
2023,LBN,Lebanon,,World Bank-IDA                         ,Multilateral,constant,USD million,14.3632
2023,LSO,Lesotho,,African Dev. Bank         ,Multilateral,constant,USD million,8.4614
2024,LSO,Lesotho,,African Dev. Bank         ,Multilateral,constant,USD million,6.0194
2025,LSO,Lesotho,,African Dev. Bank         ,Multilateral,constant,USD million,3.489
2015,LSO,Lesotho,,Arab Bank for Economic Dev. in Africa (BADEA),Multilateral,constant,USD million,1.01
2016,LSO,Lesotho,,Arab Bank for Economic Dev. in Africa (BADEA),Multilateral,constant,USD million,0.12
2017,LSO,Lesotho,,Arab Bank for Economic Dev. in Africa (BADEA),Multilateral,constant,USD million,0.532
2019,LSO,Lesotho,,Arab Bank for Economic Dev. in Africa (BADEA),Multilateral,constant,USD million,0.0036
2021,LSO,Lesotho,,Arab Bank for Economic Dev. in Africa (BADEA),Multilateral,constant,USD million,0.1948
2022,LSO,Lesotho,,Arab Bank for Economic Dev. in Africa (BADEA),Multilateral,constant,USD million,0.155
2023,LSO,Lesotho,,Arab Bank for Economic Dev. in Africa (BADEA),Multilateral,constant,USD million,10.0765
2024,LSO,Lesotho,,Arab Bank for Economic Dev. in Africa (BADEA),Multilateral,constant,USD million,10.953
2025,LSO,Lesotho,,Arab Bank for Economic Dev. in Africa (BADEA),Multilateral,constant,USD million,5.8507
2015,LSO,Lesotho,,European Investment Bank,Multilateral,constant,USD million,38.8354
2016,LSO,Lesotho,,European Investment Bank,Multilateral,constant,USD million,16.8811
2023,LSO,Lesotho,,European Investment Bank,Multilateral,constant,USD million,4.955
2024,LSO,Lesotho,,European Investment Bank,Multilateral,constant,USD million,26.9657
2025,LSO,Lesotho,,European Investment Bank,Multilateral,constant,USD million,19.0121
2023,LSO,Lesotho,,International Fund for Agricultural Dev.,Multilateral,constant,USD million,3.485
2024,LSO,Lesotho,,International Fund for Agricultural Dev.,Multilateral,constant,USD million,3.728
2025,LSO,Lesotho,,International Fund for Agricultural Dev.,Multilateral,constant,USD million,2.4577
2015,LSO,Lesotho,,OPEC Fund for International Dev.,Multilateral,constant,USD million,1.135
2016,LSO,Lesotho,,OPEC Fund for International Dev.,Multilateral,constant,USD million,1.6494
2018,LSO,Lesotho,,OPEC Fund for International Dev.,Multilateral,constant,USD million,0.5505
2019,LSO,Lesotho,,OPEC Fund for International Dev.,Multilateral,constant,USD million,3.3139
2020,LSO,Lesotho,,OPEC Fund for International Dev.,Multilateral,constant,USD million,1.2326
2021,LSO,Lesotho,,OPEC Fund for International Dev.,Multilateral,constant,USD million,2.066
2022,LSO,Lesotho,,OPEC Fund for International Dev.,Multilateral,constant,USD million,4.5156
2023,LSO,Lesotho,,OPEC Fund for International Dev.,Multilateral,constant,USD million,13.8317
2024,LSO,Lesotho,,OPEC Fund for International Dev.,Multilateral,constant,USD million,18.361
2025,LSO,Lesotho,,OPEC Fund for International Dev.,Multilateral,constant,USD million,11.5453
2016,LSO,Lesotho,,World Bank-IDA                         ,Multilateral,constant,USD million,4.7744
2017,LSO,Lesotho,,World Bank-IDA                         ,Multilateral,constant,USD million,19.6991
2018,LSO,Lesotho,,World Bank-IDA                         ,Multilateral,constant,USD million,20.0276
2019,LSO,Lesotho,,World Bank-IDA                         ,Multilateral,constant,USD million,26.5223
2020,LSO,Lesotho,,World Bank-IDA                         ,Multilateral,constant,USD million,30.8615
2021,LSO,Lesotho,,World Bank-IDA                         ,Multilateral,constant,USD million,39.0624
2022,LSO,Lesotho,,World Bank-IDA                         ,Multilateral,constant,USD million,30.5306
2023,LSO,Lesotho,,World Bank-IDA                         ,Multilateral,constant,USD million,50.3544
2024,LSO,Lesotho,,World Bank-IDA                         ,Multilateral,constant,USD million,48.5784
2025,LSO,Lesotho,,World Bank-IDA                         ,Multilateral,constant,USD million,40.363
2023,LBR,Liberia,,African Dev. Bank         ,Multilateral,constant,USD million,27.5436
2024,LBR,Liberia,,African Dev. Bank         ,Multilateral,constant,USD million,23.5512
2025,LBR,Liberia,,African Dev. Bank         ,Multilateral,constant,USD million,15.5644
2020,LBR,Liberia,,African Export-Import Bank,Multilateral,constant,USD million,11.0088
2023,LBR,Liberia,,Arab Bank for Economic Dev. in Africa (BADEA),Multilateral,constant,USD million,4.6017
2024,LBR,Liberia,,Arab Bank for Economic Dev. in Africa (BADEA),Multilateral,constant,USD million,5.0704
2025,LBR,Liberia,,Arab Bank for Economic Dev. in Africa (BADEA),Multilateral,constant,USD million,3.6458
2023,LBR,Liberia,,Economic Community of West African States (ECOWAS),Multilateral,constant,USD million,7.825
2024,LBR,Liberia,,Economic Community of West African States (ECOWAS),Multilateral,constant,USD million,14.7989
2025,LBR,Liberia,,Economic Community of West African States (ECOWAS),Multilateral,constant,USD million,8.6965
2015,LBR,Liberia,,European Investment Bank,Multilateral,constant,USD million,19.1492
2016,LBR,Liberia,,European Investment Bank,Multilateral,constant,USD million,2.8811
2023,LBR,Liberia,,International Fund for Agricultural Dev.,Multilateral,constant,USD million,11.954
2024,LBR,Liberia,,International Fund for Agricultural Dev.,Multilateral,constant,USD million,8.7197
2025,LBR,Liberia,,International Fund for Agricultural Dev.,Multilateral,constant,USD million,5.8243
2023,LBR,Liberia,,OPEC Fund for International Dev.,Multilateral,constant,USD million,5.3715
2024,LBR,Liberia,,OPEC Fund for International Dev.,Multilateral,constant,USD million,6.7575
2025,LBR,Liberia,,OPEC Fund for International Dev.,Multilateral,constant,USD million,4.9398
2023,LBR,Liberia,,World Bank-IDA                         ,Multilateral,constant,USD million,50.3445
2024,LBR,Liberia,,World Bank-IDA                         ,Multilateral,constant,USD million,46.8691
2025,LBR,Liberia,,World Bank-IDA                         ,Multilateral,constant,USD million,43.445
2023,MDG,Madagascar,,African Dev. Bank         ,Multilateral,constant,USD million,15.0742
2024,MDG,Madagascar,,African Dev. Bank         ,Multilateral,constant,USD million,52.2498
2025,MDG,Madagascar,,African Dev. Bank         ,Multilateral,constant,USD million,45.3702
2016,MDG,Madagascar,,Arab African International Bank,Multilateral,constant,USD million,0.1501
2016,MDG,Madagascar,,Arab Bank for Economic Dev. in Africa (BADEA),Multilateral,constant,USD million,0.6529
2017,MDG,Madagascar,,Arab Bank for Economic Dev. in Africa (BADEA),Multilateral,constant,USD million,0.3985
2023,MDG,Madagascar,,Arab Bank for Economic Dev. in Africa (BADEA),Multilateral,constant,USD million,9.1904
2024,MDG,Madagascar,,Arab Bank for Economic Dev. in Africa (BADEA),Multilateral,constant,USD million,13.429
2025,MDG,Madagascar,,Arab Bank for Economic Dev. in Africa (BADEA),Multilateral,constant,USD million,8.8298
2023,MDG,Madagascar,,Eastern & Southern African Trade & Dev. Bank (TDB),Multilateral,constant,USD million,13.3258
2024,MDG,Madagascar,,Eastern & Southern African Trade & Dev. Bank (TDB),Multilateral,constant,USD million,24.9113
2025,MDG,Madagascar,,Eastern & Southern African Trade & Dev. Bank (TDB),Multilateral,constant,USD million,14.6099
2018,MDG,Madagascar,,European Investment Bank,Multilateral,constant,USD million,25.4944
2019,MDG,Madagascar,,European Investment Bank,Multilateral,constant,USD million,66.2291
2020,MDG,Madagascar,,European Investment Bank,Multilateral,constant,USD million,78.2965
2021,MDG,Madagascar,,European Investment Bank,Multilateral,constant,USD million,55.8807
2022,MDG,Madagascar,,European Investment Bank,Multilateral,constant,USD million,49.3644
2023,MDG,Madagascar,,European Investment Bank,Multilateral,constant,USD million,41.7343
2024,MDG,Madagascar,,European Investment Bank,Multilateral,constant,USD million,47.0861
2025,MDG,Madagascar,,European Investment Bank,Multilateral,constant,USD million,32.5234
2023,MDG,Madagascar,,International Fund for Agricultural Dev.,Multilateral,constant,USD million,18.1933
2024,MDG,Madagascar,,International Fund for Agricultural Dev.,Multilateral,constant,USD million,23.5362
2025,MDG,Madagascar,,International Fund for Agricultural Dev.,Multilateral,constant,USD million,16.3396
2015,MDG,Madagascar,,OPEC Fund for International Dev.,Multilateral,constant,USD million,3.317
2016,MDG,Madagascar,,OPEC Fund for International Dev.,Multilateral,constant,USD million,1.7908
2017,MDG,Madagascar,,OPEC Fund for International Dev.,Multilateral,constant,USD million,7.6294
2018,MDG,Madagascar,,OPEC Fund for International Dev.,Multilateral,constant,USD million,2.8893
2019,MDG,Madagascar,,OPEC Fund for International Dev.,Multilateral,constant,USD million,5.7186
2020,MDG,Madagascar,,OPEC Fund for International Dev.,Multilateral,constant,USD million,5.3593
2022,MDG,Madagascar,,OPEC Fund for International Dev.,Multilateral,constant,USD million,1.718
2023,MDG,Madagascar,,OPEC Fund for International Dev.,Multilateral,constant,USD million,17.5358
2024,MDG,Madagascar,,OPEC Fund for International Dev.,Multilateral,constant,USD million,12.8769
2025,MDG,Madagascar,,OPEC Fund for International Dev.,Multilateral,constant,USD million,7.5738
2023,MDG,Madagascar,,World Bank-IDA                         ,Multilateral,constant,USD million,220.3574
2024,MDG,Madagascar,,World Bank-IDA                         ,Multilateral,constant,USD million,213.4273
2025,MDG,Madagascar,,World Bank-IDA                         ,Multilateral,constant,USD million,202.5259
2023,MWI,Malawi,,African Dev. Bank         ,Multilateral,constant,USD million,11.2066
2024,MWI,Malawi,,African Dev. Bank         ,Multilateral,constant,USD million,19.4781
2025,MWI,Malawi,,African Dev. Bank         ,Multilateral,constant,USD million,17.2777
2019,MWI,Malawi,,Arab Bank for Economic Dev. in Africa (BADEA),Multilateral,constant,USD million,0.7396
2023,MWI,Malawi,,Arab Bank for Economic Dev. in Africa (BADEA),Multilateral,constant,USD million,3.3675
2024,MWI,Malawi,,Arab Bank for Economic Dev. in Africa (BADEA),Multilateral,constant,USD million,2.3026
2025,MWI,Malawi,,Arab Bank for Economic Dev. in Africa (BADEA),Multilateral,constant,USD million,1.3103
2017,MWI,Malawi,,European Investment Bank,Multilateral,constant,USD million,1.09
2018,MWI,Malawi,,European Investment Bank,Multilateral,constant,USD million,9.2898
2019,MWI,Malawi,,European Investment Bank,Multilateral,constant,USD million,16.7663
2020,MWI,Malawi,,European Investment Bank,Multilateral,constant,USD million,4.1066
2021,MWI,Malawi,,European Investment Bank,Multilateral,constant,USD million,27.587
2022,MWI,Malawi,,European Investment Bank,Multilateral,constant,USD million,32.7706
2023,MWI,Malawi,,European Investment Bank,Multilateral,constant,USD million,19.2518
2024,MWI,Malawi,,European Investment Bank,Multilateral,constant,USD million,13.6122
2025,MWI,Malawi,,European Investment Bank,Multilateral,constant,USD million,8.02
2023,MWI,Malawi,,International Fund for Agricultural Dev.,Multilateral,constant,USD million,19.7607
2024,MWI,Malawi,,International Fund for Agricultural Dev.,Multilateral,constant,USD million,16.8612
2025,MWI,Malawi,,International Fund for Agricultural Dev.,Multilateral,constant,USD million,12.0502
2015,MWI,Malawi,,OPEC Fund for International Dev.,Multilateral,constant,USD million,4.276
2016,MWI,Malawi,,OPEC Fund for International Dev.,Multilateral,constant,USD million,4.7387
2017,MWI,Malawi,,OPEC Fund for International Dev.,Multilateral,constant,USD million,3.9795
2018,MWI,Malawi,,OPEC Fund for International Dev.,Multilateral,constant,USD million,10.2586
2019,MWI,Malawi,,OPEC Fund for International Dev.,Multilateral,constant,USD million,6.2083
2020,MWI,Malawi,,OPEC Fund for International Dev.,Multilateral,constant,USD million,2.2821
2021,MWI,Malawi,,OPEC Fund for International Dev.,Multilateral,constant,USD million,8.9834
2022,MWI,Malawi,,OPEC Fund for International Dev.,Multilateral,constant,USD million,7.8999
2023,MWI,Malawi,,OPEC Fund for International Dev.,Multilateral,constant,USD million,20.4499
2024,MWI,Malawi,,OPEC Fund for International Dev.,Multilateral,constant,USD million,27.604
2025,MWI,Malawi,,OPEC Fund for International Dev.,Multilateral,constant,USD million,16.7711
2023,MWI,Malawi,,World Bank-IDA                         ,Multilateral,constant,USD million,139.762
2024,MWI,Malawi,,World Bank-IDA                         ,Multilateral,constant,USD million,167.9976
2025,MWI,Malawi,,World Bank-IDA                         ,Multilateral,constant,USD million,168.0905
2023,MDV,Maldives,,Asian Dev. Bank   ,Multilateral,constant,USD million,13.0062
2024,MDV,Maldives,,Asian Dev. Bank   ,Multilateral,constant,USD million,9.5938
2025,MDV,Maldives,,Asian Dev. Bank   ,Multilateral,constant,USD million,6.57
2023,MDV,Maldives,,Asian Infrastructure Investment Bank,Multilateral,constant,USD million,15.3359
2024,MDV,Maldives,,Asian Infrastructure Investment Bank,Multilateral,constant,USD million,15.5728
2025,MDV,Maldives,,Asian Infrastructure Investment Bank,Multilateral,constant,USD million,9.722
2019,MDV,Maldives,,European Investment Bank,Multilateral,constant,USD million,9.5253
2020,MDV,Maldives,,European Investment Bank,Multilateral,constant,USD million,22.6406
2021,MDV,Maldives,,European Investment Bank,Multilateral,constant,USD million,22.5422
2022,MDV,Maldives,,European Investment Bank,Multilateral,constant,USD million,0.5598
2023,MDV,Maldives,,European Investment Bank,Multilateral,constant,USD million,16.7889
2024,MDV,Maldives,,European Investment Bank,Multilateral,constant,USD million,16.7071
2025,MDV,Maldives,,European Investment Bank,Multilateral,constant,USD million,10.4623
2023,MDV,Maldives,,International Fund for Agricultural Dev.,Multilateral,constant,USD million,0.8913
2024,MDV,Maldives,,International Fund for Agricultural Dev.,Multilateral,constant,USD million,0.6362
2025,MDV,Maldives,,International Fund for Agricultural Dev.,Multilateral,constant,USD million,0.4349
2015,MDV,Maldives,,Islamic Dev. Bank,Multilateral,constant,USD million,1.696
2016,MDV,Maldives,,Islamic Dev. Bank,Multilateral,constant,USD million,0.1526
2017,MDV,Maldives,,Islamic Dev. Bank,Multilateral,constant,USD million,1.9468
2018,MDV,Maldives,,Islamic Dev. Bank,Multilateral,constant,USD million,200.7942
2019,MDV,Maldives,,Islamic Dev. Bank,Multilateral,constant,USD million,171.1673
2020,MDV,Maldives,,Islamic Dev. Bank,Multilateral,constant,USD million,1.1451
2021,MDV,Maldives,,Islamic Dev. Bank,Multilateral,constant,USD million,135.0007
2022,MDV,Maldives,,Islamic Dev. Bank,Multilateral,constant,USD million,10.6517
2023,MDV,Maldives,,Islamic Dev. Bank,Multilateral,constant,USD million,64.3544
2024,MDV,Maldives,,Islamic Dev. Bank,Multilateral,constant,USD million,94.079
2025,MDV,Maldives,,Islamic Dev. Bank,Multilateral,constant,USD million,42.257
2015,MDV,Maldives,,OPEC Fund for International Dev.,Multilateral,constant,USD million,1.775
2016,MDV,Maldives,,OPEC Fund for International Dev.,Multilateral,constant,USD million,0.0958
2017,MDV,Maldives,,OPEC Fund for International Dev.,Multilateral,constant,USD million,6.0132
2018,MDV,Maldives,,OPEC Fund for International Dev.,Multilateral,constant,USD million,17.0492
2019,MDV,Maldives,,OPEC Fund for International Dev.,Multilateral,constant,USD million,19.2855
2020,MDV,Maldives,,OPEC Fund for International Dev.,Multilateral,constant,USD million,33.4044
2021,MDV,Maldives,,OPEC Fund for International Dev.,Multilateral,constant,USD million,15.2287
2022,MDV,Maldives,,OPEC Fund for International Dev.,Multilateral,constant,USD million,13.7542
2023,MDV,Maldives,,OPEC Fund for International Dev.,Multilateral,constant,USD million,36.3093
2024,MDV,Maldives,,OPEC Fund for International Dev.,Multilateral,constant,USD million,14.8048
2025,MDV,Maldives,,OPEC Fund for International Dev.,Multilateral,constant,USD million,8.9891
2023,MDV,Maldives,,World Bank-IDA                         ,Multilateral,constant,USD million,4.213
2024,MDV,Maldives,,World Bank-IDA                         ,Multilateral,constant,USD million,4.1415
2025,MDV,Maldives,,World Bank-IDA                         ,Multilateral,constant,USD million,4.0359
2023,MLI,Mali,,African Dev. Bank         ,Multilateral,constant,USD million,25.2611
2024,MLI,Mali,,African Dev. Bank         ,Multilateral,constant,USD million,19.356
2025,MLI,Mali,,African Dev. Bank         ,Multilateral,constant,USD million,10.6674
2023,MLI,Mali,,Arab Bank for Economic Dev. in Africa (BADEA),Multilateral,constant,USD million,4.8696
2024,MLI,Mali,,Arab Bank for Economic Dev. in Africa (BADEA),Multilateral,constant,USD million,6.7248
2025,MLI,Mali,,Arab Bank for Economic Dev. in Africa (BADEA),Multilateral,constant,USD million,4.789
2015,MLI,Mali,,Economic Community of West African States (ECOWAS),Multilateral,constant,USD million,1.099
2016,MLI,Mali,,Economic Community of West African States (ECOWAS),Multilateral,constant,USD million,1.4385
2017,MLI,Mali,,Economic Community of West African States (ECOWAS),Multilateral,constant,USD million,0.5497
2018,MLI,Mali,,Economic Community of West African States (ECOWAS),Multilateral,constant,USD million,1.0553
2019,MLI,Mali,,Economic Community of West African States (ECOWAS),Multilateral,constant,USD million,0.7767
2020,MLI,Mali,,Economic Community of West African States (ECOWAS),Multilateral,constant,USD million,0.1563
2021,MLI,Mali,,Economic Community of West African States (ECOWAS),Multilateral,constant,USD million,0.249
2022,MLI,Mali,,Economic Community of West African States (ECOWAS),Multilateral,constant,USD million,9.1829
2023,MLI,Mali,,Economic Community of West African States (ECOWAS),Multilateral,constant,USD million,25.0048
2024,MLI,Mali,,Economic Community of West African States (ECOWAS),Multilateral,constant,USD million,14.979
2025,MLI,Mali,,Economic Community of West African States (ECOWAS),Multilateral,constant,USD million,7.0887
2016,MLI,Mali,,European Investment Bank,Multilateral,constant,USD million,10.9494
2017,MLI,Mali,,European Investment Bank,Multilateral,constant,USD million,5.9097
2018,MLI,Mali,,European Investment Bank,Multilateral,constant,USD million,14.084
2019,MLI,Mali,,European Investment Bank,Multilateral,constant,USD million,9.9048
2020,MLI,Mali,,European Investment Bank,Multilateral,constant,USD million,3.5902
2021,MLI,Mali,,European Investment Bank,Multilateral,constant,USD million,2.6344
2022,MLI,Mali,,European Investment Bank,Multilateral,constant,USD million,14.6951
2023,MLI,Mali,,European Investment Bank,Multilateral,constant,USD million,14.9843
2024,MLI,Mali,,European Investment Bank,Multilateral,constant,USD million,8.4779
2025,MLI,Mali,,European Investment Bank,Multilateral,constant,USD million,5.3957
2017,MLI,Mali,,International Fund for Agricultural Dev.,Multilateral,constant,USD million,0.058
2023,MLI,Mali,,International Fund for Agricultural Dev.,Multilateral,constant,USD million,21.2549
2024,MLI,Mali,,International Fund for Agricultural Dev.,Multilateral,constant,USD million,14.811
2025,MLI,Mali,,International Fund for Agricultural Dev.,Multilateral,constant,USD million,9.6378
2015,MLI,Mali,,Islamic Dev. Bank,Multilateral,constant,USD million,18.6678
2016,MLI,Mali,,Islamic Dev. Bank,Multilateral,constant,USD million,8.7336
2017,MLI,Mali,,Islamic Dev. Bank,Multilateral,constant,USD million,12.4084
2018,MLI,Mali,,Islamic Dev. Bank,Multilateral,constant,USD million,25.5737
2019,MLI,Mali,,Islamic Dev. Bank,Multilateral,constant,USD million,22.2619
2020,MLI,Mali,,Islamic Dev. Bank,Multilateral,constant,USD million,10.0277
2021,MLI,Mali,,Islamic Dev. Bank,Multilateral,constant,USD million,4.2784
2022,MLI,Mali,,Islamic Dev. Bank,Multilateral,constant,USD million,29.0213
2023,MLI,Mali,,Islamic Dev. Bank,Multilateral,constant,USD million,121.2459
2024,MLI,Mali,,Islamic Dev. Bank,Multilateral,constant,USD million,87.6369
2025,MLI,Mali,,Islamic Dev. Bank,Multilateral,constant,USD million,53.566
2015,MLI,Mali,,OPEC Fund for International Dev.,Multilateral,constant,USD million,3.449
2016,MLI,Mali,,OPEC Fund for International Dev.,Multilateral,constant,USD million,7.1789
2017,MLI,Mali,,OPEC Fund for International Dev.,Multilateral,constant,USD million,0.7491
2018,MLI,Mali,,OPEC Fund for International Dev.,Multilateral,constant,USD million,1.5649
2019,MLI,Mali,,OPEC Fund for International Dev.,Multilateral,constant,USD million,3.0823
2020,MLI,Mali,,OPEC Fund for International Dev.,Multilateral,constant,USD million,5.5152
2021,MLI,Mali,,OPEC Fund for International Dev.,Multilateral,constant,USD million,0.0849
2022,MLI,Mali,,OPEC Fund for International Dev.,Multilateral,constant,USD million,0.1742
2023,MLI,Mali,,OPEC Fund for International Dev.,Multilateral,constant,USD million,6.1747
2024,MLI,Mali,,OPEC Fund for International Dev.,Multilateral,constant,USD million,6.3135
2025,MLI,Mali,,OPEC Fund for International Dev.,Multilateral,constant,USD million,3.6089
2015,MLI,Mali,,West African Development Bank - BOAD,Multilateral,constant,USD million,0.6839
2016,MLI,Mali,,West African Development Bank - BOAD,Multilateral,constant,USD million,1.0563
2017,MLI,Mali,,West African Development Bank - BOAD,Multilateral,constant,USD million,11.1855
2018,MLI,Mali,,West African Development Bank - BOAD,Multilateral,constant,USD million,26.8507
2019,MLI,Mali,,West African Development Bank - BOAD,Multilateral,constant,USD million,29.6412
2020,MLI,Mali,,West African Development Bank - BOAD,Multilateral,constant,USD million,54.8637
2021,MLI,Mali,,West African Development Bank - BOAD,Multilateral,constant,USD million,55.3048
2022,MLI,Mali,,West African Development Bank - BOAD,Multilateral,constant,USD million,45.5658
2023,MLI,Mali,,West African Development Bank - BOAD,Multilateral,constant,USD million,110.7656
2024,MLI,Mali,,West African Development Bank - BOAD,Multilateral,constant,USD million,79.3514
2025,MLI,Mali,,West African Development Bank - BOAD,Multilateral,constant,USD million,44.5988
2023,MLI,Mali,,World Bank-IDA                         ,Multilateral,constant,USD million,116.3027
2024,MLI,Mali,,World Bank-IDA                         ,Multilateral,constant,USD million,115.8387
2025,MLI,Mali,,World Bank-IDA                         ,Multilateral,constant,USD million,115.3432
2019,MRT,Mauritania,,African Dev. Bank         ,Multilateral,constant,USD million,9.1015
2023,MRT,Mauritania,,African Dev. Bank         ,Multilateral,constant,USD million,11.1594
2024,MRT,Mauritania,,African Dev. Bank         ,Multilateral,constant,USD million,9.4464
2025,MRT,Mauritania,,African Dev. Bank         ,Multilateral,constant,USD million,7.8051
2015,MRT,Mauritania,,Arab Fund for Economic & Social Development,Multilateral,constant,USD million,116.1414
2016,MRT,Mauritania,,Arab Fund for Economic & Social Development,Multilateral,constant,USD million,103.8482
2017,MRT,Mauritania,,Arab Fund for Economic & Social Development,Multilateral,constant,USD million,113.3207
2018,MRT,Mauritania,,Arab Fund for Economic & Social Development,Multilateral,constant,USD million,101.3316
2019,MRT,Mauritania,,Arab Fund for Economic & Social Development,Multilateral,constant,USD million,107.9388
2020,MRT,Mauritania,,Arab Fund for Economic & Social Development,Multilateral,constant,USD million,77.0964
2021,MRT,Mauritania,,Arab Fund for Economic & Social Development,Multilateral,constant,USD million,43.6266
2022,MRT,Mauritania,,Arab Fund for Economic & Social Development,Multilateral,constant,USD million,42.8547
2023,MRT,Mauritania,,Arab Fund for Economic & Social Development,Multilateral,constant,USD million,224.6138
2024,MRT,Mauritania,,Arab Fund for Economic & Social Development,Multilateral,constant,USD million,216.618
2025,MRT,Mauritania,,Arab Fund for Economic & Social Development,Multilateral,constant,USD million,124.7399
2015,MRT,Mauritania,,Arab Monetary Fund,Multilateral,constant,USD million,20.9869
2016,MRT,Mauritania,,Arab Monetary Fund,Multilateral,constant,USD million,99.8531
2016,MRT,Mauritania,,European Investment Bank,Multilateral,constant,USD million,0.6344
2019,MRT,Mauritania,,European Investment Bank,Multilateral,constant,USD million,11.2256
2022,MRT,Mauritania,,European Investment Bank,Multilateral,constant,USD million,2.9649
2023,MRT,Mauritania,,European Investment Bank,Multilateral,constant,USD million,20.4333
2024,MRT,Mauritania,,European Investment Bank,Multilateral,constant,USD million,18.9707
2025,MRT,Mauritania,,European Investment Bank,Multilateral,constant,USD million,12.3305
2023,MRT,Mauritania,,International Fund for Agricultural Dev.,Multilateral,constant,USD million,1.4348
2024,MRT,Mauritania,,International Fund for Agricultural Dev.,Multilateral,constant,USD million,0.7956
2025,MRT,Mauritania,,International Fund for Agricultural Dev.,Multilateral,constant,USD million,0.5747
2015,MRT,Mauritania,,Islamic Dev. Bank,Multilateral,constant,USD million,75.3458
2016,MRT,Mauritania,,Islamic Dev. Bank,Multilateral,constant,USD million,46.5628
2017,MRT,Mauritania,,Islamic Dev. Bank,Multilateral,constant,USD million,54.2387
2018,MRT,Mauritania,,Islamic Dev. Bank,Multilateral,constant,USD million,7.1491
2019,MRT,Mauritania,,Islamic Dev. Bank,Multilateral,constant,USD million,85.3189
2020,MRT,Mauritania,,Islamic Dev. Bank,Multilateral,constant,USD million,4.3766
2021,MRT,Mauritania,,Islamic Dev. Bank,Multilateral,constant,USD million,6.2318
2022,MRT,Mauritania,,Islamic Dev. Bank,Multilateral,constant,USD million,14.3518
2023,MRT,Mauritania,,Islamic Dev. Bank,Multilateral,constant,USD million,87.7935
2024,MRT,Mauritania,,Islamic Dev. Bank,Multilateral,constant,USD million,78.7929
2025,MRT,Mauritania,,Islamic Dev. Bank,Multilateral,constant,USD million,45.6147
2016,MRT,Mauritania,,OPEC Fund for International Dev.,Multilateral,constant,USD million,0.1357
2017,MRT,Mauritania,,OPEC Fund for International Dev.,Multilateral,constant,USD million,5.0512
2018,MRT,Mauritania,,OPEC Fund for International Dev.,Multilateral,constant,USD million,2.1669
2019,MRT,Mauritania,,OPEC Fund for International Dev.,Multilateral,constant,USD million,4.0664
2020,MRT,Mauritania,,OPEC Fund for International Dev.,Multilateral,constant,USD million,12.0468
2021,MRT,Mauritania,,OPEC Fund for International Dev.,Multilateral,constant,USD million,3.1244
2022,MRT,Mauritania,,OPEC Fund for International Dev.,Multilateral,constant,USD million,3.6058
2023,MRT,Mauritania,,OPEC Fund for International Dev.,Multilateral,constant,USD million,1.7739
2024,MRT,Mauritania,,OPEC Fund for International Dev.,Multilateral,constant,USD million,1.5849
2023,MRT,Mauritania,,World Bank-IDA                         ,Multilateral,constant,USD million,36.2343
2024,MRT,Mauritania,,World Bank-IDA                         ,Multilateral,constant,USD million,13.3678
2025,MRT,Mauritania,,World Bank-IDA                         ,Multilateral,constant,USD million,13.9504
2016,MUS,Mauritius,,African Dev. Bank         ,Multilateral,constant,USD million,29.2139
2017,MUS,Mauritius,,African Dev. Bank         ,Multilateral,constant,USD million,50.3003
2018,MUS,Mauritius,,African Dev. Bank         ,Multilateral,constant,USD million,9.3014
2019,MUS,Mauritius,,African Dev. Bank         ,Multilateral,constant,USD million,97.0603
2020,MUS,Mauritius,,African Dev. Bank         ,Multilateral,constant,USD million,221.9018
2016,MUS,Mauritius,,Arab African International Bank,Multilateral,constant,USD million,0.5228
2017,MUS,Mauritius,,Arab African International Bank,Multilateral,constant,USD million,0.8894
2018,MUS,Mauritius,,Arab African International Bank,Multilateral,constant,USD million,0.0787
2019,MUS,Mauritius,,Arab African International Bank,Multilateral,constant,USD million,0.3027
2022,MUS,Mauritius,,Arab African International Bank,Multilateral,constant,USD million,3.2351
2023,MUS,Mauritius,,Arab African International Bank,Multilateral,constant,USD million,8.1718
2024,MUS,Mauritius,,Arab African International Bank,Multilateral,constant,USD million,4.5388
2025,MUS,Mauritius,,Arab African International Bank,Multilateral,constant,USD million,2.0816
2015,MUS,Mauritius,,European Investment Bank,Multilateral,constant,USD million,1.4203
2016,MUS,Mauritius,,OPEC Fund for International Dev.,Multilateral,constant,USD million,0.5119
2017,MUS,Mauritius,,OPEC Fund for International Dev.,Multilateral,constant,USD million,0.9291
2018,MUS,Mauritius,,OPEC Fund for International Dev.,Multilateral,constant,USD million,0.1464
2019,MUS,Mauritius,,OPEC Fund for International Dev.,Multilateral,constant,USD million,0.245
2016,MUS,Mauritius,,World Bank-IBRD                         ,Multilateral,constant,USD million,15.1681
2017,MEX,Mexico,,European Investment Bank,Multilateral,constant,USD million,105.6432
2020,MEX,Mexico,,European Investment Bank,Multilateral,constant,USD million,156.7066
2015,MEX,Mexico,,Inter-American Dev. Bank      ,Multilateral,constant,USD million,1159.459
2016,MEX,Mexico,,Inter-American Dev. Bank      ,Multilateral,constant,USD million,1321.4689
2017,MEX,Mexico,,Inter-American Dev. Bank      ,Multilateral,constant,USD million,1704.004
2018,MEX,Mexico,,Inter-American Dev. Bank      ,Multilateral,constant,USD million,1192.0252
2019,MEX,Mexico,,Inter-American Dev. Bank      ,Multilateral,constant,USD million,1391.4415
2020,MEX,Mexico,,Inter-American Dev. Bank      ,Multilateral,constant,USD million,638.0507
2021,MEX,Mexico,,Inter-American Dev. Bank      ,Multilateral,constant,USD million,768.9086
2022,MEX,Mexico,,Inter-American Dev. Bank      ,Multilateral,constant,USD million,786.5469
2023,MEX,Mexico,,Inter-American Dev. Bank      ,Multilateral,constant,USD million,95.1237
2024,MEX,Mexico,,Inter-American Dev. Bank      ,Multilateral,constant,USD million,88.5737
2025,MEX,Mexico,,Inter-American Dev. Bank      ,Multilateral,constant,USD million,66.1241
2015,MEX,Mexico,,World Bank-IBRD                         ,Multilateral,constant,USD million,347.324
2016,MEX,Mexico,,World Bank-IBRD                         ,Multilateral,constant,USD million,369.339
2017,MEX,Mexico,,World Bank-IBRD                         ,Multilateral,constant,USD million,535.2561
2018,MEX,Mexico,,World Bank-IBRD                         ,Multilateral,constant,USD million,607.4635
2019,MEX,Mexico,,World Bank-IBRD                         ,Multilateral,constant,USD million,540.4593
2020,MEX,Mexico,,World Bank-IBRD                         ,Multilateral,constant,USD million,1084.4011
2021,MEX,Mexico,,World Bank-IBRD                         ,Multilateral,constant,USD million,1453.938
2022,MEX,Mexico,,World Bank-IBRD                         ,Multilateral,constant,USD million,631.08
2023,MEX,Mexico,,World Bank-IBRD                         ,Multilateral,constant,USD million,39.7194
2024,MEX,Mexico,,World Bank-IBRD                         ,Multilateral,constant,USD million,31.4728
2025,MEX,Mexico,,World Bank-IBRD                         ,Multilateral,constant,USD million,32.7097
2015,MDA,Moldova,,Council of Europe,Multilateral,constant,USD million,3.1368
2016,MDA,Moldova,,Council of Europe,Multilateral,constant,USD million,3.2161
2017,MDA,Moldova,,Council of Europe,Multilateral,constant,USD million,2.003
2018,MDA,Moldova,,Council of Europe,Multilateral,constant,USD million,0.9572
2019,MDA,Moldova,,Council of Europe,Multilateral,constant,USD million,1.6214
2020,MDA,Moldova,,Council of Europe,Multilateral,constant,USD million,10.2639
2021,MDA,Moldova,,Council of Europe,Multilateral,constant,USD million,30.3739
2023,MDA,Moldova,,Council of Europe,Multilateral,constant,USD million,6.9838
2024,MDA,Moldova,,Council of Europe,Multilateral,constant,USD million,8.8879
2025,MDA,Moldova,,Council of Europe,Multilateral,constant,USD million,6.3531
2015,MDA,Moldova,,European Bank for Reconstruction and Dev. (EBRD),Multilateral,constant,USD million,13.2118
2016,MDA,Moldova,,European Bank for Reconstruction and Dev. (EBRD),Multilateral,constant,USD million,17.7221
2017,MDA,Moldova,,European Bank for Reconstruction and Dev. (EBRD),Multilateral,constant,USD million,10.9564
2018,MDA,Moldova,,European Bank for Reconstruction and Dev. (EBRD),Multilateral,constant,USD million,18.1849
2019,MDA,Moldova,,European Bank for Reconstruction and Dev. (EBRD),Multilateral,constant,USD million,16.6394
2020,MDA,Moldova,,European Bank for Reconstruction and Dev. (EBRD),Multilateral,constant,USD million,36.2348
2021,MDA,Moldova,,European Bank for Reconstruction and Dev. (EBRD),Multilateral,constant,USD million,31.9062
2022,MDA,Moldova,,European Bank for Reconstruction and Dev. (EBRD),Multilateral,constant,USD million,156.3264
2023,MDA,Moldova,,European Bank for Reconstruction and Dev. (EBRD),Multilateral,constant,USD million,98.0547
2024,MDA,Moldova,,European Bank for Reconstruction and Dev. (EBRD),Multilateral,constant,USD million,59.7805
2025,MDA,Moldova,,European Bank for Reconstruction and Dev. (EBRD),Multilateral,constant,USD million,28.5996
2019,MDA,Moldova,,European Development Fund (EDF),Multilateral,constant,USD million,17.2948
2020,MDA,Moldova,,European Development Fund (EDF),Multilateral,constant,USD million,16.459
2015,MDA,Moldova,,European Investment Bank,Multilateral,constant,USD million,38.8942
2016,MDA,Moldova,,European Investment Bank,Multilateral,constant,USD million,19.6431
2017,MDA,Moldova,,European Investment Bank,Multilateral,constant,USD million,20.1034
2018,MDA,Moldova,,European Investment Bank,Multilateral,constant,USD million,50.1525
2019,MDA,Moldova,,European Investment Bank,Multilateral,constant,USD million,43.3823
2020,MDA,Moldova,,European Investment Bank,Multilateral,constant,USD million,69.9625
2021,MDA,Moldova,,European Investment Bank,Multilateral,constant,USD million,42.5956
2022,MDA,Moldova,,European Investment Bank,Multilateral,constant,USD million,34.7375
2023,MDA,Moldova,,European Investment Bank,Multilateral,constant,USD million,33.4988
2024,MDA,Moldova,,European Investment Bank,Multilateral,constant,USD million,63.804
2025,MDA,Moldova,,European Investment Bank,Multilateral,constant,USD million,43.1839
2022,MDA,Moldova,,European Union,Multilateral,constant,USD million,22.7975
2023,MDA,Moldova,,European Union,Multilateral,constant,USD million,27.6046
2024,MDA,Moldova,,European Union,Multilateral,constant,USD million,11.9957
2025,MDA,Moldova,,European Union,Multilateral,constant,USD million,4.4461
2018,MDA,Moldova,,International Fund for Agricultural Dev.,Multilateral,constant,USD million,1.1665
2019,MDA,Moldova,,International Fund for Agricultural Dev.,Multilateral,constant,USD million,1.3122
2020,MDA,Moldova,,International Fund for Agricultural Dev.,Multilateral,constant,USD million,2.4008
2021,MDA,Moldova,,International Fund for Agricultural Dev.,Multilateral,constant,USD million,2.6379
2022,MDA,Moldova,,International Fund for Agricultural Dev.,Multilateral,constant,USD million,1.3606
2023,MDA,Moldova,,International Fund for Agricultural Dev.,Multilateral,constant,USD million,4.0776
2024,MDA,Moldova,,International Fund for Agricultural Dev.,Multilateral,constant,USD million,4.7248
2025,MDA,Moldova,,International Fund for Agricultural Dev.,Multilateral,constant,USD million,2.8296
2020,MDA,Moldova,,Nordic Environment Finance Corporation (NEFCO),Multilateral,constant,USD million,0.0272
2021,MDA,Moldova,,Nordic Environment Finance Corporation (NEFCO),Multilateral,constant,USD million,0.1342
2022,MDA,Moldova,,Nordic Environment Finance Corporation (NEFCO),Multilateral,constant,USD million,0.1456
2023,MDA,Moldova,,Nordic Environment Finance Corporation (NEFCO),Multilateral,constant,USD million,9.6865
2024,MDA,Moldova,,Nordic Environment Finance Corporation (NEFCO),Multilateral,constant,USD million,17.7842
2025,MDA,Moldova,,Nordic Environment Finance Corporation (NEFCO),Multilateral,constant,USD million,9.9959
2015,MDA,Moldova,,World Bank-IBRD                         ,Multilateral,constant,USD million,10.084
2016,MDA,Moldova,,World Bank-IBRD                         ,Multilateral,constant,USD million,45.5777
2017,MDA,Moldova,,World Bank-IBRD                         ,Multilateral,constant,USD million,16.8514
2018,MDA,Moldova,,World Bank-IBRD                         ,Multilateral,constant,USD million,5.9264
2019,MDA,Moldova,,World Bank-IBRD                         ,Multilateral,constant,USD million,6.8198
2020,MDA,Moldova,,World Bank-IBRD                         ,Multilateral,constant,USD million,4.5961
2021,MDA,Moldova,,World Bank-IBRD                         ,Multilateral,constant,USD million,8.879
2022,MDA,Moldova,,World Bank-IBRD                         ,Multilateral,constant,USD million,25.4965
2023,MDA,Moldova,,World Bank-IBRD                         ,Multilateral,constant,USD million,13.48
2024,MDA,Moldova,,World Bank-IBRD                         ,Multilateral,constant,USD million,11.6316
2025,MDA,Moldova,,World Bank-IBRD                         ,Multilateral,constant,USD million,10.2823
2015,MDA,Moldova,,World Bank-IDA                         ,Multilateral,constant,USD million,35.306
2016,MDA,Moldova,,World Bank-IDA                         ,Multilateral,constant,USD million,47.8552
2017,MDA,Moldova,,World Bank-IDA                         ,Multilateral,constant,USD million,18.2878
2018,MDA,Moldova,,World Bank-IDA                         ,Multilateral,constant,USD million,5.7678
2019,MDA,Moldova,,World Bank-IDA                         ,Multilateral,constant,USD million,11.5095
2020,MDA,Moldova,,World Bank-IDA                         ,Multilateral,constant,USD million,27.9032
2021,MDA,Moldova,,World Bank-IDA                         ,Multilateral,constant,USD million,23.3937
2022,MDA,Moldova,,World Bank-IDA                         ,Multilateral,constant,USD million,20.1568
2023,MDA,Moldova,,World Bank-IDA                         ,Multilateral,constant,USD million,36.5963
2024,MDA,Moldova,,World Bank-IDA                         ,Multilateral,constant,USD million,29.7262
2025,MDA,Moldova,,World Bank-IDA                         ,Multilateral,constant,USD million,25.5842
2015,MNG,Mongolia,,Asian Dev. Bank   ,Multilateral,constant,USD million,106.306
2016,MNG,Mongolia,,Asian Dev. Bank   ,Multilateral,constant,USD million,91.4586
2017,MNG,Mongolia,,Asian Dev. Bank   ,Multilateral,constant,USD million,270.95
2018,MNG,Mongolia,,Asian Dev. Bank   ,Multilateral,constant,USD million,236.722
2019,MNG,Mongolia,,Asian Dev. Bank   ,Multilateral,constant,USD million,250.5679
2020,MNG,Mongolia,,Asian Dev. Bank   ,Multilateral,constant,USD million,293.2592
2021,MNG,Mongolia,,Asian Dev. Bank   ,Multilateral,constant,USD million,188.3541
2022,MNG,Mongolia,,Asian Dev. Bank   ,Multilateral,constant,USD million,211.4063
2023,MNG,Mongolia,,Asian Dev. Bank   ,Multilateral,constant,USD million,154.3511
2024,MNG,Mongolia,,Asian Dev. Bank   ,Multilateral,constant,USD million,132.2907
2025,MNG,Mongolia,,Asian Dev. Bank   ,Multilateral,constant,USD million,88.1815
2020,MNG,Mongolia,,Asian Infrastructure Investment Bank,Multilateral,constant,USD million,101.62
2021,MNG,Mongolia,,Asian Infrastructure Investment Bank,Multilateral,constant,USD million,9.445
2023,MNG,Mongolia,,Asian Infrastructure Investment Bank,Multilateral,constant,USD million,19.7638
2024,MNG,Mongolia,,Asian Infrastructure Investment Bank,Multilateral,constant,USD million,28.8506
2025,MNG,Mongolia,,Asian Infrastructure Investment Bank,Multilateral,constant,USD million,15.4618
2019,MNG,Mongolia,,European Bank for Reconstruction and Dev. (EBRD),Multilateral,constant,USD million,0.0968
2020,MNG,Mongolia,,European Bank for Reconstruction and Dev. (EBRD),Multilateral,constant,USD million,8.0808
2021,MNG,Mongolia,,European Bank for Reconstruction and Dev. (EBRD),Multilateral,constant,USD million,15.5878
2022,MNG,Mongolia,,European Bank for Reconstruction and Dev. (EBRD),Multilateral,constant,USD million,17.2436
2023,MNG,Mongolia,,European Bank for Reconstruction and Dev. (EBRD),Multilateral,constant,USD million,51.8168
2024,MNG,Mongolia,,European Bank for Reconstruction and Dev. (EBRD),Multilateral,constant,USD million,35.2652
2025,MNG,Mongolia,,European Bank for Reconstruction and Dev. (EBRD),Multilateral,constant,USD million,15.4991
2016,MNG,Mongolia,,European Investment Bank,Multilateral,constant,USD million,2.3215
2018,MNG,Mongolia,,European Investment Bank,Multilateral,constant,USD million,16.8533
2020,MNG,Mongolia,,European Investment Bank,Multilateral,constant,USD million,10.0105
2023,MNG,Mongolia,,European Investment Bank,Multilateral,constant,USD million,12.3876
2024,MNG,Mongolia,,European Investment Bank,Multilateral,constant,USD million,6.7288
2025,MNG,Mongolia,,European Investment Bank,Multilateral,constant,USD million,0.6952
2018,MNG,Mongolia,,International Fund for Agricultural Dev.,Multilateral,constant,USD million,1.5601
2019,MNG,Mongolia,,International Fund for Agricultural Dev.,Multilateral,constant,USD million,1.2532
2020,MNG,Mongolia,,International Fund for Agricultural Dev.,Multilateral,constant,USD million,2.9289
2022,MNG,Mongolia,,International Fund for Agricultural Dev.,Multilateral,constant,USD million,1.7043
2023,MNG,Mongolia,,International Fund for Agricultural Dev.,Multilateral,constant,USD million,0.4917
2024,MNG,Mongolia,,International Fund for Agricultural Dev.,Multilateral,constant,USD million,0.3894
2019,MNG,Mongolia,,World Bank-IBRD                         ,Multilateral,constant,USD million,0.0499
2020,MNG,Mongolia,,World Bank-IBRD                         ,Multilateral,constant,USD million,23.0108
2021,MNG,Mongolia,,World Bank-IBRD                         ,Multilateral,constant,USD million,9.4234
2022,MNG,Mongolia,,World Bank-IBRD                         ,Multilateral,constant,USD million,1.3729
2023,MNG,Mongolia,,World Bank-IBRD                         ,Multilateral,constant,USD million,9.0424
2024,MNG,Mongolia,,World Bank-IBRD                         ,Multilateral,constant,USD million,11.7223
2025,MNG,Mongolia,,World Bank-IBRD                         ,Multilateral,constant,USD million,12.1323
2015,MNG,Mongolia,,World Bank-IDA                         ,Multilateral,constant,USD million,10.407
2016,MNG,Mongolia,,World Bank-IDA                         ,Multilateral,constant,USD million,10.2918
2017,MNG,Mongolia,,World Bank-IDA                         ,Multilateral,constant,USD million,151.8631
2018,MNG,Mongolia,,World Bank-IDA                         ,Multilateral,constant,USD million,15.987
2019,MNG,Mongolia,,World Bank-IDA                         ,Multilateral,constant,USD million,25.6025
2020,MNG,Mongolia,,World Bank-IDA                         ,Multilateral,constant,USD million,148.1193
2021,MNG,Mongolia,,World Bank-IDA                         ,Multilateral,constant,USD million,71.9949
2022,MNG,Mongolia,,World Bank-IDA                         ,Multilateral,constant,USD million,41.7157
2023,MNG,Mongolia,,World Bank-IDA                         ,Multilateral,constant,USD million,26.8945
2024,MNG,Mongolia,,World Bank-IDA                         ,Multilateral,constant,USD million,15.9585
2025,MNG,Mongolia,,World Bank-IDA                         ,Multilateral,constant,USD million,11.1924
2016,MNE,Montenegro,,Council of Europe,Multilateral,constant,USD million,5.4361
2017,MNE,Montenegro,,Council of Europe,Multilateral,constant,USD million,3.6472
2018,MNE,Montenegro,,Council of Europe,Multilateral,constant,USD million,0.1477
2019,MNE,Montenegro,,Council of Europe,Multilateral,constant,USD million,9.5098
2021,MNE,Montenegro,,Council of Europe,Multilateral,constant,USD million,27.6945
2022,MNE,Montenegro,,Council of Europe,Multilateral,constant,USD million,8.216
2023,MNE,Montenegro,,Council of Europe,Multilateral,constant,USD million,3.5182
2024,MNE,Montenegro,,Council of Europe,Multilateral,constant,USD million,2.4127
2025,MNE,Montenegro,,Council of Europe,Multilateral,constant,USD million,1.4852
2015,MNE,Montenegro,,European Bank for Reconstruction and Dev. (EBRD),Multilateral,constant,USD million,1.9251
2016,MNE,Montenegro,,European Bank for Reconstruction and Dev. (EBRD),Multilateral,constant,USD million,21.7815
2017,MNE,Montenegro,,European Bank for Reconstruction and Dev. (EBRD),Multilateral,constant,USD million,16.4662
2018,MNE,Montenegro,,European Bank for Reconstruction and Dev. (EBRD),Multilateral,constant,USD million,10.9252
2019,MNE,Montenegro,,European Bank for Reconstruction and Dev. (EBRD),Multilateral,constant,USD million,19.8093
2020,MNE,Montenegro,,European Bank for Reconstruction and Dev. (EBRD),Multilateral,constant,USD million,29.1472
2021,MNE,Montenegro,,European Bank for Reconstruction and Dev. (EBRD),Multilateral,constant,USD million,16.9416
2022,MNE,Montenegro,,European Bank for Reconstruction and Dev. (EBRD),Multilateral,constant,USD million,16.0705
2023,MNE,Montenegro,,European Bank for Reconstruction and Dev. (EBRD),Multilateral,constant,USD million,28.8123
2024,MNE,Montenegro,,European Bank for Reconstruction and Dev. (EBRD),Multilateral,constant,USD million,16.7227
2025,MNE,Montenegro,,European Bank for Reconstruction and Dev. (EBRD),Multilateral,constant,USD million,9.2482
2015,MNE,Montenegro,,European Investment Bank,Multilateral,constant,USD million,12.2997
2016,MNE,Montenegro,,European Investment Bank,Multilateral,constant,USD million,8.8308
2018,MNE,Montenegro,,European Investment Bank,Multilateral,constant,USD million,15.7565
2019,MNE,Montenegro,,European Investment Bank,Multilateral,constant,USD million,7.7237
2020,MNE,Montenegro,,European Investment Bank,Multilateral,constant,USD million,34.2585
2022,MNE,Montenegro,,European Investment Bank,Multilateral,constant,USD million,16.432
2023,MNE,Montenegro,,European Investment Bank,Multilateral,constant,USD million,19.4934
2024,MNE,Montenegro,,European Investment Bank,Multilateral,constant,USD million,22.0765
2025,MNE,Montenegro,,European Investment Bank,Multilateral,constant,USD million,12.1906
2017,MNE,Montenegro,,International Fund for Agricultural Dev.,Multilateral,constant,USD million,0.1526
2018,MNE,Montenegro,,International Fund for Agricultural Dev.,Multilateral,constant,USD million,0.9848
2019,MNE,Montenegro,,International Fund for Agricultural Dev.,Multilateral,constant,USD million,0.7173
2020,MNE,Montenegro,,International Fund for Agricultural Dev.,Multilateral,constant,USD million,0.5446
2021,MNE,Montenegro,,International Fund for Agricultural Dev.,Multilateral,constant,USD million,0.6056
2022,MNE,Montenegro,,International Fund for Agricultural Dev.,Multilateral,constant,USD million,0.4823
2023,MNE,Montenegro,,International Fund for Agricultural Dev.,Multilateral,constant,USD million,0.1345
2015,MNE,Montenegro,,World Bank-IBRD                         ,Multilateral,constant,USD million,8.365
2016,MNE,Montenegro,,World Bank-IBRD                         ,Multilateral,constant,USD million,6.2407
2017,MNE,Montenegro,,World Bank-IBRD                         ,Multilateral,constant,USD million,3.6983
2018,MNE,Montenegro,,World Bank-IBRD                         ,Multilateral,constant,USD million,7.4264
2019,MNE,Montenegro,,World Bank-IBRD                         ,Multilateral,constant,USD million,10.7607
2020,MNE,Montenegro,,World Bank-IBRD                         ,Multilateral,constant,USD million,10.25
2021,MNE,Montenegro,,World Bank-IBRD                         ,Multilateral,constant,USD million,16.9853
2022,MNE,Montenegro,,World Bank-IBRD                         ,Multilateral,constant,USD million,8.3809
2023,MNE,Montenegro,,World Bank-IBRD                         ,Multilateral,constant,USD million,12.4902
2024,MNE,Montenegro,,World Bank-IBRD                         ,Multilateral,constant,USD million,9.1897
2025,MNE,Montenegro,,World Bank-IBRD                         ,Multilateral,constant,USD million,6.3841
2015,MAR,Morocco,,African Dev. Bank         ,Multilateral,constant,USD million,461.5908
2016,MAR,Morocco,,African Dev. Bank         ,Multilateral,constant,USD million,500.5207
2017,MAR,Morocco,,African Dev. Bank         ,Multilateral,constant,USD million,571.7481
2018,MAR,Morocco,,African Dev. Bank         ,Multilateral,constant,USD million,309.2507
2019,MAR,Morocco,,African Dev. Bank         ,Multilateral,constant,USD million,473.9872
2020,MAR,Morocco,,African Dev. Bank         ,Multilateral,constant,USD million,582.8156
2021,MAR,Morocco,,African Dev. Bank         ,Multilateral,constant,USD million,207.4351
2022,MAR,Morocco,,African Dev. Bank         ,Multilateral,constant,USD million,686.759
2023,MAR,Morocco,,African Dev. Bank         ,Multilateral,constant,USD million,268.1846
2024,MAR,Morocco,,African Dev. Bank         ,Multilateral,constant,USD million,214.3724
2025,MAR,Morocco,,African Dev. Bank         ,Multilateral,constant,USD million,160.3406
2015,MAR,Morocco,,Arab Fund for Economic & Social Development,Multilateral,constant,USD million,146.8425
2016,MAR,Morocco,,Arab Fund for Economic & Social Development,Multilateral,constant,USD million,105.5631
2017,MAR,Morocco,,Arab Fund for Economic & Social Development,Multilateral,constant,USD million,107.6904
2018,MAR,Morocco,,Arab Fund for Economic & Social Development,Multilateral,constant,USD million,84.945
2019,MAR,Morocco,,Arab Fund for Economic & Social Development,Multilateral,constant,USD million,110.3826
2020,MAR,Morocco,,Arab Fund for Economic & Social Development,Multilateral,constant,USD million,136.6099
2021,MAR,Morocco,,Arab Fund for Economic & Social Development,Multilateral,constant,USD million,77.4171
2022,MAR,Morocco,,Arab Fund for Economic & Social Development,Multilateral,constant,USD million,80.3542
2023,MAR,Morocco,,Arab Fund for Economic & Social Development,Multilateral,constant,USD million,203.08
2024,MAR,Morocco,,Arab Fund for Economic & Social Development,Multilateral,constant,USD million,208.3106
2025,MAR,Morocco,,Arab Fund for Economic & Social Development,Multilateral,constant,USD million,125.4025
2015,MAR,Morocco,,Arab Monetary Fund,Multilateral,constant,USD million,116.687
2016,MAR,Morocco,,Arab Monetary Fund,Multilateral,constant,USD million,19.5595
2017,MAR,Morocco,,Arab Monetary Fund,Multilateral,constant,USD million,169.2486
2018,MAR,Morocco,,Arab Monetary Fund,Multilateral,constant,USD million,124.3484
2019,MAR,Morocco,,Arab Monetary Fund,Multilateral,constant,USD million,163.5003
2020,MAR,Morocco,,Arab Monetary Fund,Multilateral,constant,USD million,325.1084
2022,MAR,Morocco,,Arab Monetary Fund,Multilateral,constant,USD million,193.6212
2015,MAR,Morocco,,European Bank for Reconstruction and Dev. (EBRD),Multilateral,constant,USD million,29.1565
2016,MAR,Morocco,,European Bank for Reconstruction and Dev. (EBRD),Multilateral,constant,USD million,11.9041
2017,MAR,Morocco,,European Bank for Reconstruction and Dev. (EBRD),Multilateral,constant,USD million,38.7076
2018,MAR,Morocco,,European Bank for Reconstruction and Dev. (EBRD),Multilateral,constant,USD million,30.1689
2019,MAR,Morocco,,European Bank for Reconstruction and Dev. (EBRD),Multilateral,constant,USD million,42.8201
2020,MAR,Morocco,,European Bank for Reconstruction and Dev. (EBRD),Multilateral,constant,USD million,297.4315
2021,MAR,Morocco,,European Bank for Reconstruction and Dev. (EBRD),Multilateral,constant,USD million,133.0665
2022,MAR,Morocco,,European Bank for Reconstruction and Dev. (EBRD),Multilateral,constant,USD million,116.2081
2023,MAR,Morocco,,European Bank for Reconstruction and Dev. (EBRD),Multilateral,constant,USD million,89.9545
2024,MAR,Morocco,,European Bank for Reconstruction and Dev. (EBRD),Multilateral,constant,USD million,46.3862
2025,MAR,Morocco,,European Bank for Reconstruction and Dev. (EBRD),Multilateral,constant,USD million,15.7542
2015,MAR,Morocco,,European Investment Bank,Multilateral,constant,USD million,103.918
2016,MAR,Morocco,,European Investment Bank,Multilateral,constant,USD million,423.9086
2017,MAR,Morocco,,European Investment Bank,Multilateral,constant,USD million,386.0423
2018,MAR,Morocco,,European Investment Bank,Multilateral,constant,USD million,98.4832
2019,MAR,Morocco,,European Investment Bank,Multilateral,constant,USD million,194.1454
2020,MAR,Morocco,,European Investment Bank,Multilateral,constant,USD million,303.4071
2021,MAR,Morocco,,European Investment Bank,Multilateral,constant,USD million,194.3707
2022,MAR,Morocco,,European Investment Bank,Multilateral,constant,USD million,407.8698
2023,MAR,Morocco,,European Investment Bank,Multilateral,constant,USD million,430.0207
2024,MAR,Morocco,,European Investment Bank,Multilateral,constant,USD million,386.0406
2025,MAR,Morocco,,European Investment Bank,Multilateral,constant,USD million,214.8438
2015,MAR,Morocco,,International Fund for Agricultural Dev.,Multilateral,constant,USD million,5.3922
2016,MAR,Morocco,,International Fund for Agricultural Dev.,Multilateral,constant,USD million,3.8676
2017,MAR,Morocco,,International Fund for Agricultural Dev.,Multilateral,constant,USD million,7.9034
2018,MAR,Morocco,,International Fund for Agricultural Dev.,Multilateral,constant,USD million,2.8665
2019,MAR,Morocco,,International Fund for Agricultural Dev.,Multilateral,constant,USD million,1.9998
2020,MAR,Morocco,,International Fund for Agricultural Dev.,Multilateral,constant,USD million,1.4875
2023,MAR,Morocco,,International Fund for Agricultural Dev.,Multilateral,constant,USD million,16.9624
2024,MAR,Morocco,,International Fund for Agricultural Dev.,Multilateral,constant,USD million,11.4027
2025,MAR,Morocco,,International Fund for Agricultural Dev.,Multilateral,constant,USD million,7.4725
2015,MAR,Morocco,,Islamic Dev. Bank,Multilateral,constant,USD million,15.6305
2016,MAR,Morocco,,Islamic Dev. Bank,Multilateral,constant,USD million,66.8783
2017,MAR,Morocco,,Islamic Dev. Bank,Multilateral,constant,USD million,46.9898
2018,MAR,Morocco,,Islamic Dev. Bank,Multilateral,constant,USD million,63.7079
2019,MAR,Morocco,,Islamic Dev. Bank,Multilateral,constant,USD million,38.974
2020,MAR,Morocco,,Islamic Dev. Bank,Multilateral,constant,USD million,35.9335
2021,MAR,Morocco,,Islamic Dev. Bank,Multilateral,constant,USD million,24.7628
2022,MAR,Morocco,,Islamic Dev. Bank,Multilateral,constant,USD million,16.2852
2023,MAR,Morocco,,Islamic Dev. Bank,Multilateral,constant,USD million,164.7243
2024,MAR,Morocco,,Islamic Dev. Bank,Multilateral,constant,USD million,136.53
2025,MAR,Morocco,,Islamic Dev. Bank,Multilateral,constant,USD million,81.0847
2015,MAR,Morocco,,OPEC Fund for International Dev.,Multilateral,constant,USD million,85.046
2016,MAR,Morocco,,OPEC Fund for International Dev.,Multilateral,constant,USD million,15.6487
2017,MAR,Morocco,,OPEC Fund for International Dev.,Multilateral,constant,USD million,20.5623
2018,MAR,Morocco,,OPEC Fund for International Dev.,Multilateral,constant,USD million,25.7483
2019,MAR,Morocco,,OPEC Fund for International Dev.,Multilateral,constant,USD million,13.5028
2020,MAR,Morocco,,OPEC Fund for International Dev.,Multilateral,constant,USD million,5.829
2021,MAR,Morocco,,OPEC Fund for International Dev.,Multilateral,constant,USD million,11.2736
2022,MAR,Morocco,,OPEC Fund for International Dev.,Multilateral,constant,USD million,0.409
2023,MAR,Morocco,,OPEC Fund for International Dev.,Multilateral,constant,USD million,7.9321
2024,MAR,Morocco,,OPEC Fund for International Dev.,Multilateral,constant,USD million,6.8385
2015,MAR,Morocco,,World Bank-IBRD                         ,Multilateral,constant,USD million,690.567
2016,MAR,Morocco,,World Bank-IBRD                         ,Multilateral,constant,USD million,690.2158
2017,MAR,Morocco,,World Bank-IBRD                         ,Multilateral,constant,USD million,681.6729
2018,MAR,Morocco,,World Bank-IBRD                         ,Multilateral,constant,USD million,319.6315
2019,MAR,Morocco,,World Bank-IBRD                         ,Multilateral,constant,USD million,1094.3167
2020,MAR,Morocco,,World Bank-IBRD                         ,Multilateral,constant,USD million,1122.1246
2021,MAR,Morocco,,World Bank-IBRD                         ,Multilateral,constant,USD million,886.0434
2022,MAR,Morocco,,World Bank-IBRD                         ,Multilateral,constant,USD million,1164.9871
2023,MAR,Morocco,,World Bank-IBRD                         ,Multilateral,constant,USD million,642.1428
2024,MAR,Morocco,,World Bank-IBRD                         ,Multilateral,constant,USD million,532.0952
2025,MAR,Morocco,,World Bank-IBRD                         ,Multilateral,constant,USD million,343.8941
2023,MOZ,Mozambique,,African Dev. Bank         ,Multilateral,constant,USD million,30.0847
2024,MOZ,Mozambique,,African Dev. Bank         ,Multilateral,constant,USD million,16.4652
2025,MOZ,Mozambique,,African Dev. Bank         ,Multilateral,constant,USD million,8.0716
2015,MOZ,Mozambique,,Arab Bank for Economic Dev. in Africa (BADEA),Multilateral,constant,USD million,0.48
2016,MOZ,Mozambique,,Arab Bank for Economic Dev. in Africa (BADEA),Multilateral,constant,USD million,0.7593
2018,MOZ,Mozambique,,Arab Bank for Economic Dev. in Africa (BADEA),Multilateral,constant,USD million,0.5761
2020,MOZ,Mozambique,,Arab Bank for Economic Dev. in Africa (BADEA),Multilateral,constant,USD million,0.1267
2021,MOZ,Mozambique,,Arab Bank for Economic Dev. in Africa (BADEA),Multilateral,constant,USD million,0.1257
2022,MOZ,Mozambique,,Arab Bank for Economic Dev. in Africa (BADEA),Multilateral,constant,USD million,0.0062
2023,MOZ,Mozambique,,Arab Bank for Economic Dev. in Africa (BADEA),Multilateral,constant,USD million,14.6864
2024,MOZ,Mozambique,,Arab Bank for Economic Dev. in Africa (BADEA),Multilateral,constant,USD million,14.1218
2025,MOZ,Mozambique,,Arab Bank for Economic Dev. in Africa (BADEA),Multilateral,constant,USD million,7.6982
2015,MOZ,Mozambique,,European Investment Bank,Multilateral,constant,USD million,2.6641
2016,MOZ,Mozambique,,European Investment Bank,Multilateral,constant,USD million,4.9797
2018,MOZ,Mozambique,,European Investment Bank,Multilateral,constant,USD million,28.3574
2019,MOZ,Mozambique,,European Investment Bank,Multilateral,constant,USD million,21.4105
2020,MOZ,Mozambique,,European Investment Bank,Multilateral,constant,USD million,18.8755
2023,MOZ,Mozambique,,European Investment Bank,Multilateral,constant,USD million,8.2873
2024,MOZ,Mozambique,,European Investment Bank,Multilateral,constant,USD million,34.8187
2025,MOZ,Mozambique,,European Investment Bank,Multilateral,constant,USD million,23.2936
2023,MOZ,Mozambique,,International Fund for Agricultural Dev.,Multilateral,constant,USD million,8.3197
2024,MOZ,Mozambique,,International Fund for Agricultural Dev.,Multilateral,constant,USD million,10.9557
2025,MOZ,Mozambique,,International Fund for Agricultural Dev.,Multilateral,constant,USD million,7.4708
2015,MOZ,Mozambique,,Islamic Dev. Bank,Multilateral,constant,USD million,2.7982
2016,MOZ,Mozambique,,Islamic Dev. Bank,Multilateral,constant,USD million,3.9326
2017,MOZ,Mozambique,,Islamic Dev. Bank,Multilateral,constant,USD million,2.1214
2019,MOZ,Mozambique,,Islamic Dev. Bank,Multilateral,constant,USD million,1.2385
2020,MOZ,Mozambique,,Islamic Dev. Bank,Multilateral,constant,USD million,1.0251
2021,MOZ,Mozambique,,Islamic Dev. Bank,Multilateral,constant,USD million,2.0722
2023,MOZ,Mozambique,,Islamic Dev. Bank,Multilateral,constant,USD million,42.4671
2024,MOZ,Mozambique,,Islamic Dev. Bank,Multilateral,constant,USD million,29.378
2025,MOZ,Mozambique,,Islamic Dev. Bank,Multilateral,constant,USD million,17.3768
2015,MOZ,Mozambique,,OPEC Fund for International Dev.,Multilateral,constant,USD million,4.079
2016,MOZ,Mozambique,,OPEC Fund for International Dev.,Multilateral,constant,USD million,1.4792
2017,MOZ,Mozambique,,OPEC Fund for International Dev.,Multilateral,constant,USD million,2.2231
2018,MOZ,Mozambique,,OPEC Fund for International Dev.,Multilateral,constant,USD million,3.6982
2019,MOZ,Mozambique,,OPEC Fund for International Dev.,Multilateral,constant,USD million,3.5031
2020,MOZ,Mozambique,,OPEC Fund for International Dev.,Multilateral,constant,USD million,0.041
2021,MOZ,Mozambique,,OPEC Fund for International Dev.,Multilateral,constant,USD million,11.2369
2022,MOZ,Mozambique,,OPEC Fund for International Dev.,Multilateral,constant,USD million,8.6141
2023,MOZ,Mozambique,,OPEC Fund for International Dev.,Multilateral,constant,USD million,21.322
2024,MOZ,Mozambique,,OPEC Fund for International Dev.,Multilateral,constant,USD million,13.5468
2025,MOZ,Mozambique,,OPEC Fund for International Dev.,Multilateral,constant,USD million,6.6117
2023,MOZ,Mozambique,,World Bank-IDA                         ,Multilateral,constant,USD million,48.7731
2024,MOZ,Mozambique,,World Bank-IDA                         ,Multilateral,constant,USD million,48.4877
2025,MOZ,Mozambique,,World Bank-IDA                         ,Multilateral,constant,USD million,48.7236
2016,MMR,Myanmar,,Asian Dev. Bank   ,Multilateral,constant,USD million,0.9386
2017,MMR,Myanmar,,Asian Dev. Bank   ,Multilateral,constant,USD million,0.5432
2018,MMR,Myanmar,,Asian Dev. Bank   ,Multilateral,constant,USD million,1.1641
2019,MMR,Myanmar,,Asian Dev. Bank   ,Multilateral,constant,USD million,2.1138
2020,MMR,Myanmar,,Asian Dev. Bank   ,Multilateral,constant,USD million,4.3893
2021,MMR,Myanmar,,Asian Dev. Bank   ,Multilateral,constant,USD million,0.6067
2022,MMR,Myanmar,,Asian Dev. Bank   ,Multilateral,constant,USD million,0.0738
2023,MMR,Myanmar,,Asian Dev. Bank   ,Multilateral,constant,USD million,337.0723
2024,MMR,Myanmar,,Asian Dev. Bank   ,Multilateral,constant,USD million,608.8873
2025,MMR,Myanmar,,Asian Dev. Bank   ,Multilateral,constant,USD million,450.3581
2018,MMR,Myanmar,,Asian Infrastructure Investment Bank,Multilateral,constant,USD million,2.5487
2019,MMR,Myanmar,,Asian Infrastructure Investment Bank,Multilateral,constant,USD million,2.2139
2020,MMR,Myanmar,,Asian Infrastructure Investment Bank,Multilateral,constant,USD million,4.3893
2021,MMR,Myanmar,,Asian Infrastructure Investment Bank,Multilateral,constant,USD million,0.6067
2023,MMR,Myanmar,,Asian Infrastructure Investment Bank,Multilateral,constant,USD million,6.6622
2024,MMR,Myanmar,,Asian Infrastructure Investment Bank,Multilateral,constant,USD million,3.0498
2025,MMR,Myanmar,,Asian Infrastructure Investment Bank,Multilateral,constant,USD million,1.0887
2023,MMR,Myanmar,,International Fund for Agricultural Dev.,Multilateral,constant,USD million,20.6504
2024,MMR,Myanmar,,International Fund for Agricultural Dev.,Multilateral,constant,USD million,14.9242
2025,MMR,Myanmar,,International Fund for Agricultural Dev.,Multilateral,constant,USD million,10.484
2019,MMR,Myanmar,,OPEC Fund for International Dev.,Multilateral,constant,USD million,2.6808
2020,MMR,Myanmar,,OPEC Fund for International Dev.,Multilateral,constant,USD million,1.5287
2021,MMR,Myanmar,,OPEC Fund for International Dev.,Multilateral,constant,USD million,2.3458
2023,MMR,Myanmar,,OPEC Fund for International Dev.,Multilateral,constant,USD million,1.7833
2024,MMR,Myanmar,,OPEC Fund for International Dev.,Multilateral,constant,USD million,1.0329
2025,MMR,Myanmar,,OPEC Fund for International Dev.,Multilateral,constant,USD million,0.5162
2020,MMR,Myanmar,,World Bank-IDA                         ,Multilateral,constant,USD million,36.5027
2021,MMR,Myanmar,,World Bank-IDA                         ,Multilateral,constant,USD million,0.7806
2023,MMR,Myanmar,,World Bank-IDA                         ,Multilateral,constant,USD million,326.6183
2024,MMR,Myanmar,,World Bank-IDA                         ,Multilateral,constant,USD million,282.761
2025,MMR,Myanmar,,World Bank-IDA                         ,Multilateral,constant,USD million,223.0369
2023,NPL,Nepal,,Asian Dev. Bank   ,Multilateral,constant,USD million,475.1985
2024,NPL,Nepal,,Asian Dev. Bank   ,Multilateral,constant,USD million,379.3679
2025,NPL,Nepal,,Asian Dev. Bank   ,Multilateral,constant,USD million,250.4085
2021,NPL,Nepal,,Asian Infrastructure Investment Bank,Multilateral,constant,USD million,0.2384
2023,NPL,Nepal,,Asian Infrastructure Investment Bank,Multilateral,constant,USD million,18.4765
2024,NPL,Nepal,,Asian Infrastructure Investment Bank,Multilateral,constant,USD million,34.8037
2025,NPL,Nepal,,Asian Infrastructure Investment Bank,Multilateral,constant,USD million,19.6592
2016,NPL,Nepal,,European Investment Bank,Multilateral,constant,USD million,0.9528
2017,NPL,Nepal,,European Investment Bank,Multilateral,constant,USD million,8.3241
2018,NPL,Nepal,,European Investment Bank,Multilateral,constant,USD million,3.7247
2019,NPL,Nepal,,European Investment Bank,Multilateral,constant,USD million,19.395
2020,NPL,Nepal,,European Investment Bank,Multilateral,constant,USD million,2.0555
2021,NPL,Nepal,,European Investment Bank,Multilateral,constant,USD million,1.9511
2022,NPL,Nepal,,European Investment Bank,Multilateral,constant,USD million,2.6989
2023,NPL,Nepal,,European Investment Bank,Multilateral,constant,USD million,32.8709
2024,NPL,Nepal,,European Investment Bank,Multilateral,constant,USD million,22.171
2025,NPL,Nepal,,European Investment Bank,Multilateral,constant,USD million,13.0181
2023,NPL,Nepal,,International Fund for Agricultural Dev.,Multilateral,constant,USD million,39.7792
2024,NPL,Nepal,,International Fund for Agricultural Dev.,Multilateral,constant,USD million,27.8538
2025,NPL,Nepal,,International Fund for Agricultural Dev.,Multilateral,constant,USD million,19.1563
2015,NPL,Nepal,,OPEC Fund for International Dev.,Multilateral,constant,USD million,7.018
2016,NPL,Nepal,,OPEC Fund for International Dev.,Multilateral,constant,USD million,6.7641
2017,NPL,Nepal,,OPEC Fund for International Dev.,Multilateral,constant,USD million,5.3166
2018,NPL,Nepal,,OPEC Fund for International Dev.,Multilateral,constant,USD million,8.6349
2019,NPL,Nepal,,OPEC Fund for International Dev.,Multilateral,constant,USD million,12.6536
2020,NPL,Nepal,,OPEC Fund for International Dev.,Multilateral,constant,USD million,7.1649
2021,NPL,Nepal,,OPEC Fund for International Dev.,Multilateral,constant,USD million,7.3829
2022,NPL,Nepal,,OPEC Fund for International Dev.,Multilateral,constant,USD million,5.6927
2023,NPL,Nepal,,OPEC Fund for International Dev.,Multilateral,constant,USD million,43.2964
2024,NPL,Nepal,,OPEC Fund for International Dev.,Multilateral,constant,USD million,19.5569
2025,NPL,Nepal,,OPEC Fund for International Dev.,Multilateral,constant,USD million,8.3617
2023,NPL,Nepal,,World Bank-IDA                         ,Multilateral,constant,USD million,302.7796
2024,NPL,Nepal,,World Bank-IDA                         ,Multilateral,constant,USD million,256.4157
2025,NPL,Nepal,,World Bank-IDA                         ,Multilateral,constant,USD million,211.012
2022,NIC,Nicaragua,,Central American Bank for Econ. Integ. (CABEI),Multilateral,constant,USD million,42.2953
2023,NIC,Nicaragua,,Central American Bank for Econ. Integ. (CABEI),Multilateral,constant,USD million,131.2541
2024,NIC,Nicaragua,,Central American Bank for Econ. Integ. (CABEI),Multilateral,constant,USD million,159.8671
2025,NIC,Nicaragua,,Central American Bank for Econ. Integ. (CABEI),Multilateral,constant,USD million,86.7117
2015,NIC,Nicaragua,,Central American Bank for Econ. Integration (BCIE),Multilateral,constant,USD million,113.741
2016,NIC,Nicaragua,,Central American Bank for Econ. Integration (BCIE),Multilateral,constant,USD million,131.8187
2017,NIC,Nicaragua,,Central American Bank for Econ. Integration (BCIE),Multilateral,constant,USD million,142.5317
2018,NIC,Nicaragua,,Central American Bank for Econ. Integration (BCIE),Multilateral,constant,USD million,329.7922
2019,NIC,Nicaragua,,Central American Bank for Econ. Integration (BCIE),Multilateral,constant,USD million,202.3015
2020,NIC,Nicaragua,,Central American Bank for Econ. Integration (BCIE),Multilateral,constant,USD million,326.2811
2021,NIC,Nicaragua,,Central American Bank for Econ. Integration (BCIE),Multilateral,constant,USD million,414.6022
2022,NIC,Nicaragua,,Central American Bank for Econ. Integration (BCIE),Multilateral,constant,USD million,387.9027
2023,NIC,Nicaragua,,Central American Bank for Econ. Integration (BCIE),Multilateral,constant,USD million,705.1194
2024,NIC,Nicaragua,,Central American Bank for Econ. Integration (BCIE),Multilateral,constant,USD million,467.7107
2025,NIC,Nicaragua,,Central American Bank for Econ. Integration (BCIE),Multilateral,constant,USD million,212.7331
2015,NIC,Nicaragua,,European Investment Bank,Multilateral,constant,USD million,3.0
2016,NIC,Nicaragua,,European Investment Bank,Multilateral,constant,USD million,14.0559
2017,NIC,Nicaragua,,European Investment Bank,Multilateral,constant,USD million,12.1487
2018,NIC,Nicaragua,,European Investment Bank,Multilateral,constant,USD million,30.1622
2019,NIC,Nicaragua,,European Investment Bank,Multilateral,constant,USD million,23.1256
2020,NIC,Nicaragua,,European Investment Bank,Multilateral,constant,USD million,34.8325
2021,NIC,Nicaragua,,European Investment Bank,Multilateral,constant,USD million,12.5225
2022,NIC,Nicaragua,,European Investment Bank,Multilateral,constant,USD million,18.8947
2023,NIC,Nicaragua,,European Investment Bank,Multilateral,constant,USD million,54.3988
2024,NIC,Nicaragua,,European Investment Bank,Multilateral,constant,USD million,80.1851
2025,NIC,Nicaragua,,European Investment Bank,Multilateral,constant,USD million,55.1507
2015,NIC,Nicaragua,,Inter-American Dev. Bank      ,Multilateral,constant,USD million,109.439
2016,NIC,Nicaragua,,Inter-American Dev. Bank      ,Multilateral,constant,USD million,78.5185
2017,NIC,Nicaragua,,Inter-American Dev. Bank      ,Multilateral,constant,USD million,293.0654
2018,NIC,Nicaragua,,Inter-American Dev. Bank      ,Multilateral,constant,USD million,111.961
2019,NIC,Nicaragua,,Inter-American Dev. Bank      ,Multilateral,constant,USD million,135.3827
2020,NIC,Nicaragua,,Inter-American Dev. Bank      ,Multilateral,constant,USD million,152.3467
2021,NIC,Nicaragua,,Inter-American Dev. Bank      ,Multilateral,constant,USD million,196.3909
2022,NIC,Nicaragua,,Inter-American Dev. Bank      ,Multilateral,constant,USD million,73.9116
2023,NIC,Nicaragua,,Inter-American Dev. Bank      ,Multilateral,constant,USD million,52.261
2024,NIC,Nicaragua,,Inter-American Dev. Bank      ,Multilateral,constant,USD million,20.2489
2025,NIC,Nicaragua,,Inter-American Dev. Bank      ,Multilateral,constant,USD million,7.0348
2023,NIC,Nicaragua,,International Fund for Agricultural Dev.,Multilateral,constant,USD million,1.0673
2024,NIC,Nicaragua,,International Fund for Agricultural Dev.,Multilateral,constant,USD million,0.583
2025,NIC,Nicaragua,,International Fund for Agricultural Dev.,Multilateral,constant,USD million,0.2803
2015,NIC,Nicaragua,,OPEC Fund for International Dev.,Multilateral,constant,USD million,6.885
2016,NIC,Nicaragua,,OPEC Fund for International Dev.,Multilateral,constant,USD million,11.0319
2017,NIC,Nicaragua,,OPEC Fund for International Dev.,Multilateral,constant,USD million,14.6372
2018,NIC,Nicaragua,,OPEC Fund for International Dev.,Multilateral,constant,USD million,4.1451
2019,NIC,Nicaragua,,OPEC Fund for International Dev.,Multilateral,constant,USD million,11.264
2020,NIC,Nicaragua,,OPEC Fund for International Dev.,Multilateral,constant,USD million,21.3321
2021,NIC,Nicaragua,,OPEC Fund for International Dev.,Multilateral,constant,USD million,19.2138
2022,NIC,Nicaragua,,OPEC Fund for International Dev.,Multilateral,constant,USD million,12.8315
2023,NIC,Nicaragua,,OPEC Fund for International Dev.,Multilateral,constant,USD million,17.5919
2024,NIC,Nicaragua,,OPEC Fund for International Dev.,Multilateral,constant,USD million,13.1692
2025,NIC,Nicaragua,,OPEC Fund for International Dev.,Multilateral,constant,USD million,6.1774
2017,NIC,Nicaragua,,World Bank-IDA                         ,Multilateral,constant,USD million,23.1453
2018,NIC,Nicaragua,,World Bank-IDA                         ,Multilateral,constant,USD million,39.6237
2019,NIC,Nicaragua,,World Bank-IDA                         ,Multilateral,constant,USD million,70.5275
2020,NIC,Nicaragua,,World Bank-IDA                         ,Multilateral,constant,USD million,65.3739
2021,NIC,Nicaragua,,World Bank-IDA                         ,Multilateral,constant,USD million,128.4961
2022,NIC,Nicaragua,,World Bank-IDA                         ,Multilateral,constant,USD million,53.1154
2023,NIC,Nicaragua,,World Bank-IDA                         ,Multilateral,constant,USD million,52.9007
2024,NIC,Nicaragua,,World Bank-IDA                         ,Multilateral,constant,USD million,43.4547
2025,NIC,Nicaragua,,World Bank-IDA                         ,Multilateral,constant,USD million,26.5299
2023,NER,Niger,,African Dev. Bank         ,Multilateral,constant,USD million,45.5989
2024,NER,Niger,,African Dev. Bank         ,Multilateral,constant,USD million,45.8726
2025,NER,Niger,,African Dev. Bank         ,Multilateral,constant,USD million,35.3481
2015,NER,Niger,,Arab Bank for Economic Dev. in Africa (BADEA),Multilateral,constant,USD million,0.266
2016,NER,Niger,,Arab Bank for Economic Dev. in Africa (BADEA),Multilateral,constant,USD million,0.0782
2022,NER,Niger,,Arab Bank for Economic Dev. in Africa (BADEA),Multilateral,constant,USD million,0.025
2023,NER,Niger,,Arab Bank for Economic Dev. in Africa (BADEA),Multilateral,constant,USD million,15.3919
2024,NER,Niger,,Arab Bank for Economic Dev. in Africa (BADEA),Multilateral,constant,USD million,13.6988
2025,NER,Niger,,Arab Bank for Economic Dev. in Africa (BADEA),Multilateral,constant,USD million,9.1646
2015,NER,Niger,,Economic Community of West African States (ECOWAS),Multilateral,constant,USD million,6.3814
2016,NER,Niger,,Economic Community of West African States (ECOWAS),Multilateral,constant,USD million,2.6625
2017,NER,Niger,,Economic Community of West African States (ECOWAS),Multilateral,constant,USD million,1.8083
2020,NER,Niger,,Economic Community of West African States (ECOWAS),Multilateral,constant,USD million,2.7191
2021,NER,Niger,,Economic Community of West African States (ECOWAS),Multilateral,constant,USD million,0.8932
2022,NER,Niger,,Economic Community of West African States (ECOWAS),Multilateral,constant,USD million,0.1825
2023,NER,Niger,,Economic Community of West African States (ECOWAS),Multilateral,constant,USD million,24.1245
2024,NER,Niger,,Economic Community of West African States (ECOWAS),Multilateral,constant,USD million,42.5606
2025,NER,Niger,,Economic Community of West African States (ECOWAS),Multilateral,constant,USD million,24.3638
2017,NER,Niger,,European Investment Bank,Multilateral,constant,USD million,3.2592
2020,NER,Niger,,European Investment Bank,Multilateral,constant,USD million,18.2165
2021,NER,Niger,,European Investment Bank,Multilateral,constant,USD million,6.098
2022,NER,Niger,,European Investment Bank,Multilateral,constant,USD million,5.8629
2023,NER,Niger,,European Investment Bank,Multilateral,constant,USD million,10.1154
2024,NER,Niger,,European Investment Bank,Multilateral,constant,USD million,57.1895
2025,NER,Niger,,European Investment Bank,Multilateral,constant,USD million,41.1844
2023,NER,Niger,,International Fund for Agricultural Dev.,Multilateral,constant,USD million,23.0015
2024,NER,Niger,,International Fund for Agricultural Dev.,Multilateral,constant,USD million,16.9682
2025,NER,Niger,,International Fund for Agricultural Dev.,Multilateral,constant,USD million,11.2916
2015,NER,Niger,,Islamic Dev. Bank,Multilateral,constant,USD million,22.3742
2016,NER,Niger,,Islamic Dev. Bank,Multilateral,constant,USD million,7.5023
2017,NER,Niger,,Islamic Dev. Bank,Multilateral,constant,USD million,2.0446
2018,NER,Niger,,Islamic Dev. Bank,Multilateral,constant,USD million,0.0102
2019,NER,Niger,,Islamic Dev. Bank,Multilateral,constant,USD million,4.7825
2020,NER,Niger,,Islamic Dev. Bank,Multilateral,constant,USD million,6.0884
2021,NER,Niger,,Islamic Dev. Bank,Multilateral,constant,USD million,66.1756
2022,NER,Niger,,Islamic Dev. Bank,Multilateral,constant,USD million,35.1827
2023,NER,Niger,,Islamic Dev. Bank,Multilateral,constant,USD million,98.9533
2024,NER,Niger,,Islamic Dev. Bank,Multilateral,constant,USD million,67.2786
2025,NER,Niger,,Islamic Dev. Bank,Multilateral,constant,USD million,36.6532
2015,NER,Niger,,OPEC Fund for International Dev.,Multilateral,constant,USD million,1.145
2016,NER,Niger,,OPEC Fund for International Dev.,Multilateral,constant,USD million,0.8499
2017,NER,Niger,,OPEC Fund for International Dev.,Multilateral,constant,USD million,1.7608
2018,NER,Niger,,OPEC Fund for International Dev.,Multilateral,constant,USD million,4.1357
2019,NER,Niger,,OPEC Fund for International Dev.,Multilateral,constant,USD million,18.9032
2020,NER,Niger,,OPEC Fund for International Dev.,Multilateral,constant,USD million,7.9233
2021,NER,Niger,,OPEC Fund for International Dev.,Multilateral,constant,USD million,1.6998
2022,NER,Niger,,OPEC Fund for International Dev.,Multilateral,constant,USD million,2.8504
2023,NER,Niger,,OPEC Fund for International Dev.,Multilateral,constant,USD million,11.4684
2024,NER,Niger,,OPEC Fund for International Dev.,Multilateral,constant,USD million,6.6168
2025,NER,Niger,,OPEC Fund for International Dev.,Multilateral,constant,USD million,3.6581
2015,NER,Niger,,West African Development Bank - BOAD,Multilateral,constant,USD million,169.8017
2016,NER,Niger,,West African Development Bank - BOAD,Multilateral,constant,USD million,40.0935
2017,NER,Niger,,West African Development Bank - BOAD,Multilateral,constant,USD million,58.7695
2018,NER,Niger,,West African Development Bank - BOAD,Multilateral,constant,USD million,30.2071
2019,NER,Niger,,West African Development Bank - BOAD,Multilateral,constant,USD million,31.2661
2020,NER,Niger,,West African Development Bank - BOAD,Multilateral,constant,USD million,123.913
2021,NER,Niger,,West African Development Bank - BOAD,Multilateral,constant,USD million,45.4727
2022,NER,Niger,,West African Development Bank - BOAD,Multilateral,constant,USD million,49.6978
2023,NER,Niger,,West African Development Bank - BOAD,Multilateral,constant,USD million,55.3649
2024,NER,Niger,,West African Development Bank - BOAD,Multilateral,constant,USD million,52.361
2025,NER,Niger,,West African Development Bank - BOAD,Multilateral,constant,USD million,30.1162
2022,NER,Niger,,World Bank-IDA                         ,Multilateral,constant,USD million,248.6752
2023,NER,Niger,,World Bank-IDA                         ,Multilateral,constant,USD million,278.656
2024,NER,Niger,,World Bank-IDA                         ,Multilateral,constant,USD million,273.7607
2025,NER,Niger,,World Bank-IDA                         ,Multilateral,constant,USD million,262.3193
2015,NGA,Nigeria,,African Dev. Bank         ,Multilateral,constant,USD million,250.7693
2016,NGA,Nigeria,,African Dev. Bank         ,Multilateral,constant,USD million,2.2434
2017,NGA,Nigeria,,African Dev. Bank         ,Multilateral,constant,USD million,1045.6839
2018,NGA,Nigeria,,African Dev. Bank         ,Multilateral,constant,USD million,156.4139
2019,NGA,Nigeria,,African Dev. Bank         ,Multilateral,constant,USD million,147.7608
2020,NGA,Nigeria,,African Dev. Bank         ,Multilateral,constant,USD million,347.5962
2021,NGA,Nigeria,,African Dev. Bank         ,Multilateral,constant,USD million,61.6396
2022,NGA,Nigeria,,African Dev. Bank         ,Multilateral,constant,USD million,111.0867
2023,NGA,Nigeria,,African Dev. Bank         ,Multilateral,constant,USD million,278.0891
2024,NGA,Nigeria,,African Dev. Bank         ,Multilateral,constant,USD million,702.0676
2025,NGA,Nigeria,,African Dev. Bank         ,Multilateral,constant,USD million,661.7434
2023,NGA,Nigeria,,Arab Bank for Economic Dev. in Africa (BADEA),Multilateral,constant,USD million,1.2807
2024,NGA,Nigeria,,Arab Bank for Economic Dev. in Africa (BADEA),Multilateral,constant,USD million,1.6799
2025,NGA,Nigeria,,Arab Bank for Economic Dev. in Africa (BADEA),Multilateral,constant,USD million,1.0145
2015,NGA,Nigeria,,International Fund for Agricultural Dev.,Multilateral,constant,USD million,9.4273
2016,NGA,Nigeria,,International Fund for Agricultural Dev.,Multilateral,constant,USD million,21.4725
2017,NGA,Nigeria,,International Fund for Agricultural Dev.,Multilateral,constant,USD million,32.469
2018,NGA,Nigeria,,International Fund for Agricultural Dev.,Multilateral,constant,USD million,24.5684
2019,NGA,Nigeria,,International Fund for Agricultural Dev.,Multilateral,constant,USD million,15.3146
2020,NGA,Nigeria,,International Fund for Agricultural Dev.,Multilateral,constant,USD million,18.3
2021,NGA,Nigeria,,International Fund for Agricultural Dev.,Multilateral,constant,USD million,24.6604
2022,NGA,Nigeria,,International Fund for Agricultural Dev.,Multilateral,constant,USD million,34.7419
2023,NGA,Nigeria,,International Fund for Agricultural Dev.,Multilateral,constant,USD million,109.3665
2024,NGA,Nigeria,,International Fund for Agricultural Dev.,Multilateral,constant,USD million,107.544
2025,NGA,Nigeria,,International Fund for Agricultural Dev.,Multilateral,constant,USD million,49.0309
2018,NGA,Nigeria,,Islamic Dev. Bank,Multilateral,constant,USD million,0.1103
2019,NGA,Nigeria,,Islamic Dev. Bank,Multilateral,constant,USD million,0.5747
2020,NGA,Nigeria,,Islamic Dev. Bank,Multilateral,constant,USD million,1.1918
2021,NGA,Nigeria,,Islamic Dev. Bank,Multilateral,constant,USD million,0.3164
2022,NGA,Nigeria,,Islamic Dev. Bank,Multilateral,constant,USD million,10.418
2023,NGA,Nigeria,,Islamic Dev. Bank,Multilateral,constant,USD million,100.1523
2024,NGA,Nigeria,,Islamic Dev. Bank,Multilateral,constant,USD million,154.8662
2025,NGA,Nigeria,,Islamic Dev. Bank,Multilateral,constant,USD million,110.9741
2015,NGA,Nigeria,,World Bank-IBRD                         ,Multilateral,constant,USD million,3.568
2016,NGA,Nigeria,,World Bank-IBRD                         ,Multilateral,constant,USD million,0.3759
2017,NGA,Nigeria,,World Bank-IBRD                         ,Multilateral,constant,USD million,156.3578
2019,NGA,Nigeria,,World Bank-IBRD                         ,Multilateral,constant,USD million,305.9315
2020,NGA,Nigeria,,World Bank-IBRD                         ,Multilateral,constant,USD million,0.5877
2021,NGA,Nigeria,,World Bank-IBRD                         ,Multilateral,constant,USD million,42.4787
2022,NGA,Nigeria,,World Bank-IBRD                         ,Multilateral,constant,USD million,46.8444
2023,NGA,Nigeria,,World Bank-IBRD                         ,Multilateral,constant,USD million,202.6693
2024,NGA,Nigeria,,World Bank-IBRD                         ,Multilateral,constant,USD million,361.5902
2025,NGA,Nigeria,,World Bank-IBRD                         ,Multilateral,constant,USD million,375.0985
2015,NGA,Nigeria,,World Bank-IDA                         ,Multilateral,constant,USD million,259.354
2016,NGA,Nigeria,,World Bank-IDA                         ,Multilateral,constant,USD million,496.5776
2017,NGA,Nigeria,,World Bank-IDA                         ,Multilateral,constant,USD million,352.4053
2018,NGA,Nigeria,,World Bank-IDA                         ,Multilateral,constant,USD million,685.3084
2019,NGA,Nigeria,,World Bank-IDA                         ,Multilateral,constant,USD million,1205.1092
2020,NGA,Nigeria,,World Bank-IDA                         ,Multilateral,constant,USD million,1364.8387
2021,NGA,Nigeria,,World Bank-IDA                         ,Multilateral,constant,USD million,1669.0299
2022,NGA,Nigeria,,World Bank-IDA                         ,Multilateral,constant,USD million,2541.235
2023,NGA,Nigeria,,World Bank-IDA                         ,Multilateral,constant,USD million,2422.3418
2024,NGA,Nigeria,,World Bank-IDA                         ,Multilateral,constant,USD million,3765.3318
2025,NGA,Nigeria,,World Bank-IDA                         ,Multilateral,constant,USD million,3690.6921
2015,MKD,North Macedonia,,Council of Europe,Multilateral,constant,USD million,3.9024
2017,MKD,North Macedonia,,Council of Europe,Multilateral,constant,USD million,21.6132
2018,MKD,North Macedonia,,Council of Europe,Multilateral,constant,USD million,2.4047
2019,MKD,North Macedonia,,Council of Europe,Multilateral,constant,USD million,6.0026
2015,MKD,North Macedonia,,European Bank for Reconstruction and Dev. (EBRD),Multilateral,constant,USD million,30.3393
2016,MKD,North Macedonia,,European Bank for Reconstruction and Dev. (EBRD),Multilateral,constant,USD million,46.621
2017,MKD,North Macedonia,,European Bank for Reconstruction and Dev. (EBRD),Multilateral,constant,USD million,46.8769
2018,MKD,North Macedonia,,European Bank for Reconstruction and Dev. (EBRD),Multilateral,constant,USD million,37.7496
2019,MKD,North Macedonia,,European Bank for Reconstruction and Dev. (EBRD),Multilateral,constant,USD million,53.6865
2020,MKD,North Macedonia,,European Bank for Reconstruction and Dev. (EBRD),Multilateral,constant,USD million,61.2904
2021,MKD,North Macedonia,,European Bank for Reconstruction and Dev. (EBRD),Multilateral,constant,USD million,61.9381
2022,MKD,North Macedonia,,European Bank for Reconstruction and Dev. (EBRD),Multilateral,constant,USD million,57.732
2023,MKD,North Macedonia,,European Bank for Reconstruction and Dev. (EBRD),Multilateral,constant,USD million,162.4535
2024,MKD,North Macedonia,,European Bank for Reconstruction and Dev. (EBRD),Multilateral,constant,USD million,158.4373
2025,MKD,North Macedonia,,European Bank for Reconstruction and Dev. (EBRD),Multilateral,constant,USD million,82.9983
2015,MKD,North Macedonia,,European Development Fund (EDF),Multilateral,constant,USD million,2.4233
2016,MKD,North Macedonia,,European Development Fund (EDF),Multilateral,constant,USD million,0.6477
2017,MKD,North Macedonia,,European Development Fund (EDF),Multilateral,constant,USD million,0.46
2018,MKD,North Macedonia,,European Development Fund (EDF),Multilateral,constant,USD million,1.3106
2022,MKD,North Macedonia,,European Development Fund (EDF),Multilateral,constant,USD million,0.422
2023,MKD,North Macedonia,,European Development Fund (EDF),Multilateral,constant,USD million,0.6641
2015,MKD,North Macedonia,,European Investment Bank,Multilateral,constant,USD million,114.539
2016,MKD,North Macedonia,,European Investment Bank,Multilateral,constant,USD million,30.1635
2017,MKD,North Macedonia,,European Investment Bank,Multilateral,constant,USD million,4.6935
2018,MKD,North Macedonia,,European Investment Bank,Multilateral,constant,USD million,24.5479
2019,MKD,North Macedonia,,European Investment Bank,Multilateral,constant,USD million,43.708
2020,MKD,North Macedonia,,European Investment Bank,Multilateral,constant,USD million,59.9577
2021,MKD,North Macedonia,,European Investment Bank,Multilateral,constant,USD million,59.4237
2022,MKD,North Macedonia,,European Investment Bank,Multilateral,constant,USD million,38.3386
2023,MKD,North Macedonia,,European Investment Bank,Multilateral,constant,USD million,4.9872
2024,MKD,North Macedonia,,European Investment Bank,Multilateral,constant,USD million,28.4758
2025,MKD,North Macedonia,,European Investment Bank,Multilateral,constant,USD million,20.5345
2023,MKD,North Macedonia,,International Fund for Agricultural Dev.,Multilateral,constant,USD million,0.023
2024,MKD,North Macedonia,,International Fund for Agricultural Dev.,Multilateral,constant,USD million,0.0146
2015,MKD,North Macedonia,,World Bank-IBRD                         ,Multilateral,constant,USD million,37.516
2016,MKD,North Macedonia,,World Bank-IBRD                         ,Multilateral,constant,USD million,29.3685
2017,MKD,North Macedonia,,World Bank-IBRD                         ,Multilateral,constant,USD million,21.2603
2018,MKD,North Macedonia,,World Bank-IBRD                         ,Multilateral,constant,USD million,26.6169
2019,MKD,North Macedonia,,World Bank-IBRD                         ,Multilateral,constant,USD million,159.8375
2020,MKD,North Macedonia,,World Bank-IBRD                         ,Multilateral,constant,USD million,108.5156
2021,MKD,North Macedonia,,World Bank-IBRD                         ,Multilateral,constant,USD million,50.8873
2022,MKD,North Macedonia,,World Bank-IBRD                         ,Multilateral,constant,USD million,49.4096
2023,MKD,North Macedonia,,World Bank-IBRD                         ,Multilateral,constant,USD million,47.9065
2024,MKD,North Macedonia,,World Bank-IBRD                         ,Multilateral,constant,USD million,38.7602
2025,MKD,North Macedonia,,World Bank-IBRD                         ,Multilateral,constant,USD million,30.4913
2015,PAK,Pakistan,,Asian Dev. Bank   ,Multilateral,constant,USD million,693.768
2016,PAK,Pakistan,,Asian Dev. Bank   ,Multilateral,constant,USD million,1088.3593
2017,PAK,Pakistan,,Asian Dev. Bank   ,Multilateral,constant,USD million,1199.5565
2018,PAK,Pakistan,,Asian Dev. Bank   ,Multilateral,constant,USD million,672.0837
2019,PAK,Pakistan,,Asian Dev. Bank   ,Multilateral,constant,USD million,2545.4028
2020,PAK,Pakistan,,Asian Dev. Bank   ,Multilateral,constant,USD million,2085.783
2021,PAK,Pakistan,,Asian Dev. Bank   ,Multilateral,constant,USD million,1406.3155
2022,PAK,Pakistan,,Asian Dev. Bank   ,Multilateral,constant,USD million,2633.0748
2023,PAK,Pakistan,,Asian Dev. Bank   ,Multilateral,constant,USD million,1329.8769
2024,PAK,Pakistan,,Asian Dev. Bank   ,Multilateral,constant,USD million,1198.0685
2025,PAK,Pakistan,,Asian Dev. Bank   ,Multilateral,constant,USD million,
2016,PAK,Pakistan,,Asian Infrastructure Investment Bank,Multilateral,constant,USD million,18.9134
2017,PAK,Pakistan,,Asian Infrastructure Investment Bank,Multilateral,constant,USD million,12.341
2018,PAK,Pakistan,,Asian Infrastructure Investment Bank,Multilateral,constant,USD million,24.0573
2019,PAK,Pakistan,,Asian Infrastructure Investment Bank,Multilateral,constant,USD million,18.7794
2020,PAK,Pakistan,,Asian Infrastructure Investment Bank,Multilateral,constant,USD million,894.2983
2021,PAK,Pakistan,,Asian Infrastructure Investment Bank,Multilateral,constant,USD million,41.4299
2022,PAK,Pakistan,,Asian Infrastructure Investment Bank,Multilateral,constant,USD million,542.218
2023,PAK,Pakistan,,Asian Infrastructure Investment Bank,Multilateral,constant,USD million,240.7341
2024,PAK,Pakistan,,Asian Infrastructure Investment Bank,Multilateral,constant,USD million,153.2308
2025,PAK,Pakistan,,Asian Infrastructure Investment Bank,Multilateral,constant,USD million,
2015,PAK,Pakistan,,ECO Trade and Dev. Bank,Multilateral,constant,USD million,35.0
2019,PAK,Pakistan,,ECO Trade and Dev. Bank,Multilateral,constant,USD million,44.2837
2022,PAK,Pakistan,,ECO Trade and Dev. Bank,Multilateral,constant,USD million,0.212
2015,PAK,Pakistan,,European Investment Bank,Multilateral,constant,USD million,0.9975
2016,PAK,Pakistan,,European Investment Bank,Multilateral,constant,USD million,0.402
2018,PAK,Pakistan,,European Investment Bank,Multilateral,constant,USD million,4.843
2023,PAK,Pakistan,,European Investment Bank,Multilateral,constant,USD million,29.2337
2024,PAK,Pakistan,,European Investment Bank,Multilateral,constant,USD million,91.3327
2025,PAK,Pakistan,,European Investment Bank,Multilateral,constant,USD million,
2020,PAK,Pakistan,,International Fund for Agricultural Dev.,Multilateral,constant,USD million,5.8898
2021,PAK,Pakistan,,International Fund for Agricultural Dev.,Multilateral,constant,USD million,9.5063
2022,PAK,Pakistan,,International Fund for Agricultural Dev.,Multilateral,constant,USD million,16.1088
2023,PAK,Pakistan,,International Fund for Agricultural Dev.,Multilateral,constant,USD million,92.3618
2024,PAK,Pakistan,,International Fund for Agricultural Dev.,Multilateral,constant,USD million,72.1653
2025,PAK,Pakistan,,International Fund for Agricultural Dev.,Multilateral,constant,USD million,
2015,PAK,Pakistan,,Islamic Dev. Bank,Multilateral,constant,USD million,211.2682
2016,PAK,Pakistan,,Islamic Dev. Bank,Multilateral,constant,USD million,75.4029
2017,PAK,Pakistan,,Islamic Dev. Bank,Multilateral,constant,USD million,180.2628
2018,PAK,Pakistan,,Islamic Dev. Bank,Multilateral,constant,USD million,355.1262
2019,PAK,Pakistan,,Islamic Dev. Bank,Multilateral,constant,USD million,1155.822
2020,PAK,Pakistan,,Islamic Dev. Bank,Multilateral,constant,USD million,586.652
2021,PAK,Pakistan,,Islamic Dev. Bank,Multilateral,constant,USD million,54.829
2022,PAK,Pakistan,,Islamic Dev. Bank,Multilateral,constant,USD million,93.6449
2023,PAK,Pakistan,,Islamic Dev. Bank,Multilateral,constant,USD million,200.6579
2024,PAK,Pakistan,,Islamic Dev. Bank,Multilateral,constant,USD million,219.3308
2025,PAK,Pakistan,,Islamic Dev. Bank,Multilateral,constant,USD million,
2015,PAK,Pakistan,,OPEC Fund for International Dev.,Multilateral,constant,USD million,7.041
2016,PAK,Pakistan,,OPEC Fund for International Dev.,Multilateral,constant,USD million,20.1883
2017,PAK,Pakistan,,OPEC Fund for International Dev.,Multilateral,constant,USD million,8.3868
2018,PAK,Pakistan,,OPEC Fund for International Dev.,Multilateral,constant,USD million,1.2441
2019,PAK,Pakistan,,OPEC Fund for International Dev.,Multilateral,constant,USD million,20.7021
2020,PAK,Pakistan,,OPEC Fund for International Dev.,Multilateral,constant,USD million,4.2171
2021,PAK,Pakistan,,OPEC Fund for International Dev.,Multilateral,constant,USD million,1.6004
2022,PAK,Pakistan,,OPEC Fund for International Dev.,Multilateral,constant,USD million,53.4064
2023,PAK,Pakistan,,OPEC Fund for International Dev.,Multilateral,constant,USD million,35.4534
2024,PAK,Pakistan,,OPEC Fund for International Dev.,Multilateral,constant,USD million,54.4164
2025,PAK,Pakistan,,OPEC Fund for International Dev.,Multilateral,constant,USD million,
2015,PAK,Pakistan,,World Bank-IBRD                         ,Multilateral,constant,USD million,58.301
2016,PAK,Pakistan,,World Bank-IBRD                         ,Multilateral,constant,USD million,201.11
2017,PAK,Pakistan,,World Bank-IBRD                         ,Multilateral,constant,USD million,197.5532
2018,PAK,Pakistan,,World Bank-IBRD                         ,Multilateral,constant,USD million,174.8927
2019,PAK,Pakistan,,World Bank-IBRD                         ,Multilateral,constant,USD million,170.6937
2020,PAK,Pakistan,,World Bank-IBRD                         ,Multilateral,constant,USD million,473.1726
2021,PAK,Pakistan,,World Bank-IBRD                         ,Multilateral,constant,USD million,512.2196
2022,PAK,Pakistan,,World Bank-IBRD                         ,Multilateral,constant,USD million,168.1931
2023,PAK,Pakistan,,World Bank-IBRD                         ,Multilateral,constant,USD million,674.1877
2024,PAK,Pakistan,,World Bank-IBRD                         ,Multilateral,constant,USD million,548.5541
2025,PAK,Pakistan,,World Bank-IBRD                         ,Multilateral,constant,USD million,
2015,PAK,Pakistan,,World Bank-IDA                         ,Multilateral,constant,USD million,1542.256
2016,PAK,Pakistan,,World Bank-IDA                         ,Multilateral,constant,USD million,826.4127
2017,PAK,Pakistan,,World Bank-IDA                         ,Multilateral,constant,USD million,693.899
2018,PAK,Pakistan,,World Bank-IDA                         ,Multilateral,constant,USD million,472.8001
2019,PAK,Pakistan,,World Bank-IDA                         ,Multilateral,constant,USD million,646.6759
2020,PAK,Pakistan,,World Bank-IDA                         ,Multilateral,constant,USD million,1673.5969
2021,PAK,Pakistan,,World Bank-IDA                         ,Multilateral,constant,USD million,1819.4042
2022,PAK,Pakistan,,World Bank-IDA                         ,Multilateral,constant,USD million,1156.9136
2023,PAK,Pakistan,,World Bank-IDA                         ,Multilateral,constant,USD million,1317.72
2024,PAK,Pakistan,,World Bank-IDA                         ,Multilateral,constant,USD million,934.347
2025,PAK,Pakistan,,World Bank-IDA                         ,Multilateral,constant,USD million,
2015,PNG,Papua New Guinea,,Asian Dev. Bank   ,Multilateral,constant,USD million,71.916
2016,PNG,Papua New Guinea,,Asian Dev. Bank   ,Multilateral,constant,USD million,101.6635
2017,PNG,Papua New Guinea,,Asian Dev. Bank   ,Multilateral,constant,USD million,91.2684
2018,PNG,Papua New Guinea,,Asian Dev. Bank   ,Multilateral,constant,USD million,225.6344
2019,PNG,Papua New Guinea,,Asian Dev. Bank   ,Multilateral,constant,USD million,263.141
2020,PNG,Papua New Guinea,,Asian Dev. Bank   ,Multilateral,constant,USD million,673.0383
2021,PNG,Papua New Guinea,,Asian Dev. Bank   ,Multilateral,constant,USD million,300.8355
2022,PNG,Papua New Guinea,,Asian Dev. Bank   ,Multilateral,constant,USD million,291.4705
2023,PNG,Papua New Guinea,,Asian Dev. Bank   ,Multilateral,constant,USD million,179.596
2024,PNG,Papua New Guinea,,Asian Dev. Bank   ,Multilateral,constant,USD million,174.6535
2025,PNG,Papua New Guinea,,Asian Dev. Bank   ,Multilateral,constant,USD million,142.2041
2020,PNG,Papua New Guinea,,European Investment Bank,Multilateral,constant,USD million,10.4698
2021,PNG,Papua New Guinea,,European Investment Bank,Multilateral,constant,USD million,24.5383
2023,PNG,Papua New Guinea,,European Investment Bank,Multilateral,constant,USD million,11.3915
2024,PNG,Papua New Guinea,,European Investment Bank,Multilateral,constant,USD million,7.2238
2025,PNG,Papua New Guinea,,European Investment Bank,Multilateral,constant,USD million,0.4879
2023,PNG,Papua New Guinea,,International Fund for Agricultural Dev.,Multilateral,constant,USD million,5.2441
2024,PNG,Papua New Guinea,,International Fund for Agricultural Dev.,Multilateral,constant,USD million,3.7615
2025,PNG,Papua New Guinea,,International Fund for Agricultural Dev.,Multilateral,constant,USD million,2.6056
2016,PNG,Papua New Guinea,,OPEC Fund for International Dev.,Multilateral,constant,USD million,2.7885
2018,PNG,Papua New Guinea,,OPEC Fund for International Dev.,Multilateral,constant,USD million,2.3385
2019,PNG,Papua New Guinea,,OPEC Fund for International Dev.,Multilateral,constant,USD million,3.3618
2020,PNG,Papua New Guinea,,OPEC Fund for International Dev.,Multilateral,constant,USD million,0.3664
2021,PNG,Papua New Guinea,,OPEC Fund for International Dev.,Multilateral,constant,USD million,0.1519
2023,PNG,Papua New Guinea,,OPEC Fund for International Dev.,Multilateral,constant,USD million,8.307
2024,PNG,Papua New Guinea,,OPEC Fund for International Dev.,Multilateral,constant,USD million,16.4356
2025,PNG,Papua New Guinea,,OPEC Fund for International Dev.,Multilateral,constant,USD million,9.8196
2022,PNG,Papua New Guinea,,World Bank-IBRD                         ,Multilateral,constant,USD million,0.0593
2023,PNG,Papua New Guinea,,World Bank-IBRD                         ,Multilateral,constant,USD million,3.2974
2024,PNG,Papua New Guinea,,World Bank-IBRD                         ,Multilateral,constant,USD million,3.7969
2025,PNG,Papua New Guinea,,World Bank-IBRD                         ,Multilateral,constant,USD million,3.9713
2015,PNG,Papua New Guinea,,World Bank-IDA                         ,Multilateral,constant,USD million,0.591
2016,PNG,Papua New Guinea,,World Bank-IDA                         ,Multilateral,constant,USD million,15.9338
2017,PNG,Papua New Guinea,,World Bank-IDA                         ,Multilateral,constant,USD million,13.1677
2018,PNG,Papua New Guinea,,World Bank-IDA                         ,Multilateral,constant,USD million,181.8009
2019,PNG,Papua New Guinea,,World Bank-IDA                         ,Multilateral,constant,USD million,31.4718
2020,PNG,Papua New Guinea,,World Bank-IDA                         ,Multilateral,constant,USD million,36.5973
2021,PNG,Papua New Guinea,,World Bank-IDA                         ,Multilateral,constant,USD million,101.758
2022,PNG,Papua New Guinea,,World Bank-IDA                         ,Multilateral,constant,USD million,22.639
2023,PNG,Papua New Guinea,,World Bank-IDA                         ,Multilateral,constant,USD million,61.5696
2024,PNG,Papua New Guinea,,World Bank-IDA                         ,Multilateral,constant,USD million,49.4748
2025,PNG,Papua New Guinea,,World Bank-IDA                         ,Multilateral,constant,USD million,40.376
2015,PRY,Paraguay,,Corporacion Andina de Fomento,Multilateral,constant,USD million,61.371
2016,PRY,Paraguay,,Corporacion Andina de Fomento,Multilateral,constant,USD million,28.6058
2017,PRY,Paraguay,,Corporacion Andina de Fomento,Multilateral,constant,USD million,30.12
2018,PRY,Paraguay,,Corporacion Andina de Fomento,Multilateral,constant,USD million,49.0252
2019,PRY,Paraguay,,Corporacion Andina de Fomento,Multilateral,constant,USD million,79.8417
2020,PRY,Paraguay,,Corporacion Andina de Fomento,Multilateral,constant,USD million,664.5875
2021,PRY,Paraguay,,Corporacion Andina de Fomento,Multilateral,constant,USD million,374.0025
2022,PRY,Paraguay,,Corporacion Andina de Fomento,Multilateral,constant,USD million,569.0937
2023,PRY,Paraguay,,Corporacion Andina de Fomento,Multilateral,constant,USD million,544.5851
2024,PRY,Paraguay,,Corporacion Andina de Fomento,Multilateral,constant,USD million,283.8651
2025,PRY,Paraguay,,Corporacion Andina de Fomento,Multilateral,constant,USD million,178.514
2016,PRY,Paraguay,,European Investment Bank,Multilateral,constant,USD million,28.1777
2017,PRY,Paraguay,,European Investment Bank,Multilateral,constant,USD million,30.8476
2018,PRY,Paraguay,,European Investment Bank,Multilateral,constant,USD million,17.9375
2020,PRY,Paraguay,,European Investment Bank,Multilateral,constant,USD million,35.0247
2015,PRY,Paraguay,,Inter-American Dev. Bank      ,Multilateral,constant,USD million,42.384
2016,PRY,Paraguay,,Inter-American Dev. Bank      ,Multilateral,constant,USD million,177.3751
2017,PRY,Paraguay,,Inter-American Dev. Bank      ,Multilateral,constant,USD million,225.9864
2018,PRY,Paraguay,,Inter-American Dev. Bank      ,Multilateral,constant,USD million,251.2046
2019,PRY,Paraguay,,Inter-American Dev. Bank      ,Multilateral,constant,USD million,305.7679
2020,PRY,Paraguay,,Inter-American Dev. Bank      ,Multilateral,constant,USD million,924.0895
2021,PRY,Paraguay,,Inter-American Dev. Bank      ,Multilateral,constant,USD million,248.87
2022,PRY,Paraguay,,Inter-American Dev. Bank      ,Multilateral,constant,USD million,733.9891
2023,PRY,Paraguay,,Inter-American Dev. Bank      ,Multilateral,constant,USD million,325.812
2024,PRY,Paraguay,,Inter-American Dev. Bank      ,Multilateral,constant,USD million,355.2098
2025,PRY,Paraguay,,Inter-American Dev. Bank      ,Multilateral,constant,USD million,273.4072
2015,PRY,Paraguay,,International Fund for Agricultural Dev.,Multilateral,constant,USD million,9.6265
2016,PRY,Paraguay,,International Fund for Agricultural Dev.,Multilateral,constant,USD million,10.4461
2017,PRY,Paraguay,,International Fund for Agricultural Dev.,Multilateral,constant,USD million,12.2262
2018,PRY,Paraguay,,International Fund for Agricultural Dev.,Multilateral,constant,USD million,7.2858
2019,PRY,Paraguay,,International Fund for Agricultural Dev.,Multilateral,constant,USD million,4.8409
2020,PRY,Paraguay,,International Fund for Agricultural Dev.,Multilateral,constant,USD million,5.0804
2021,PRY,Paraguay,,International Fund for Agricultural Dev.,Multilateral,constant,USD million,3.2616
2022,PRY,Paraguay,,International Fund for Agricultural Dev.,Multilateral,constant,USD million,3.1214
2023,PRY,Paraguay,,International Fund for Agricultural Dev.,Multilateral,constant,USD million,59.5344
2024,PRY,Paraguay,,International Fund for Agricultural Dev.,Multilateral,constant,USD million,34.169
2025,PRY,Paraguay,,International Fund for Agricultural Dev.,Multilateral,constant,USD million,16.5024
2015,PRY,Paraguay,,OPEC Fund for International Dev.,Multilateral,constant,USD million,6.692
2016,PRY,Paraguay,,OPEC Fund for International Dev.,Multilateral,constant,USD million,3.9409
2017,PRY,Paraguay,,OPEC Fund for International Dev.,Multilateral,constant,USD million,7.5447
2018,PRY,Paraguay,,OPEC Fund for International Dev.,Multilateral,constant,USD million,12.8437
2019,PRY,Paraguay,,OPEC Fund for International Dev.,Multilateral,constant,USD million,11.6704
2020,PRY,Paraguay,,OPEC Fund for International Dev.,Multilateral,constant,USD million,12.4973
2021,PRY,Paraguay,,OPEC Fund for International Dev.,Multilateral,constant,USD million,12.885
2022,PRY,Paraguay,,OPEC Fund for International Dev.,Multilateral,constant,USD million,13.5482
2023,PRY,Paraguay,,OPEC Fund for International Dev.,Multilateral,constant,USD million,238.6237
2024,PRY,Paraguay,,OPEC Fund for International Dev.,Multilateral,constant,USD million,574.543
2025,PRY,Paraguay,,OPEC Fund for International Dev.,Multilateral,constant,USD million,429.2998
2016,PRY,Paraguay,,Plata Basin Financial Dev. Fund,Multilateral,constant,USD million,4.0728
2017,PRY,Paraguay,,Plata Basin Financial Dev. Fund,Multilateral,constant,USD million,23.0299
2018,PRY,Paraguay,,Plata Basin Financial Dev. Fund,Multilateral,constant,USD million,24.1978
2019,PRY,Paraguay,,Plata Basin Financial Dev. Fund,Multilateral,constant,USD million,18.3814
2020,PRY,Paraguay,,Plata Basin Financial Dev. Fund,Multilateral,constant,USD million,47.2715
2021,PRY,Paraguay,,Plata Basin Financial Dev. Fund,Multilateral,constant,USD million,109.5302
2022,PRY,Paraguay,,Plata Basin Financial Dev. Fund,Multilateral,constant,USD million,86.6081
2023,PRY,Paraguay,,Plata Basin Financial Dev. Fund,Multilateral,constant,USD million,34.2951
2024,PRY,Paraguay,,Plata Basin Financial Dev. Fund,Multilateral,constant,USD million,19.386
2025,PRY,Paraguay,,Plata Basin Financial Dev. Fund,Multilateral,constant,USD million,7.2964
2015,PRY,Paraguay,,World Bank-IBRD                         ,Multilateral,constant,USD million,62.801
2016,PRY,Paraguay,,World Bank-IBRD                         ,Multilateral,constant,USD million,130.4007
2017,PRY,Paraguay,,World Bank-IBRD                         ,Multilateral,constant,USD million,79.5681
2018,PRY,Paraguay,,World Bank-IBRD                         ,Multilateral,constant,USD million,51.8884
2019,PRY,Paraguay,,World Bank-IBRD                         ,Multilateral,constant,USD million,14.7872
2020,PRY,Paraguay,,World Bank-IBRD                         ,Multilateral,constant,USD million,293.3984
2021,PRY,Paraguay,,World Bank-IBRD                         ,Multilateral,constant,USD million,56.9399
2022,PRY,Paraguay,,World Bank-IBRD                         ,Multilateral,constant,USD million,40.2569
2023,PRY,Paraguay,,World Bank-IBRD                         ,Multilateral,constant,USD million,309.5839
2024,PRY,Paraguay,,World Bank-IBRD                         ,Multilateral,constant,USD million,43.0967
2025,PRY,Paraguay,,World Bank-IBRD                         ,Multilateral,constant,USD million,28.5916
2015,PER,Peru,,Corporacion Andina de Fomento,Multilateral,constant,USD million,131.5588
2016,PER,Peru,,Corporacion Andina de Fomento,Multilateral,constant,USD million,222.9486
2017,PER,Peru,,Corporacion Andina de Fomento,Multilateral,constant,USD million,85.1062
2018,PER,Peru,,Corporacion Andina de Fomento,Multilateral,constant,USD million,11.4848
2019,PER,Peru,,Corporacion Andina de Fomento,Multilateral,constant,USD million,236.3042
2022,PER,Peru,,Corporacion Andina de Fomento,Multilateral,constant,USD million,108.7815
2023,PER,Peru,,Corporacion Andina de Fomento,Multilateral,constant,USD million,166.3432
2024,PER,Peru,,Corporacion Andina de Fomento,Multilateral,constant,USD million,201.5507
2025,PER,Peru,,Corporacion Andina de Fomento,Multilateral,constant,USD million,110.2349
2015,PER,Peru,,Inter-American Dev. Bank      ,Multilateral,constant,USD million,72.009
2016,PER,Peru,,Inter-American Dev. Bank      ,Multilateral,constant,USD million,508.5422
2017,PER,Peru,,Inter-American Dev. Bank      ,Multilateral,constant,USD million,176.4954
2018,PER,Peru,,Inter-American Dev. Bank      ,Multilateral,constant,USD million,55.7113
2019,PER,Peru,,Inter-American Dev. Bank      ,Multilateral,constant,USD million,181.4686
2020,PER,Peru,,Inter-American Dev. Bank      ,Multilateral,constant,USD million,480.9024
2021,PER,Peru,,Inter-American Dev. Bank      ,Multilateral,constant,USD million,1137.1796
2022,PER,Peru,,Inter-American Dev. Bank      ,Multilateral,constant,USD million,632.2416
2023,PER,Peru,,Inter-American Dev. Bank      ,Multilateral,constant,USD million,221.5047
2024,PER,Peru,,Inter-American Dev. Bank      ,Multilateral,constant,USD million,241.5585
2025,PER,Peru,,Inter-American Dev. Bank      ,Multilateral,constant,USD million,163.7141
2015,PER,Peru,,International Fund for Agricultural Dev.,Multilateral,constant,USD million,0.5107
2017,PER,Peru,,International Fund for Agricultural Dev.,Multilateral,constant,USD million,0.933
2018,PER,Peru,,International Fund for Agricultural Dev.,Multilateral,constant,USD million,6.4655
2019,PER,Peru,,International Fund for Agricultural Dev.,Multilateral,constant,USD million,8.0204
2020,PER,Peru,,International Fund for Agricultural Dev.,Multilateral,constant,USD million,7.3792
2021,PER,Peru,,International Fund for Agricultural Dev.,Multilateral,constant,USD million,4.5464
2022,PER,Peru,,International Fund for Agricultural Dev.,Multilateral,constant,USD million,2.5583
2023,PER,Peru,,International Fund for Agricultural Dev.,Multilateral,constant,USD million,9.8164
2024,PER,Peru,,International Fund for Agricultural Dev.,Multilateral,constant,USD million,5.1264
2025,PER,Peru,,International Fund for Agricultural Dev.,Multilateral,constant,USD million,1.3798
2015,PER,Peru,,World Bank-IBRD                         ,Multilateral,constant,USD million,1020.99
2016,PER,Peru,,World Bank-IBRD                         ,Multilateral,constant,USD million,103.3598
2017,PER,Peru,,World Bank-IBRD                         ,Multilateral,constant,USD million,72.188
2018,PER,Peru,,World Bank-IBRD                         ,Multilateral,constant,USD million,355.8093
2019,PER,Peru,,World Bank-IBRD                         ,Multilateral,constant,USD million,466.2139
2020,PER,Peru,,World Bank-IBRD                         ,Multilateral,constant,USD million,1775.0493
2021,PER,Peru,,World Bank-IBRD                         ,Multilateral,constant,USD million,1226.0726
2022,PER,Peru,,World Bank-IBRD                         ,Multilateral,constant,USD million,553.3733
2023,PER,Peru,,World Bank-IBRD                         ,Multilateral,constant,USD million,165.4119
2024,PER,Peru,,World Bank-IBRD                         ,Multilateral,constant,USD million,118.7487
2025,PER,Peru,,World Bank-IBRD                         ,Multilateral,constant,USD million,97.1999
2015,PHL,Philippines,,Asian Dev. Bank   ,Multilateral,constant,USD million,928.645
2016,PHL,Philippines,,Asian Dev. Bank   ,Multilateral,constant,USD million,732.0879
2017,PHL,Philippines,,Asian Dev. Bank   ,Multilateral,constant,USD million,505.4946
2018,PHL,Philippines,,Asian Dev. Bank   ,Multilateral,constant,USD million,839.5811
2019,PHL,Philippines,,Asian Dev. Bank   ,Multilateral,constant,USD million,1032.6248
2020,PHL,Philippines,,Asian Dev. Bank   ,Multilateral,constant,USD million,4400.2468
2021,PHL,Philippines,,Asian Dev. Bank   ,Multilateral,constant,USD million,1813.8772
2022,PHL,Philippines,,Asian Dev. Bank   ,Multilateral,constant,USD million,2076.5361
2023,PHL,Philippines,,Asian Dev. Bank   ,Multilateral,constant,USD million,672.4842
2024,PHL,Philippines,,Asian Dev. Bank   ,Multilateral,constant,USD million,897.1869
2025,PHL,Philippines,,Asian Dev. Bank   ,Multilateral,constant,USD million,732.7896
2018,PHL,Philippines,,Asian Infrastructure Investment Bank,Multilateral,constant,USD million,5.1339
2019,PHL,Philippines,,Asian Infrastructure Investment Bank,Multilateral,constant,USD million,1.2828
2020,PHL,Philippines,,Asian Infrastructure Investment Bank,Multilateral,constant,USD million,744.2098
2021,PHL,Philippines,,Asian Infrastructure Investment Bank,Multilateral,constant,USD million,288.4983
2022,PHL,Philippines,,Asian Infrastructure Investment Bank,Multilateral,constant,USD million,10.3547
2023,PHL,Philippines,,Asian Infrastructure Investment Bank,Multilateral,constant,USD million,120.9178
2024,PHL,Philippines,,Asian Infrastructure Investment Bank,Multilateral,constant,USD million,117.8087
2025,PHL,Philippines,,Asian Infrastructure Investment Bank,Multilateral,constant,USD million,73.5376
2017,PHL,Philippines,,International Fund for Agricultural Dev.,Multilateral,constant,USD million,6.4134
2018,PHL,Philippines,,International Fund for Agricultural Dev.,Multilateral,constant,USD million,0.8106
2019,PHL,Philippines,,International Fund for Agricultural Dev.,Multilateral,constant,USD million,2.7927
2020,PHL,Philippines,,International Fund for Agricultural Dev.,Multilateral,constant,USD million,4.9552
2021,PHL,Philippines,,International Fund for Agricultural Dev.,Multilateral,constant,USD million,4.1152
2022,PHL,Philippines,,International Fund for Agricultural Dev.,Multilateral,constant,USD million,3.5252
2023,PHL,Philippines,,International Fund for Agricultural Dev.,Multilateral,constant,USD million,31.0953
2024,PHL,Philippines,,International Fund for Agricultural Dev.,Multilateral,constant,USD million,18.8052
2025,PHL,Philippines,,International Fund for Agricultural Dev.,Multilateral,constant,USD million,8.8502
2015,PHL,Philippines,,OPEC Fund for International Dev.,Multilateral,constant,USD million,9.23
2016,PHL,Philippines,,OPEC Fund for International Dev.,Multilateral,constant,USD million,11.1472
2017,PHL,Philippines,,OPEC Fund for International Dev.,Multilateral,constant,USD million,6.717
2018,PHL,Philippines,,OPEC Fund for International Dev.,Multilateral,constant,USD million,4.4589
2019,PHL,Philippines,,OPEC Fund for International Dev.,Multilateral,constant,USD million,2.8779
2020,PHL,Philippines,,OPEC Fund for International Dev.,Multilateral,constant,USD million,0.1784
2015,PHL,Philippines,,World Bank-IBRD                         ,Multilateral,constant,USD million,906.358
2016,PHL,Philippines,,World Bank-IBRD                         ,Multilateral,constant,USD million,212.886
2017,PHL,Philippines,,World Bank-IBRD                         ,Multilateral,constant,USD million,694.2385
2018,PHL,Philippines,,World Bank-IBRD                         ,Multilateral,constant,USD million,976.8604
2019,PHL,Philippines,,World Bank-IBRD                         ,Multilateral,constant,USD million,839.5136
2020,PHL,Philippines,,World Bank-IBRD                         ,Multilateral,constant,USD million,1843.2136
2021,PHL,Philippines,,World Bank-IBRD                         ,Multilateral,constant,USD million,1803.9667
2022,PHL,Philippines,,World Bank-IBRD                         ,Multilateral,constant,USD million,1279.0485
2023,PHL,Philippines,,World Bank-IBRD                         ,Multilateral,constant,USD million,576.9709
2024,PHL,Philippines,,World Bank-IBRD                         ,Multilateral,constant,USD million,505.6983
2025,PHL,Philippines,,World Bank-IBRD                         ,Multilateral,constant,USD million,410.1762
2015,RUS,Russian Federation,,World Bank-IBRD                         ,Multilateral,constant,USD million,80.535
2016,RUS,Russian Federation,,World Bank-IBRD                         ,Multilateral,constant,USD million,79.0474
2017,RUS,Russian Federation,,World Bank-IBRD                         ,Multilateral,constant,USD million,56.7883
2018,RUS,Russian Federation,,World Bank-IBRD                         ,Multilateral,constant,USD million,20.3017
2019,RUS,Russian Federation,,World Bank-IBRD                         ,Multilateral,constant,USD million,20.2476
2020,RUS,Russian Federation,,World Bank-IBRD                         ,Multilateral,constant,USD million,12.9135
2021,RUS,Russian Federation,,World Bank-IBRD                         ,Multilateral,constant,USD million,15.4281
2022,RUS,Russian Federation,,World Bank-IBRD                         ,Multilateral,constant,USD million,0.4108
2023,RUS,Russian Federation,,World Bank-IBRD                         ,Multilateral,constant,USD million,2.7289
2024,RUS,Russian Federation,,World Bank-IBRD                         ,Multilateral,constant,USD million,0.8389
2025,RUS,Russian Federation,,World Bank-IBRD                         ,Multilateral,constant,USD million,0.238
2016,RWA,Rwanda,,African Dev. Bank         ,Multilateral,constant,USD million,9.9217
2017,RWA,Rwanda,,African Dev. Bank         ,Multilateral,constant,USD million,8.6598
2018,RWA,Rwanda,,African Dev. Bank         ,Multilateral,constant,USD million,62.712
2019,RWA,Rwanda,,African Dev. Bank         ,Multilateral,constant,USD million,146.0181
2020,RWA,Rwanda,,African Dev. Bank         ,Multilateral,constant,USD million,47.8666
2021,RWA,Rwanda,,African Dev. Bank         ,Multilateral,constant,USD million,19.1591
2022,RWA,Rwanda,,African Dev. Bank         ,Multilateral,constant,USD million,17.8384
2023,RWA,Rwanda,,African Dev. Bank         ,Multilateral,constant,USD million,141.2441
2024,RWA,Rwanda,,African Dev. Bank         ,Multilateral,constant,USD million,163.554
2025,RWA,Rwanda,,African Dev. Bank         ,Multilateral,constant,USD million,144.0266
2023,RWA,Rwanda,,African Export-Import Bank,Multilateral,constant,USD million,31.8166
2024,RWA,Rwanda,,African Export-Import Bank,Multilateral,constant,USD million,68.4942
2025,RWA,Rwanda,,African Export-Import Bank,Multilateral,constant,USD million,41.9272
2015,RWA,Rwanda,,Arab Bank for Economic Dev. in Africa (BADEA),Multilateral,constant,USD million,2.482
2018,RWA,Rwanda,,Arab Bank for Economic Dev. in Africa (BADEA),Multilateral,constant,USD million,0.4769
2023,RWA,Rwanda,,Arab Bank for Economic Dev. in Africa (BADEA),Multilateral,constant,USD million,14.21
2024,RWA,Rwanda,,Arab Bank for Economic Dev. in Africa (BADEA),Multilateral,constant,USD million,25.965
2025,RWA,Rwanda,,Arab Bank for Economic Dev. in Africa (BADEA),Multilateral,constant,USD million,16.3547
2023,RWA,Rwanda,,Asian Infrastructure Investment Bank,Multilateral,constant,USD million,38.3234
2024,RWA,Rwanda,,Asian Infrastructure Investment Bank,Multilateral,constant,USD million,30.2675
2025,RWA,Rwanda,,Asian Infrastructure Investment Bank,Multilateral,constant,USD million,22.0427
2023,RWA,Rwanda,,European Investment Bank,Multilateral,constant,USD million,9.3541
2024,RWA,Rwanda,,European Investment Bank,Multilateral,constant,USD million,57.5702
2025,RWA,Rwanda,,European Investment Bank,Multilateral,constant,USD million,43.6772
2023,RWA,Rwanda,,International Fund for Agricultural Dev.,Multilateral,constant,USD million,8.6957
2024,RWA,Rwanda,,International Fund for Agricultural Dev.,Multilateral,constant,USD million,6.9088
2025,RWA,Rwanda,,International Fund for Agricultural Dev.,Multilateral,constant,USD million,4.2914
2023,RWA,Rwanda,,Nordic Development Fund,Multilateral,constant,USD million,0.4666
2024,RWA,Rwanda,,Nordic Development Fund,Multilateral,constant,USD million,1.3113
2025,RWA,Rwanda,,Nordic Development Fund,Multilateral,constant,USD million,1.0208
2015,RWA,Rwanda,,OPEC Fund for International Dev.,Multilateral,constant,USD million,6.663
2016,RWA,Rwanda,,OPEC Fund for International Dev.,Multilateral,constant,USD million,5.8294
2017,RWA,Rwanda,,OPEC Fund for International Dev.,Multilateral,constant,USD million,6.1064
2018,RWA,Rwanda,,OPEC Fund for International Dev.,Multilateral,constant,USD million,7.4697
2019,RWA,Rwanda,,OPEC Fund for International Dev.,Multilateral,constant,USD million,15.1742
2020,RWA,Rwanda,,OPEC Fund for International Dev.,Multilateral,constant,USD million,8.9341
2021,RWA,Rwanda,,OPEC Fund for International Dev.,Multilateral,constant,USD million,18.4132
2022,RWA,Rwanda,,OPEC Fund for International Dev.,Multilateral,constant,USD million,12.8744
2023,RWA,Rwanda,,OPEC Fund for International Dev.,Multilateral,constant,USD million,22.5751
2024,RWA,Rwanda,,OPEC Fund for International Dev.,Multilateral,constant,USD million,24.6986
2025,RWA,Rwanda,,OPEC Fund for International Dev.,Multilateral,constant,USD million,14.3052
2018,RWA,Rwanda,,World Bank-IDA                         ,Multilateral,constant,USD million,6.5658
2019,RWA,Rwanda,,World Bank-IDA                         ,Multilateral,constant,USD million,4.454
2020,RWA,Rwanda,,World Bank-IDA                         ,Multilateral,constant,USD million,5.4479
2021,RWA,Rwanda,,World Bank-IDA                         ,Multilateral,constant,USD million,3.9547
2022,RWA,Rwanda,,World Bank-IDA                         ,Multilateral,constant,USD million,4.0347
2023,RWA,Rwanda,,World Bank-IDA                         ,Multilateral,constant,USD million,385.1891
2024,RWA,Rwanda,,World Bank-IDA                         ,Multilateral,constant,USD million,192.9901
2025,RWA,Rwanda,,World Bank-IDA                         ,Multilateral,constant,USD million,183.1217
2015,WSM,Samoa,,OPEC Fund for International Dev.,Multilateral,constant,USD million,1.477
2016,WSM,Samoa,,OPEC Fund for International Dev.,Multilateral,constant,USD million,3.0869
2017,WSM,Samoa,,OPEC Fund for International Dev.,Multilateral,constant,USD million,1.5203
2018,WSM,Samoa,,OPEC Fund for International Dev.,Multilateral,constant,USD million,1.1559
2019,WSM,Samoa,,OPEC Fund for International Dev.,Multilateral,constant,USD million,0.2985
2020,WSM,Samoa,,OPEC Fund for International Dev.,Multilateral,constant,USD million,0.1452
2022,WSM,Samoa,,OPEC Fund for International Dev.,Multilateral,constant,USD million,0.2646
2023,WSM,Samoa,,OPEC Fund for International Dev.,Multilateral,constant,USD million,0.8033
2024,WSM,Samoa,,OPEC Fund for International Dev.,Multilateral,constant,USD million,0.4403
2025,WSM,Samoa,,OPEC Fund for International Dev.,Multilateral,constant,USD million,0.2138
2023,STP,Sao Tome and Principe,,African Dev. Bank         ,Multilateral,constant,USD million,0.645
2024,STP,Sao Tome and Principe,,African Dev. Bank         ,Multilateral,constant,USD million,0.2189
2025,STP,Sao Tome and Principe,,African Dev. Bank         ,Multilateral,constant,USD million,0.0774
2023,STP,Sao Tome and Principe,,Arab Bank for Economic Dev. in Africa (BADEA),Multilateral,constant,USD million,0.8292
2024,STP,Sao Tome and Principe,,Arab Bank for Economic Dev. in Africa (BADEA),Multilateral,constant,USD million,0.475
2025,STP,Sao Tome and Principe,,Arab Bank for Economic Dev. in Africa (BADEA),Multilateral,constant,USD million,0.2535
2023,STP,Sao Tome and Principe,,European Investment Bank,Multilateral,constant,USD million,0.3607
2024,STP,Sao Tome and Principe,,European Investment Bank,Multilateral,constant,USD million,1.8431
2025,STP,Sao Tome and Principe,,European Investment Bank,Multilateral,constant,USD million,1.218
2023,STP,Sao Tome and Principe,,International Fund for Agricultural Dev.,Multilateral,constant,USD million,0.0487
2024,STP,Sao Tome and Principe,,International Fund for Agricultural Dev.,Multilateral,constant,USD million,0.029
2025,STP,Sao Tome and Principe,,International Fund for Agricultural Dev.,Multilateral,constant,USD million,0.0146
2019,STP,Sao Tome and Principe,,OPEC Fund for International Dev.,Multilateral,constant,USD million,2.0429
2023,STP,Sao Tome and Principe,,OPEC Fund for International Dev.,Multilateral,constant,USD million,0.1024
2016,SEN,Senegal,,African Dev. Bank         ,Multilateral,constant,USD million,0.3686
2017,SEN,Senegal,,African Dev. Bank         ,Multilateral,constant,USD million,48.3498
2018,SEN,Senegal,,African Dev. Bank         ,Multilateral,constant,USD million,84.5224
2019,SEN,Senegal,,African Dev. Bank         ,Multilateral,constant,USD million,159.6544
2020,SEN,Senegal,,African Dev. Bank         ,Multilateral,constant,USD million,195.4073
2021,SEN,Senegal,,African Dev. Bank         ,Multilateral,constant,USD million,174.5507
2022,SEN,Senegal,,African Dev. Bank         ,Multilateral,constant,USD million,135.3028
2023,SEN,Senegal,,African Dev. Bank         ,Multilateral,constant,USD million,219.4174
2024,SEN,Senegal,,African Dev. Bank         ,Multilateral,constant,USD million,218.602
2025,SEN,Senegal,,African Dev. Bank         ,Multilateral,constant,USD million,156.2517
2016,SEN,Senegal,,African Export-Import Bank,Multilateral,constant,USD million,164.888
2016,SEN,Senegal,,Arab Bank for Economic Dev. in Africa (BADEA),Multilateral,constant,USD million,3.1864
2018,SEN,Senegal,,Arab Bank for Economic Dev. in Africa (BADEA),Multilateral,constant,USD million,2.2541
2020,SEN,Senegal,,Arab Bank for Economic Dev. in Africa (BADEA),Multilateral,constant,USD million,18.6516
2022,SEN,Senegal,,Arab Bank for Economic Dev. in Africa (BADEA),Multilateral,constant,USD million,1.3999
2023,SEN,Senegal,,Arab Bank for Economic Dev. in Africa (BADEA),Multilateral,constant,USD million,21.307
2024,SEN,Senegal,,Arab Bank for Economic Dev. in Africa (BADEA),Multilateral,constant,USD million,28.6046
2025,SEN,Senegal,,Arab Bank for Economic Dev. in Africa (BADEA),Multilateral,constant,USD million,16.2177
2018,SEN,Senegal,,Economic Community of West African States (ECOWAS),Multilateral,constant,USD million,0.3354
2019,SEN,Senegal,,Economic Community of West African States (ECOWAS),Multilateral,constant,USD million,0.2025
2020,SEN,Senegal,,Economic Community of West African States (ECOWAS),Multilateral,constant,USD million,1.1641
2022,SEN,Senegal,,Economic Community of West African States (ECOWAS),Multilateral,constant,USD million,13.9286
2023,SEN,Senegal,,Economic Community of West African States (ECOWAS),Multilateral,constant,USD million,95.469
2024,SEN,Senegal,,Economic Community of West African States (ECOWAS),Multilateral,constant,USD million,76.1045
2025,SEN,Senegal,,Economic Community of West African States (ECOWAS),Multilateral,constant,USD million,39.139
2019,SEN,Senegal,,European Investment Bank,Multilateral,constant,USD million,66.5165
2020,SEN,Senegal,,European Investment Bank,Multilateral,constant,USD million,55.0365
2021,SEN,Senegal,,European Investment Bank,Multilateral,constant,USD million,46.9468
2022,SEN,Senegal,,European Investment Bank,Multilateral,constant,USD million,44.6658
2023,SEN,Senegal,,European Investment Bank,Multilateral,constant,USD million,132.0007
2024,SEN,Senegal,,European Investment Bank,Multilateral,constant,USD million,83.9655
2025,SEN,Senegal,,European Investment Bank,Multilateral,constant,USD million,45.2516
2023,SEN,Senegal,,International Fund for Agricultural Dev.,Multilateral,constant,USD million,31.4931
2024,SEN,Senegal,,International Fund for Agricultural Dev.,Multilateral,constant,USD million,33.0675
2025,SEN,Senegal,,International Fund for Agricultural Dev.,Multilateral,constant,USD million,22.806
2015,SEN,Senegal,,Islamic Dev. Bank,Multilateral,constant,USD million,2.3567
2017,SEN,Senegal,,Islamic Dev. Bank,Multilateral,constant,USD million,2.317
2018,SEN,Senegal,,Islamic Dev. Bank,Multilateral,constant,USD million,8.3967
2019,SEN,Senegal,,Islamic Dev. Bank,Multilateral,constant,USD million,156.0962
2020,SEN,Senegal,,Islamic Dev. Bank,Multilateral,constant,USD million,79.5813
2021,SEN,Senegal,,Islamic Dev. Bank,Multilateral,constant,USD million,66.0515
2022,SEN,Senegal,,Islamic Dev. Bank,Multilateral,constant,USD million,59.1576
2023,SEN,Senegal,,Islamic Dev. Bank,Multilateral,constant,USD million,511.8084
2024,SEN,Senegal,,Islamic Dev. Bank,Multilateral,constant,USD million,625.1187
2025,SEN,Senegal,,Islamic Dev. Bank,Multilateral,constant,USD million,410.3494
2023,SEN,Senegal,,Nordic Development Fund,Multilateral,constant,USD million,3.5926
2024,SEN,Senegal,,Nordic Development Fund,Multilateral,constant,USD million,3.102
2025,SEN,Senegal,,Nordic Development Fund,Multilateral,constant,USD million,1.9792
2015,SEN,Senegal,,OPEC Fund for International Dev.,Multilateral,constant,USD million,1.041
2017,SEN,Senegal,,OPEC Fund for International Dev.,Multilateral,constant,USD million,1.995
2018,SEN,Senegal,,OPEC Fund for International Dev.,Multilateral,constant,USD million,2.006
2019,SEN,Senegal,,OPEC Fund for International Dev.,Multilateral,constant,USD million,16.9316
2020,SEN,Senegal,,OPEC Fund for International Dev.,Multilateral,constant,USD million,6.1075
2021,SEN,Senegal,,OPEC Fund for International Dev.,Multilateral,constant,USD million,4.3435
2022,SEN,Senegal,,OPEC Fund for International Dev.,Multilateral,constant,USD million,5.9331
2023,SEN,Senegal,,OPEC Fund for International Dev.,Multilateral,constant,USD million,31.1557
2024,SEN,Senegal,,OPEC Fund for International Dev.,Multilateral,constant,USD million,16.8861
2025,SEN,Senegal,,OPEC Fund for International Dev.,Multilateral,constant,USD million,7.5206
2015,SEN,Senegal,,West African Development Bank - BOAD,Multilateral,constant,USD million,3.806
2016,SEN,Senegal,,West African Development Bank - BOAD,Multilateral,constant,USD million,7.5786
2017,SEN,Senegal,,West African Development Bank - BOAD,Multilateral,constant,USD million,21.9867
2018,SEN,Senegal,,West African Development Bank - BOAD,Multilateral,constant,USD million,48.885
2019,SEN,Senegal,,West African Development Bank - BOAD,Multilateral,constant,USD million,57.7183
2020,SEN,Senegal,,West African Development Bank - BOAD,Multilateral,constant,USD million,95.8842
2021,SEN,Senegal,,West African Development Bank - BOAD,Multilateral,constant,USD million,7.1378
2022,SEN,Senegal,,West African Development Bank - BOAD,Multilateral,constant,USD million,18.6154
2023,SEN,Senegal,,West African Development Bank - BOAD,Multilateral,constant,USD million,169.9286
2024,SEN,Senegal,,West African Development Bank - BOAD,Multilateral,constant,USD million,152.7708
2025,SEN,Senegal,,West African Development Bank - BOAD,Multilateral,constant,USD million,86.5128
2017,SEN,Senegal,,World Bank-IDA                         ,Multilateral,constant,USD million,3.4705
2018,SEN,Senegal,,World Bank-IDA                         ,Multilateral,constant,USD million,6.4369
2019,SEN,Senegal,,World Bank-IDA                         ,Multilateral,constant,USD million,50.0842
2020,SEN,Senegal,,World Bank-IDA                         ,Multilateral,constant,USD million,37.0367
2021,SEN,Senegal,,World Bank-IDA                         ,Multilateral,constant,USD million,52.5555
2022,SEN,Senegal,,World Bank-IDA                         ,Multilateral,constant,USD million,47.958
2023,SEN,Senegal,,World Bank-IDA                         ,Multilateral,constant,USD million,339.9769
2024,SEN,Senegal,,World Bank-IDA                         ,Multilateral,constant,USD million,299.5093
2025,SEN,Senegal,,World Bank-IDA                         ,Multilateral,constant,USD million,272.9381
2017,SRB,Serbia,,Council of Europe,Multilateral,constant,USD million,24.6086
2018,SRB,Serbia,,Council of Europe,Multilateral,constant,USD million,18.3574
2019,SRB,Serbia,,Council of Europe,Multilateral,constant,USD million,93.8891
2020,SRB,Serbia,,Council of Europe,Multilateral,constant,USD million,6.3343
2021,SRB,Serbia,,Council of Europe,Multilateral,constant,USD million,100.4884
2022,SRB,Serbia,,Council of Europe,Multilateral,constant,USD million,27.4445
2023,SRB,Serbia,,Council of Europe,Multilateral,constant,USD million,89.7621
2024,SRB,Serbia,,Council of Europe,Multilateral,constant,USD million,84.112
2025,SRB,Serbia,,Council of Europe,Multilateral,constant,USD million,52.1393
2015,SRB,Serbia,,European Bank for Reconstruction and Dev. (EBRD),Multilateral,constant,USD million,191.2035
2016,SRB,Serbia,,European Bank for Reconstruction and Dev. (EBRD),Multilateral,constant,USD million,296.1773
2017,SRB,Serbia,,European Bank for Reconstruction and Dev. (EBRD),Multilateral,constant,USD million,160.1745
2018,SRB,Serbia,,European Bank for Reconstruction and Dev. (EBRD),Multilateral,constant,USD million,59.6065
2019,SRB,Serbia,,European Bank for Reconstruction and Dev. (EBRD),Multilateral,constant,USD million,106.7877
2020,SRB,Serbia,,European Bank for Reconstruction and Dev. (EBRD),Multilateral,constant,USD million,67.5929
2021,SRB,Serbia,,European Bank for Reconstruction and Dev. (EBRD),Multilateral,constant,USD million,74.6073
2022,SRB,Serbia,,European Bank for Reconstruction and Dev. (EBRD),Multilateral,constant,USD million,106.7207
2023,SRB,Serbia,,European Bank for Reconstruction and Dev. (EBRD),Multilateral,constant,USD million,217.127
2024,SRB,Serbia,,European Bank for Reconstruction and Dev. (EBRD),Multilateral,constant,USD million,276.1955
2025,SRB,Serbia,,European Bank for Reconstruction and Dev. (EBRD),Multilateral,constant,USD million,143.7267
2015,SRB,Serbia,,European Investment Bank,Multilateral,constant,USD million,314.1875
2016,SRB,Serbia,,European Investment Bank,Multilateral,constant,USD million,265.3089
2017,SRB,Serbia,,European Investment Bank,Multilateral,constant,USD million,211.0416
2018,SRB,Serbia,,European Investment Bank,Multilateral,constant,USD million,340.6727
2019,SRB,Serbia,,European Investment Bank,Multilateral,constant,USD million,123.4577
2020,SRB,Serbia,,European Investment Bank,Multilateral,constant,USD million,77.9057
2021,SRB,Serbia,,European Investment Bank,Multilateral,constant,USD million,110.5555
2022,SRB,Serbia,,European Investment Bank,Multilateral,constant,USD million,161.7149
2023,SRB,Serbia,,European Investment Bank,Multilateral,constant,USD million,205.6896
2024,SRB,Serbia,,European Investment Bank,Multilateral,constant,USD million,255.7669
2025,SRB,Serbia,,European Investment Bank,Multilateral,constant,USD million,157.4718
2015,SRB,Serbia,,World Bank-IBRD                         ,Multilateral,constant,USD million,405.623
2016,SRB,Serbia,,World Bank-IBRD                         ,Multilateral,constant,USD million,83.8692
2017,SRB,Serbia,,World Bank-IBRD                         ,Multilateral,constant,USD million,379.1006
2018,SRB,Serbia,,World Bank-IBRD                         ,Multilateral,constant,USD million,156.5811
2019,SRB,Serbia,,World Bank-IBRD                         ,Multilateral,constant,USD million,280.3285
2020,SRB,Serbia,,World Bank-IBRD                         ,Multilateral,constant,USD million,120.0638
2021,SRB,Serbia,,World Bank-IBRD                         ,Multilateral,constant,USD million,147.0179
2022,SRB,Serbia,,World Bank-IBRD                         ,Multilateral,constant,USD million,94.5922
2023,SRB,Serbia,,World Bank-IBRD                         ,Multilateral,constant,USD million,96.0792
2024,SRB,Serbia,,World Bank-IBRD                         ,Multilateral,constant,USD million,62.4957
2025,SRB,Serbia,,World Bank-IBRD                         ,Multilateral,constant,USD million,50.0632
2023,SLE,Sierra Leone,,African Dev. Bank         ,Multilateral,constant,USD million,11.4885
2024,SLE,Sierra Leone,,African Dev. Bank         ,Multilateral,constant,USD million,3.951
2025,SLE,Sierra Leone,,African Dev. Bank         ,Multilateral,constant,USD million,2.5885
2023,SLE,Sierra Leone,,Arab Bank for Economic Dev. in Africa (BADEA),Multilateral,constant,USD million,4.7975
2024,SLE,Sierra Leone,,Arab Bank for Economic Dev. in Africa (BADEA),Multilateral,constant,USD million,9.2633
2025,SLE,Sierra Leone,,Arab Bank for Economic Dev. in Africa (BADEA),Multilateral,constant,USD million,6.8213
2015,SLE,Sierra Leone,,Economic Community of West African States (ECOWAS),Multilateral,constant,USD million,2.086
2016,SLE,Sierra Leone,,Economic Community of West African States (ECOWAS),Multilateral,constant,USD million,3.6823
2017,SLE,Sierra Leone,,Economic Community of West African States (ECOWAS),Multilateral,constant,USD million,2.0218
2018,SLE,Sierra Leone,,Economic Community of West African States (ECOWAS),Multilateral,constant,USD million,0.1783
2023,SLE,Sierra Leone,,Economic Community of West African States (ECOWAS),Multilateral,constant,USD million,9.6604
2024,SLE,Sierra Leone,,Economic Community of West African States (ECOWAS),Multilateral,constant,USD million,16.531
2025,SLE,Sierra Leone,,Economic Community of West African States (ECOWAS),Multilateral,constant,USD million,9.5629
2023,SLE,Sierra Leone,,International Fund for Agricultural Dev.,Multilateral,constant,USD million,9.9076
2024,SLE,Sierra Leone,,International Fund for Agricultural Dev.,Multilateral,constant,USD million,6.4534
2025,SLE,Sierra Leone,,International Fund for Agricultural Dev.,Multilateral,constant,USD million,4.6149
2015,SLE,Sierra Leone,,Islamic Dev. Bank,Multilateral,constant,USD million,3.006
2020,SLE,Sierra Leone,,Islamic Dev. Bank,Multilateral,constant,USD million,0.592
2021,SLE,Sierra Leone,,Islamic Dev. Bank,Multilateral,constant,USD million,1.1763
2022,SLE,Sierra Leone,,Islamic Dev. Bank,Multilateral,constant,USD million,3.2348
2023,SLE,Sierra Leone,,Islamic Dev. Bank,Multilateral,constant,USD million,20.4538
2024,SLE,Sierra Leone,,Islamic Dev. Bank,Multilateral,constant,USD million,16.0959
2025,SLE,Sierra Leone,,Islamic Dev. Bank,Multilateral,constant,USD million,9.1547
2015,SLE,Sierra Leone,,OPEC Fund for International Dev.,Multilateral,constant,USD million,3.25
2018,SLE,Sierra Leone,,OPEC Fund for International Dev.,Multilateral,constant,USD million,10.3014
2019,SLE,Sierra Leone,,OPEC Fund for International Dev.,Multilateral,constant,USD million,12.4905
2020,SLE,Sierra Leone,,OPEC Fund for International Dev.,Multilateral,constant,USD million,7.7955
2021,SLE,Sierra Leone,,OPEC Fund for International Dev.,Multilateral,constant,USD million,3.2175
2022,SLE,Sierra Leone,,OPEC Fund for International Dev.,Multilateral,constant,USD million,0.5305
2023,SLE,Sierra Leone,,OPEC Fund for International Dev.,Multilateral,constant,USD million,9.9456
2024,SLE,Sierra Leone,,OPEC Fund for International Dev.,Multilateral,constant,USD million,11.4606
2025,SLE,Sierra Leone,,OPEC Fund for International Dev.,Multilateral,constant,USD million,7.1779
2023,SLE,Sierra Leone,,World Bank-IDA                         ,Multilateral,constant,USD million,15.428
2024,SLE,Sierra Leone,,World Bank-IDA                         ,Multilateral,constant,USD million,10.0018
2025,SLE,Sierra Leone,,World Bank-IDA                         ,Multilateral,constant,USD million,6.3967
2023,SLB,Solomon Islands,,Asian Dev. Bank   ,Multilateral,constant,USD million,15.7126
2024,SLB,Solomon Islands,,Asian Dev. Bank   ,Multilateral,constant,USD million,14.5666
2025,SLB,Solomon Islands,,Asian Dev. Bank   ,Multilateral,constant,USD million,9.9969
2023,SLB,Solomon Islands,,World Bank-IDA                         ,Multilateral,constant,USD million,22.8932
2024,SLB,Solomon Islands,,World Bank-IDA                         ,Multilateral,constant,USD million,22.8737
2025,SLB,Solomon Islands,,World Bank-IDA                         ,Multilateral,constant,USD million,21.0996
2015,ZAF,South Africa,,African Dev. Bank         ,Multilateral,constant,USD million,133.4639
2016,ZAF,South Africa,,African Dev. Bank         ,Multilateral,constant,USD million,87.2617
2017,ZAF,South Africa,,African Dev. Bank         ,Multilateral,constant,USD million,489.1301
2018,ZAF,South Africa,,African Dev. Bank         ,Multilateral,constant,USD million,49.0653
2019,ZAF,South Africa,,African Dev. Bank         ,Multilateral,constant,USD million,45.3634
2020,ZAF,South Africa,,African Dev. Bank         ,Multilateral,constant,USD million,302.8327
2021,ZAF,South Africa,,African Dev. Bank         ,Multilateral,constant,USD million,56.2552
2023,ZAF,South Africa,,African Dev. Bank         ,Multilateral,constant,USD million,100.3184
2024,ZAF,South Africa,,African Dev. Bank         ,Multilateral,constant,USD million,53.3413
2025,ZAF,South Africa,,African Dev. Bank         ,Multilateral,constant,USD million,41.42
2019,ZAF,South Africa,,African Export-Import Bank,Multilateral,constant,USD million,150.8882
2015,ZAF,South Africa,,European Investment Bank,Multilateral,constant,USD million,9.9398
2016,ZAF,South Africa,,European Investment Bank,Multilateral,constant,USD million,0.8433
2022,ZAF,South Africa,,European Investment Bank,Multilateral,constant,USD million,11.2113
2023,ZAF,South Africa,,European Investment Bank,Multilateral,constant,USD million,68.4972
2024,ZAF,South Africa,,European Investment Bank,Multilateral,constant,USD million,48.0596
2025,ZAF,South Africa,,European Investment Bank,Multilateral,constant,USD million,31.9779
2020,ZAF,South Africa,,Multiple Lenders,Multilateral,constant,USD million,998.1844
2021,ZAF,South Africa,,Multiple Lenders,Multilateral,constant,USD million,841.2375
2015,ZAF,South Africa,,World Bank-IBRD                         ,Multilateral,constant,USD million,356.88
2016,ZAF,South Africa,,World Bank-IBRD                         ,Multilateral,constant,USD million,349.401
2017,ZAF,South Africa,,World Bank-IBRD                         ,Multilateral,constant,USD million,310.6042
2018,ZAF,South Africa,,World Bank-IBRD                         ,Multilateral,constant,USD million,71.0238
2019,ZAF,South Africa,,World Bank-IBRD                         ,Multilateral,constant,USD million,24.4613
2020,ZAF,South Africa,,World Bank-IBRD                         ,Multilateral,constant,USD million,54.9081
2021,ZAF,South Africa,,World Bank-IBRD                         ,Multilateral,constant,USD million,35.1721
2022,ZAF,South Africa,,World Bank-IBRD                         ,Multilateral,constant,USD million,1012.617
2023,ZAF,South Africa,,World Bank-IBRD                         ,Multilateral,constant,USD million,34.5567
2024,ZAF,South Africa,,World Bank-IBRD                         ,Multilateral,constant,USD million,15.7731
2025,ZAF,South Africa,,World Bank-IBRD                         ,Multilateral,constant,USD million,6.7476
2016,ZAF,South Africa,,World Bank-MIGA,Multilateral,constant,USD million,112.2221
2017,ZAF,South Africa,,World Bank-MIGA,Multilateral,constant,USD million,304.763
2018,ZAF,South Africa,,World Bank-MIGA,Multilateral,constant,USD million,88.4404
2015,LKA,Sri Lanka,,Asian Dev. Bank   ,Multilateral,constant,USD million,220.037
2016,LKA,Sri Lanka,,Asian Dev. Bank   ,Multilateral,constant,USD million,281.7494
2017,LKA,Sri Lanka,,Asian Dev. Bank   ,Multilateral,constant,USD million,338.438
2018,LKA,Sri Lanka,,Asian Dev. Bank   ,Multilateral,constant,USD million,481.9881
2019,LKA,Sri Lanka,,Asian Dev. Bank   ,Multilateral,constant,USD million,422.1528
2020,LKA,Sri Lanka,,Asian Dev. Bank   ,Multilateral,constant,USD million,799.3992
2021,LKA,Sri Lanka,,Asian Dev. Bank   ,Multilateral,constant,USD million,734.9506
2022,LKA,Sri Lanka,,Asian Dev. Bank   ,Multilateral,constant,USD million,933.6383
2023,LKA,Sri Lanka,,Asian Dev. Bank   ,Multilateral,constant,USD million,
2024,LKA,Sri Lanka,,Asian Dev. Bank   ,Multilateral,constant,USD million,
2025,LKA,Sri Lanka,,Asian Dev. Bank   ,Multilateral,constant,USD million,
2019,LKA,Sri Lanka,,Asian Infrastructure Investment Bank,Multilateral,constant,USD million,0.764
2020,LKA,Sri Lanka,,Asian Infrastructure Investment Bank,Multilateral,constant,USD million,9.0148
2021,LKA,Sri Lanka,,Asian Infrastructure Investment Bank,Multilateral,constant,USD million,24.797
2022,LKA,Sri Lanka,,Asian Infrastructure Investment Bank,Multilateral,constant,USD million,43.0723
2023,LKA,Sri Lanka,,Asian Infrastructure Investment Bank,Multilateral,constant,USD million,
2024,LKA,Sri Lanka,,Asian Infrastructure Investment Bank,Multilateral,constant,USD million,
2025,LKA,Sri Lanka,,Asian Infrastructure Investment Bank,Multilateral,constant,USD million,
2015,LKA,Sri Lanka,,European Investment Bank,Multilateral,constant,USD million,81.6143
2023,LKA,Sri Lanka,,European Investment Bank,Multilateral,constant,USD million,
2024,LKA,Sri Lanka,,European Investment Bank,Multilateral,constant,USD million,
2025,LKA,Sri Lanka,,European Investment Bank,Multilateral,constant,USD million,
2018,LKA,Sri Lanka,,International Fund for Agricultural Dev.,Multilateral,constant,USD million,4.1446
2019,LKA,Sri Lanka,,International Fund for Agricultural Dev.,Multilateral,constant,USD million,6.8278
2020,LKA,Sri Lanka,,International Fund for Agricultural Dev.,Multilateral,constant,USD million,5.7252
2021,LKA,Sri Lanka,,International Fund for Agricultural Dev.,Multilateral,constant,USD million,7.0241
2022,LKA,Sri Lanka,,International Fund for Agricultural Dev.,Multilateral,constant,USD million,3.3992
2023,LKA,Sri Lanka,,International Fund for Agricultural Dev.,Multilateral,constant,USD million,
2024,LKA,Sri Lanka,,International Fund for Agricultural Dev.,Multilateral,constant,USD million,
2025,LKA,Sri Lanka,,International Fund for Agricultural Dev.,Multilateral,constant,USD million,
2015,LKA,Sri Lanka,,OPEC Fund for International Dev.,Multilateral,constant,USD million,16.594
2016,LKA,Sri Lanka,,OPEC Fund for International Dev.,Multilateral,constant,USD million,12.5158
2017,LKA,Sri Lanka,,OPEC Fund for International Dev.,Multilateral,constant,USD million,25.7428
2018,LKA,Sri Lanka,,OPEC Fund for International Dev.,Multilateral,constant,USD million,26.1126
2019,LKA,Sri Lanka,,OPEC Fund for International Dev.,Multilateral,constant,USD million,20.1166
2020,LKA,Sri Lanka,,OPEC Fund for International Dev.,Multilateral,constant,USD million,15.6928
2021,LKA,Sri Lanka,,OPEC Fund for International Dev.,Multilateral,constant,USD million,20.6638
2022,LKA,Sri Lanka,,OPEC Fund for International Dev.,Multilateral,constant,USD million,8.7476
2023,LKA,Sri Lanka,,OPEC Fund for International Dev.,Multilateral,constant,USD million,
2024,LKA,Sri Lanka,,OPEC Fund for International Dev.,Multilateral,constant,USD million,
2025,LKA,Sri Lanka,,OPEC Fund for International Dev.,Multilateral,constant,USD million,
2015,LKA,Sri Lanka,,World Bank-IBRD                         ,Multilateral,constant,USD million,18.748
2016,LKA,Sri Lanka,,World Bank-IBRD                         ,Multilateral,constant,USD million,115.0426
2017,LKA,Sri Lanka,,World Bank-IBRD                         ,Multilateral,constant,USD million,11.7234
2018,LKA,Sri Lanka,,World Bank-IBRD                         ,Multilateral,constant,USD million,28.559
2019,LKA,Sri Lanka,,World Bank-IBRD                         ,Multilateral,constant,USD million,67.5246
2020,LKA,Sri Lanka,,World Bank-IBRD                         ,Multilateral,constant,USD million,85.3192
2021,LKA,Sri Lanka,,World Bank-IBRD                         ,Multilateral,constant,USD million,245.1855
2022,LKA,Sri Lanka,,World Bank-IBRD                         ,Multilateral,constant,USD million,443.951
2023,LKA,Sri Lanka,,World Bank-IBRD                         ,Multilateral,constant,USD million,
2024,LKA,Sri Lanka,,World Bank-IBRD                         ,Multilateral,constant,USD million,
2025,LKA,Sri Lanka,,World Bank-IBRD                         ,Multilateral,constant,USD million,
2015,LKA,Sri Lanka,,World Bank-IDA                         ,Multilateral,constant,USD million,93.029
2016,LKA,Sri Lanka,,World Bank-IDA                         ,Multilateral,constant,USD million,238.0106
2017,LKA,Sri Lanka,,World Bank-IDA                         ,Multilateral,constant,USD million,208.9465
2018,LKA,Sri Lanka,,World Bank-IDA                         ,Multilateral,constant,USD million,131.5792
2019,LKA,Sri Lanka,,World Bank-IDA                         ,Multilateral,constant,USD million,124.466
2020,LKA,Sri Lanka,,World Bank-IDA                         ,Multilateral,constant,USD million,211.5071
2021,LKA,Sri Lanka,,World Bank-IDA                         ,Multilateral,constant,USD million,274.2246
2022,LKA,Sri Lanka,,World Bank-IDA                         ,Multilateral,constant,USD million,94.8215
2023,LKA,Sri Lanka,,World Bank-IDA                         ,Multilateral,constant,USD million,
2024,LKA,Sri Lanka,,World Bank-IDA                         ,Multilateral,constant,USD million,
2025,LKA,Sri Lanka,,World Bank-IDA                         ,Multilateral,constant,USD million,
2015,LCA,St. Lucia,,Caribbean Dev. Bank,Multilateral,constant,USD million,5.738
2016,LCA,St. Lucia,,Caribbean Dev. Bank,Multilateral,constant,USD million,4.1921
2017,LCA,St. Lucia,,Caribbean Dev. Bank,Multilateral,constant,USD million,11.1457
2018,LCA,St. Lucia,,Caribbean Dev. Bank,Multilateral,constant,USD million,5.0666
2019,LCA,St. Lucia,,Caribbean Dev. Bank,Multilateral,constant,USD million,18.3229
2020,LCA,St. Lucia,,Caribbean Dev. Bank,Multilateral,constant,USD million,25.4413
2021,LCA,St. Lucia,,Caribbean Dev. Bank,Multilateral,constant,USD million,8.8086
2022,LCA,St. Lucia,,Caribbean Dev. Bank,Multilateral,constant,USD million,7.3087
2023,LCA,St. Lucia,,Caribbean Dev. Bank,Multilateral,constant,USD million,16.8227
2024,LCA,St. Lucia,,Caribbean Dev. Bank,Multilateral,constant,USD million,9.1444
2025,LCA,St. Lucia,,Caribbean Dev. Bank,Multilateral,constant,USD million,4.4828
2021,LCA,St. Lucia,,European Investment Bank,Multilateral,constant,USD million,4.5396
2023,LCA,St. Lucia,,World Bank-IDA                         ,Multilateral,constant,USD million,28.0548
2024,LCA,St. Lucia,,World Bank-IDA                         ,Multilateral,constant,USD million,26.6584
2025,LCA,St. Lucia,,World Bank-IDA                         ,Multilateral,constant,USD million,22.2481
2015,VCT,St. Vincent and the Grenadines,,Bolivarian Alliance for the Americas (ALBA),Multilateral,constant,USD million,8.691
2016,VCT,St. Vincent and the Grenadines,,Bolivarian Alliance for the Americas (ALBA),Multilateral,constant,USD million,3.6252
2020,VCT,St. Vincent and the Grenadines,,Bolivarian Alliance for the Americas (ALBA),Multilateral,constant,USD million,7.4139
2015,VCT,St. Vincent and the Grenadines,,Caribbean Community (CARICOM),Multilateral,constant,USD million,0.755
2016,VCT,St. Vincent and the Grenadines,,Caribbean Community (CARICOM),Multilateral,constant,USD million,0.1873
2017,VCT,St. Vincent and the Grenadines,,Caribbean Community (CARICOM),Multilateral,constant,USD million,0.0651
2022,VCT,St. Vincent and the Grenadines,,Caribbean Community (CARICOM),Multilateral,constant,USD million,3.3094
2023,VCT,St. Vincent and the Grenadines,,Caribbean Community (CARICOM),Multilateral,constant,USD million,0.0357
2024,VCT,St. Vincent and the Grenadines,,Caribbean Community (CARICOM),Multilateral,constant,USD million,0.023
2015,VCT,St. Vincent and the Grenadines,,Caribbean Dev. Bank,Multilateral,constant,USD million,5.772
2016,VCT,St. Vincent and the Grenadines,,Caribbean Dev. Bank,Multilateral,constant,USD million,3.5879
2017,VCT,St. Vincent and the Grenadines,,Caribbean Dev. Bank,Multilateral,constant,USD million,4.8072
2018,VCT,St. Vincent and the Grenadines,,Caribbean Dev. Bank,Multilateral,constant,USD million,8.033
2019,VCT,St. Vincent and the Grenadines,,Caribbean Dev. Bank,Multilateral,constant,USD million,9.5889
2020,VCT,St. Vincent and the Grenadines,,Caribbean Dev. Bank,Multilateral,constant,USD million,7.2188
2021,VCT,St. Vincent and the Grenadines,,Caribbean Dev. Bank,Multilateral,constant,USD million,8.7564
2022,VCT,St. Vincent and the Grenadines,,Caribbean Dev. Bank,Multilateral,constant,USD million,26.9105
2023,VCT,St. Vincent and the Grenadines,,Caribbean Dev. Bank,Multilateral,constant,USD million,50.7314
2024,VCT,St. Vincent and the Grenadines,,Caribbean Dev. Bank,Multilateral,constant,USD million,30.6646
2025,VCT,St. Vincent and the Grenadines,,Caribbean Dev. Bank,Multilateral,constant,USD million,12.8983
2018,VCT,St. Vincent and the Grenadines,,OPEC Fund for International Dev.,Multilateral,constant,USD million,0.4274
2019,VCT,St. Vincent and the Grenadines,,OPEC Fund for International Dev.,Multilateral,constant,USD million,0.5157
2020,VCT,St. Vincent and the Grenadines,,OPEC Fund for International Dev.,Multilateral,constant,USD million,1.7179
2021,VCT,St. Vincent and the Grenadines,,OPEC Fund for International Dev.,Multilateral,constant,USD million,0.5767
2022,VCT,St. Vincent and the Grenadines,,OPEC Fund for International Dev.,Multilateral,constant,USD million,6.2725
2023,VCT,St. Vincent and the Grenadines,,OPEC Fund for International Dev.,Multilateral,constant,USD million,3.788
2024,VCT,St. Vincent and the Grenadines,,OPEC Fund for International Dev.,Multilateral,constant,USD million,1.7542
2025,VCT,St. Vincent and the Grenadines,,OPEC Fund for International Dev.,Multilateral,constant,USD million,0.5731
2023,VCT,St. Vincent and the Grenadines,,World Bank-IDA                         ,Multilateral,constant,USD million,25.6383
2024,VCT,St. Vincent and the Grenadines,,World Bank-IDA                         ,Multilateral,constant,USD million,24.4666
2025,VCT,St. Vincent and the Grenadines,,World Bank-IDA                         ,Multilateral,constant,USD million,21.8924
2015,SDN,Sudan,,Arab Fund for Economic & Social Development,Multilateral,constant,USD million,58.0203
2016,SDN,Sudan,,Arab Fund for Economic & Social Development,Multilateral,constant,USD million,35.071
2017,SDN,Sudan,,Arab Fund for Economic & Social Development,Multilateral,constant,USD million,40.8506
2018,SDN,Sudan,,Arab Fund for Economic & Social Development,Multilateral,constant,USD million,2.9057
2019,SDN,Sudan,,Arab Fund for Economic & Social Development,Multilateral,constant,USD million,6.9011
2020,SDN,Sudan,,Arab Fund for Economic & Social Development,Multilateral,constant,USD million,4.1589
2023,SDN,Sudan,,Arab Fund for Economic & Social Development,Multilateral,constant,USD million,218.8068
2024,SDN,Sudan,,Arab Fund for Economic & Social Development,Multilateral,constant,USD million,326.2806
2025,SDN,Sudan,,Arab Fund for Economic & Social Development,Multilateral,constant,USD million,196.9712
2015,SDN,Sudan,,Arab Monetary Fund,Multilateral,constant,USD million,114.3365
2016,SDN,Sudan,,Arab Monetary Fund,Multilateral,constant,USD million,30.2228
2017,SDN,Sudan,,Arab Monetary Fund,Multilateral,constant,USD million,5.9076
2019,SDN,Sudan,,Arab Monetary Fund,Multilateral,constant,USD million,637.2314
2023,SDN,Sudan,,Arab Monetary Fund,Multilateral,constant,USD million,33.0319
2024,SDN,Sudan,,Arab Monetary Fund,Multilateral,constant,USD million,13.1823
2025,SDN,Sudan,,Arab Monetary Fund,Multilateral,constant,USD million,12.6057
2023,SDN,Sudan,,International Fund for Agricultural Dev.,Multilateral,constant,USD million,1.085
2024,SDN,Sudan,,International Fund for Agricultural Dev.,Multilateral,constant,USD million,0.7377
2015,SDN,Sudan,,Islamic Dev. Bank,Multilateral,constant,USD million,5.3552
2016,SDN,Sudan,,Islamic Dev. Bank,Multilateral,constant,USD million,3.0895
2018,SDN,Sudan,,Islamic Dev. Bank,Multilateral,constant,USD million,33.2036
2020,SDN,Sudan,,Islamic Dev. Bank,Multilateral,constant,USD million,4.218
2021,SDN,Sudan,,Islamic Dev. Bank,Multilateral,constant,USD million,7.6615
2023,SDN,Sudan,,Islamic Dev. Bank,Multilateral,constant,USD million,57.6169
2024,SDN,Sudan,,Islamic Dev. Bank,Multilateral,constant,USD million,54.1733
2025,SDN,Sudan,,Islamic Dev. Bank,Multilateral,constant,USD million,31.7369
2015,SDN,Sudan,,OPEC Fund for International Dev.,Multilateral,constant,USD million,1.436
2016,SDN,Sudan,,OPEC Fund for International Dev.,Multilateral,constant,USD million,1.5682
2017,SDN,Sudan,,OPEC Fund for International Dev.,Multilateral,constant,USD million,5.1316
2023,SDN,Sudan,,OPEC Fund for International Dev.,Multilateral,constant,USD million,11.969
2024,SDN,Sudan,,OPEC Fund for International Dev.,Multilateral,constant,USD million,8.3971
2025,SDN,Sudan,,OPEC Fund for International Dev.,Multilateral,constant,USD million,5.3789
2016,SUR,Suriname,,Caribbean Dev. Bank,Multilateral,constant,USD million,74.0306
2017,SUR,Suriname,,Caribbean Dev. Bank,Multilateral,constant,USD million,8.2911
2018,SUR,Suriname,,Caribbean Dev. Bank,Multilateral,constant,USD million,1.0219
2019,SUR,Suriname,,Caribbean Dev. Bank,Multilateral,constant,USD million,17.1174
2020,SUR,Suriname,,Caribbean Dev. Bank,Multilateral,constant,USD million,4.1813
2021,SUR,Suriname,,Caribbean Dev. Bank,Multilateral,constant,USD million,9.0607
2022,SUR,Suriname,,Caribbean Dev. Bank,Multilateral,constant,USD million,44.7488
2023,SUR,Suriname,,Caribbean Dev. Bank,Multilateral,constant,USD million,34.4053
2024,SUR,Suriname,,Caribbean Dev. Bank,Multilateral,constant,USD million,11.8852
2025,SUR,Suriname,,Caribbean Dev. Bank,Multilateral,constant,USD million,7.2137
2015,SUR,Suriname,,Inter-American Dev. Bank      ,Multilateral,constant,USD million,55.59
2016,SUR,Suriname,,Inter-American Dev. Bank      ,Multilateral,constant,USD million,122.0888
2017,SUR,Suriname,,Inter-American Dev. Bank      ,Multilateral,constant,USD million,23.6577
2018,SUR,Suriname,,Inter-American Dev. Bank      ,Multilateral,constant,USD million,31.3626
2019,SUR,Suriname,,Inter-American Dev. Bank      ,Multilateral,constant,USD million,42.9027
2020,SUR,Suriname,,Inter-American Dev. Bank      ,Multilateral,constant,USD million,25.799
2021,SUR,Suriname,,Inter-American Dev. Bank      ,Multilateral,constant,USD million,24.7062
2022,SUR,Suriname,,Inter-American Dev. Bank      ,Multilateral,constant,USD million,269.3671
2023,SUR,Suriname,,Inter-American Dev. Bank      ,Multilateral,constant,USD million,86.7523
2024,SUR,Suriname,,Inter-American Dev. Bank      ,Multilateral,constant,USD million,59.663
2025,SUR,Suriname,,Inter-American Dev. Bank      ,Multilateral,constant,USD million,44.8092
2015,SUR,Suriname,,Islamic Dev. Bank,Multilateral,constant,USD million,0.514
2016,SUR,Suriname,,Islamic Dev. Bank,Multilateral,constant,USD million,30.5571
2017,SUR,Suriname,,Islamic Dev. Bank,Multilateral,constant,USD million,3.6632
2018,SUR,Suriname,,Islamic Dev. Bank,Multilateral,constant,USD million,2.3624
2019,SUR,Suriname,,Islamic Dev. Bank,Multilateral,constant,USD million,2.3859
2020,SUR,Suriname,,Islamic Dev. Bank,Multilateral,constant,USD million,22.1516
2021,SUR,Suriname,,Islamic Dev. Bank,Multilateral,constant,USD million,11.9067
2022,SUR,Suriname,,Islamic Dev. Bank,Multilateral,constant,USD million,16.9268
2023,SUR,Suriname,,Islamic Dev. Bank,Multilateral,constant,USD million,46.0379
2024,SUR,Suriname,,Islamic Dev. Bank,Multilateral,constant,USD million,21.2375
2025,SUR,Suriname,,Islamic Dev. Bank,Multilateral,constant,USD million,12.8477
2015,SUR,Suriname,,OPEC Fund for International Dev.,Multilateral,constant,USD million,2.93
2016,SUR,Suriname,,OPEC Fund for International Dev.,Multilateral,constant,USD million,0.8728
2017,SUR,Suriname,,OPEC Fund for International Dev.,Multilateral,constant,USD million,0.062
2018,SUR,Suriname,,OPEC Fund for International Dev.,Multilateral,constant,USD million,7.879
2019,SUR,Suriname,,OPEC Fund for International Dev.,Multilateral,constant,USD million,7.8775
2020,SUR,Suriname,,OPEC Fund for International Dev.,Multilateral,constant,USD million,4.753
2021,SUR,Suriname,,OPEC Fund for International Dev.,Multilateral,constant,USD million,10.9608
2022,SUR,Suriname,,OPEC Fund for International Dev.,Multilateral,constant,USD million,6.6686
2023,SUR,Suriname,,OPEC Fund for International Dev.,Multilateral,constant,USD million,8.5063
2024,SUR,Suriname,,OPEC Fund for International Dev.,Multilateral,constant,USD million,11.3357
2025,SUR,Suriname,,OPEC Fund for International Dev.,Multilateral,constant,USD million,5.7672
2019,SUR,Suriname,,World Bank-IBRD                         ,Multilateral,constant,USD million,0.1911
2020,SUR,Suriname,,World Bank-IBRD                         ,Multilateral,constant,USD million,6.7808
2022,SUR,Suriname,,World Bank-IBRD                         ,Multilateral,constant,USD million,1.2812
2023,SUR,Suriname,,World Bank-IBRD                         ,Multilateral,constant,USD million,19.0631
2024,SUR,Suriname,,World Bank-IBRD                         ,Multilateral,constant,USD million,11.1263
2025,SUR,Suriname,,World Bank-IBRD                         ,Multilateral,constant,USD million,9.0553
2018,SYR,Syrian Arab Republic,,OPEC Fund for International Dev.,Multilateral,constant,USD million,
2023,SYR,Syrian Arab Republic,,World Bank-IDA                         ,Multilateral,constant,USD million,
2024,SYR,Syrian Arab Republic,,World Bank-IDA                         ,Multilateral,constant,USD million,
2023,TJK,Tajikistan,,Asian Dev. Bank   ,Multilateral,constant,USD million,2.116
2024,TJK,Tajikistan,,Asian Dev. Bank   ,Multilateral,constant,USD million,1.3744
2025,TJK,Tajikistan,,Asian Dev. Bank   ,Multilateral,constant,USD million,0.6068
2017,TJK,Tajikistan,,Asian Infrastructure Investment Bank,Multilateral,constant,USD million,0.0824
2018,TJK,Tajikistan,,Asian Infrastructure Investment Bank,Multilateral,constant,USD million,10.2863
2019,TJK,Tajikistan,,Asian Infrastructure Investment Bank,Multilateral,constant,USD million,8.448
2020,TJK,Tajikistan,,Asian Infrastructure Investment Bank,Multilateral,constant,USD million,5.5032
2021,TJK,Tajikistan,,Asian Infrastructure Investment Bank,Multilateral,constant,USD million,5.9903
2023,TJK,Tajikistan,,Asian Infrastructure Investment Bank,Multilateral,constant,USD million,15.2668
2024,TJK,Tajikistan,,Asian Infrastructure Investment Bank,Multilateral,constant,USD million,9.9164
2025,TJK,Tajikistan,,Asian Infrastructure Investment Bank,Multilateral,constant,USD million,6.1119
2017,TJK,Tajikistan,,Eurasian Development Bank,Multilateral,constant,USD million,23.8763
2020,TJK,Tajikistan,,Eurasian Development Bank,Multilateral,constant,USD million,66.7053
2023,TJK,Tajikistan,,Eurasian Development Bank,Multilateral,constant,USD million,10.7912
2024,TJK,Tajikistan,,Eurasian Development Bank,Multilateral,constant,USD million,7.3141
2025,TJK,Tajikistan,,Eurasian Development Bank,Multilateral,constant,USD million,4.821
2015,TJK,Tajikistan,,European Bank for Reconstruction and Dev. (EBRD),Multilateral,constant,USD million,18.406
2016,TJK,Tajikistan,,European Bank for Reconstruction and Dev. (EBRD),Multilateral,constant,USD million,27.7369
2017,TJK,Tajikistan,,European Bank for Reconstruction and Dev. (EBRD),Multilateral,constant,USD million,10.2394
2018,TJK,Tajikistan,,European Bank for Reconstruction and Dev. (EBRD),Multilateral,constant,USD million,54.3245
2019,TJK,Tajikistan,,European Bank for Reconstruction and Dev. (EBRD),Multilateral,constant,USD million,33.792
2020,TJK,Tajikistan,,European Bank for Reconstruction and Dev. (EBRD),Multilateral,constant,USD million,76.2735
2021,TJK,Tajikistan,,European Bank for Reconstruction and Dev. (EBRD),Multilateral,constant,USD million,87.7486
2022,TJK,Tajikistan,,European Bank for Reconstruction and Dev. (EBRD),Multilateral,constant,USD million,103.2636
2023,TJK,Tajikistan,,European Bank for Reconstruction and Dev. (EBRD),Multilateral,constant,USD million,177.5242
2024,TJK,Tajikistan,,European Bank for Reconstruction and Dev. (EBRD),Multilateral,constant,USD million,86.7072
2025,TJK,Tajikistan,,European Bank for Reconstruction and Dev. (EBRD),Multilateral,constant,USD million,35.8032
2018,TJK,Tajikistan,,European Investment Bank,Multilateral,constant,USD million,12.7738
2019,TJK,Tajikistan,,European Investment Bank,Multilateral,constant,USD million,1.4456
2020,TJK,Tajikistan,,European Investment Bank,Multilateral,constant,USD million,18.2863
2021,TJK,Tajikistan,,European Investment Bank,Multilateral,constant,USD million,47.0536
2022,TJK,Tajikistan,,European Investment Bank,Multilateral,constant,USD million,12.8722
2023,TJK,Tajikistan,,European Investment Bank,Multilateral,constant,USD million,8.5135
2024,TJK,Tajikistan,,European Investment Bank,Multilateral,constant,USD million,16.1146
2025,TJK,Tajikistan,,European Investment Bank,Multilateral,constant,USD million,8.3985
2023,TJK,Tajikistan,,International Fund for Agricultural Dev.,Multilateral,constant,USD million,5.0389
2024,TJK,Tajikistan,,International Fund for Agricultural Dev.,Multilateral,constant,USD million,3.5385
2025,TJK,Tajikistan,,International Fund for Agricultural Dev.,Multilateral,constant,USD million,2.1525
2015,TJK,Tajikistan,,Islamic Dev. Bank,Multilateral,constant,USD million,14.5154
2016,TJK,Tajikistan,,Islamic Dev. Bank,Multilateral,constant,USD million,6.971
2017,TJK,Tajikistan,,Islamic Dev. Bank,Multilateral,constant,USD million,13.2075
2018,TJK,Tajikistan,,Islamic Dev. Bank,Multilateral,constant,USD million,9.0146
2019,TJK,Tajikistan,,Islamic Dev. Bank,Multilateral,constant,USD million,2.514
2020,TJK,Tajikistan,,Islamic Dev. Bank,Multilateral,constant,USD million,40.9449
2021,TJK,Tajikistan,,Islamic Dev. Bank,Multilateral,constant,USD million,20.1308
2022,TJK,Tajikistan,,Islamic Dev. Bank,Multilateral,constant,USD million,0.5478
2023,TJK,Tajikistan,,Islamic Dev. Bank,Multilateral,constant,USD million,46.9657
2024,TJK,Tajikistan,,Islamic Dev. Bank,Multilateral,constant,USD million,34.7716
2025,TJK,Tajikistan,,Islamic Dev. Bank,Multilateral,constant,USD million,20.4915
2015,TJK,Tajikistan,,OPEC Fund for International Dev.,Multilateral,constant,USD million,3.3
2016,TJK,Tajikistan,,OPEC Fund for International Dev.,Multilateral,constant,USD million,0.1669
2018,TJK,Tajikistan,,OPEC Fund for International Dev.,Multilateral,constant,USD million,6.7312
2019,TJK,Tajikistan,,OPEC Fund for International Dev.,Multilateral,constant,USD million,6.0035
2020,TJK,Tajikistan,,OPEC Fund for International Dev.,Multilateral,constant,USD million,4.628
2021,TJK,Tajikistan,,OPEC Fund for International Dev.,Multilateral,constant,USD million,13.0317
2022,TJK,Tajikistan,,OPEC Fund for International Dev.,Multilateral,constant,USD million,7.3461
2023,TJK,Tajikistan,,OPEC Fund for International Dev.,Multilateral,constant,USD million,25.6293
2024,TJK,Tajikistan,,OPEC Fund for International Dev.,Multilateral,constant,USD million,15.1806
2025,TJK,Tajikistan,,OPEC Fund for International Dev.,Multilateral,constant,USD million,6.3791
2018,TJK,Tajikistan,,World Bank-IDA                         ,Multilateral,constant,USD million,0.3117
2023,TJK,Tajikistan,,World Bank-IDA                         ,Multilateral,constant,USD million,34.1388
2024,TJK,Tajikistan,,World Bank-IDA                         ,Multilateral,constant,USD million,35.4528
2025,TJK,Tajikistan,,World Bank-IDA                         ,Multilateral,constant,USD million,30.623
2016,TZA,Tanzania,,African Dev. Bank         ,Multilateral,constant,USD million,0.7162
2017,TZA,Tanzania,,African Dev. Bank         ,Multilateral,constant,USD million,2.9184
2018,TZA,Tanzania,,African Dev. Bank         ,Multilateral,constant,USD million,53.0215
2019,TZA,Tanzania,,African Dev. Bank         ,Multilateral,constant,USD million,76.3456
2020,TZA,Tanzania,,African Dev. Bank         ,Multilateral,constant,USD million,106.7365
2021,TZA,Tanzania,,African Dev. Bank         ,Multilateral,constant,USD million,103.8971
2022,TZA,Tanzania,,African Dev. Bank         ,Multilateral,constant,USD million,124.8181
2023,TZA,Tanzania,,African Dev. Bank         ,Multilateral,constant,USD million,331.7533
2024,TZA,Tanzania,,African Dev. Bank         ,Multilateral,constant,USD million,339.6837
2025,TZA,Tanzania,,African Dev. Bank         ,Multilateral,constant,USD million,247.1196
2023,TZA,Tanzania,,Arab African International Bank,Multilateral,constant,USD million,1.2702
2024,TZA,Tanzania,,Arab African International Bank,Multilateral,constant,USD million,0.5217
2025,TZA,Tanzania,,Arab African International Bank,Multilateral,constant,USD million,0.4541
2016,TZA,Tanzania,,Arab Bank for Economic Dev. in Africa (BADEA),Multilateral,constant,USD million,0.1161
2019,TZA,Tanzania,,Arab Bank for Economic Dev. in Africa (BADEA),Multilateral,constant,USD million,1.6654
2020,TZA,Tanzania,,Arab Bank for Economic Dev. in Africa (BADEA),Multilateral,constant,USD million,2.338
2022,TZA,Tanzania,,Arab Bank for Economic Dev. in Africa (BADEA),Multilateral,constant,USD million,6.2695
2023,TZA,Tanzania,,Arab Bank for Economic Dev. in Africa (BADEA),Multilateral,constant,USD million,13.5851
2024,TZA,Tanzania,,Arab Bank for Economic Dev. in Africa (BADEA),Multilateral,constant,USD million,15.341
2025,TZA,Tanzania,,Arab Bank for Economic Dev. in Africa (BADEA),Multilateral,constant,USD million,9.8763
2023,TZA,Tanzania,,Arab Fund for Economic & Social Development,Multilateral,constant,USD million,3.4651
2024,TZA,Tanzania,,Arab Fund for Economic & Social Development,Multilateral,constant,USD million,1.4665
2025,TZA,Tanzania,,Arab Fund for Economic & Social Development,Multilateral,constant,USD million,0.8207
2015,TZA,Tanzania,,European Investment Bank,Multilateral,constant,USD million,5.1784
2016,TZA,Tanzania,,European Investment Bank,Multilateral,constant,USD million,19.2795
2019,TZA,Tanzania,,European Investment Bank,Multilateral,constant,USD million,0.1815
2020,TZA,Tanzania,,European Investment Bank,Multilateral,constant,USD million,25.639
2021,TZA,Tanzania,,European Investment Bank,Multilateral,constant,USD million,6.0276
2022,TZA,Tanzania,,European Investment Bank,Multilateral,constant,USD million,24.4786
2023,TZA,Tanzania,,European Investment Bank,Multilateral,constant,USD million,51.3367
2024,TZA,Tanzania,,European Investment Bank,Multilateral,constant,USD million,33.243
2025,TZA,Tanzania,,European Investment Bank,Multilateral,constant,USD million,11.6082
2023,TZA,Tanzania,,International Fund for Agricultural Dev.,Multilateral,constant,USD million,17.1304
2024,TZA,Tanzania,,International Fund for Agricultural Dev.,Multilateral,constant,USD million,13.0822
2025,TZA,Tanzania,,International Fund for Agricultural Dev.,Multilateral,constant,USD million,9.1232
2023,TZA,Tanzania,,Nordic Development Fund,Multilateral,constant,USD million,4.0311
2024,TZA,Tanzania,,Nordic Development Fund,Multilateral,constant,USD million,2.8957
2025,TZA,Tanzania,,Nordic Development Fund,Multilateral,constant,USD million,1.9332
2023,TZA,Tanzania,,Nordic Investment Bank,Multilateral,constant,USD million,0.5338
2024,TZA,Tanzania,,Nordic Investment Bank,Multilateral,constant,USD million,0.1859
2025,TZA,Tanzania,,Nordic Investment Bank,Multilateral,constant,USD million,0.1841
2015,TZA,Tanzania,,OPEC Fund for International Dev.,Multilateral,constant,USD million,10.455
2016,TZA,Tanzania,,OPEC Fund for International Dev.,Multilateral,constant,USD million,3.0302
2017,TZA,Tanzania,,OPEC Fund for International Dev.,Multilateral,constant,USD million,11.1426
2018,TZA,Tanzania,,OPEC Fund for International Dev.,Multilateral,constant,USD million,14.3262
2019,TZA,Tanzania,,OPEC Fund for International Dev.,Multilateral,constant,USD million,12.5933
2020,TZA,Tanzania,,OPEC Fund for International Dev.,Multilateral,constant,USD million,11.2164
2021,TZA,Tanzania,,OPEC Fund for International Dev.,Multilateral,constant,USD million,5.5033
2022,TZA,Tanzania,,OPEC Fund for International Dev.,Multilateral,constant,USD million,15.2115
2023,TZA,Tanzania,,OPEC Fund for International Dev.,Multilateral,constant,USD million,39.1943
2024,TZA,Tanzania,,OPEC Fund for International Dev.,Multilateral,constant,USD million,19.0877
2025,TZA,Tanzania,,OPEC Fund for International Dev.,Multilateral,constant,USD million,6.9515
2017,TZA,Tanzania,,World Bank-IDA                         ,Multilateral,constant,USD million,50.7967
2018,TZA,Tanzania,,World Bank-IDA                         ,Multilateral,constant,USD million,146.7744
2019,TZA,Tanzania,,World Bank-IDA                         ,Multilateral,constant,USD million,108.7352
2020,TZA,Tanzania,,World Bank-IDA                         ,Multilateral,constant,USD million,137.0491
2021,TZA,Tanzania,,World Bank-IDA                         ,Multilateral,constant,USD million,56.5962
2022,TZA,Tanzania,,World Bank-IDA                         ,Multilateral,constant,USD million,605.4387
2023,TZA,Tanzania,,World Bank-IDA                         ,Multilateral,constant,USD million,862.9366
2024,TZA,Tanzania,,World Bank-IDA                         ,Multilateral,constant,USD million,821.8745
2025,TZA,Tanzania,,World Bank-IDA                         ,Multilateral,constant,USD million,772.5091
2015,THA,Thailand,,Asian Dev. Bank   ,Multilateral,constant,USD million,23.604
2016,THA,Thailand,,Asian Dev. Bank   ,Multilateral,constant,USD million,2.8914
2018,THA,Thailand,,Asian Dev. Bank   ,Multilateral,constant,USD million,80.7627
2021,THA,Thailand,,Asian Dev. Bank   ,Multilateral,constant,USD million,1300.5634
2015,TLS,Timor-Leste,,Asian Dev. Bank   ,Multilateral,constant,USD million,15.023
2016,TLS,Timor-Leste,,Asian Dev. Bank   ,Multilateral,constant,USD million,16.1292
2017,TLS,Timor-Leste,,Asian Dev. Bank   ,Multilateral,constant,USD million,17.3356
2018,TLS,Timor-Leste,,Asian Dev. Bank   ,Multilateral,constant,USD million,28.9388
2019,TLS,Timor-Leste,,Asian Dev. Bank   ,Multilateral,constant,USD million,26.5757
2020,TLS,Timor-Leste,,Asian Dev. Bank   ,Multilateral,constant,USD million,19.7003
2021,TLS,Timor-Leste,,Asian Dev. Bank   ,Multilateral,constant,USD million,14.1207
2022,TLS,Timor-Leste,,Asian Dev. Bank   ,Multilateral,constant,USD million,19.6929
2023,TLS,Timor-Leste,,Asian Dev. Bank   ,Multilateral,constant,USD million,69.9244
2024,TLS,Timor-Leste,,Asian Dev. Bank   ,Multilateral,constant,USD million,101.007
2025,TLS,Timor-Leste,,Asian Dev. Bank   ,Multilateral,constant,USD million,69.2492
2015,TLS,Timor-Leste,,World Bank-IBRD                         ,Multilateral,constant,USD million,0.002
2016,TLS,Timor-Leste,,World Bank-IBRD                         ,Multilateral,constant,USD million,0.002
2017,TLS,Timor-Leste,,World Bank-IBRD                         ,Multilateral,constant,USD million,2.08
2018,TLS,Timor-Leste,,World Bank-IBRD                         ,Multilateral,constant,USD million,4.7541
2019,TLS,Timor-Leste,,World Bank-IBRD                         ,Multilateral,constant,USD million,6.1289
2020,TLS,Timor-Leste,,World Bank-IBRD                         ,Multilateral,constant,USD million,2.4001
2021,TLS,Timor-Leste,,World Bank-IBRD                         ,Multilateral,constant,USD million,0.1938
2022,TLS,Timor-Leste,,World Bank-IBRD                         ,Multilateral,constant,USD million,0.15
2015,TLS,Timor-Leste,,World Bank-IDA                         ,Multilateral,constant,USD million,7.101
2016,TLS,Timor-Leste,,World Bank-IDA                         ,Multilateral,constant,USD million,5.6274
2017,TLS,Timor-Leste,,World Bank-IDA                         ,Multilateral,constant,USD million,9.3713
2018,TLS,Timor-Leste,,World Bank-IDA                         ,Multilateral,constant,USD million,2.9052
2019,TLS,Timor-Leste,,World Bank-IDA                         ,Multilateral,constant,USD million,4.0128
2020,TLS,Timor-Leste,,World Bank-IDA                         ,Multilateral,constant,USD million,2.2385
2021,TLS,Timor-Leste,,World Bank-IDA                         ,Multilateral,constant,USD million,3.7842
2022,TLS,Timor-Leste,,World Bank-IDA                         ,Multilateral,constant,USD million,4.5185
2023,TLS,Timor-Leste,,World Bank-IDA                         ,Multilateral,constant,USD million,33.8865
2024,TLS,Timor-Leste,,World Bank-IDA                         ,Multilateral,constant,USD million,33.2149
2025,TLS,Timor-Leste,,World Bank-IDA                         ,Multilateral,constant,USD million,31.2508
2023,TGO,Togo,,African Dev. Bank         ,Multilateral,constant,USD million,7.7798
2024,TGO,Togo,,African Dev. Bank         ,Multilateral,constant,USD million,7.1851
2025,TGO,Togo,,African Dev. Bank         ,Multilateral,constant,USD million,5.4597
2023,TGO,Togo,,Arab Bank for Economic Dev. in Africa (BADEA),Multilateral,constant,USD million,9.9699
2024,TGO,Togo,,Arab Bank for Economic Dev. in Africa (BADEA),Multilateral,constant,USD million,6.7973
2025,TGO,Togo,,Arab Bank for Economic Dev. in Africa (BADEA),Multilateral,constant,USD million,4.6012
2015,TGO,Togo,,Economic Community of West African States (ECOWAS),Multilateral,constant,USD million,1.4033
2016,TGO,Togo,,Economic Community of West African States (ECOWAS),Multilateral,constant,USD million,4.0983
2017,TGO,Togo,,Economic Community of West African States (ECOWAS),Multilateral,constant,USD million,0.0371
2018,TGO,Togo,,Economic Community of West African States (ECOWAS),Multilateral,constant,USD million,2.0381
2019,TGO,Togo,,Economic Community of West African States (ECOWAS),Multilateral,constant,USD million,0.4236
2020,TGO,Togo,,Economic Community of West African States (ECOWAS),Multilateral,constant,USD million,0.7082
2021,TGO,Togo,,Economic Community of West African States (ECOWAS),Multilateral,constant,USD million,1.3663
2022,TGO,Togo,,Economic Community of West African States (ECOWAS),Multilateral,constant,USD million,1.5623
2023,TGO,Togo,,Economic Community of West African States (ECOWAS),Multilateral,constant,USD million,10.7824
2024,TGO,Togo,,Economic Community of West African States (ECOWAS),Multilateral,constant,USD million,5.1557
2025,TGO,Togo,,Economic Community of West African States (ECOWAS),Multilateral,constant,USD million,2.9782
2016,TGO,Togo,,European Investment Bank,Multilateral,constant,USD million,2.2196
2020,TGO,Togo,,European Investment Bank,Multilateral,constant,USD million,12.4482
2019,TGO,Togo,,International Fund for Agricultural Dev.,Multilateral,constant,USD million,0.1047
2020,TGO,Togo,,International Fund for Agricultural Dev.,Multilateral,constant,USD million,0.5124
2023,TGO,Togo,,International Fund for Agricultural Dev.,Multilateral,constant,USD million,7.1474
2024,TGO,Togo,,International Fund for Agricultural Dev.,Multilateral,constant,USD million,4.9767
2025,TGO,Togo,,International Fund for Agricultural Dev.,Multilateral,constant,USD million,3.2935
2018,TGO,Togo,,Islamic Dev. Bank,Multilateral,constant,USD million,7.3381
2019,TGO,Togo,,Islamic Dev. Bank,Multilateral,constant,USD million,3.7084
2020,TGO,Togo,,Islamic Dev. Bank,Multilateral,constant,USD million,1.9893
2021,TGO,Togo,,Islamic Dev. Bank,Multilateral,constant,USD million,1.8375
2022,TGO,Togo,,Islamic Dev. Bank,Multilateral,constant,USD million,3.287
2023,TGO,Togo,,Islamic Dev. Bank,Multilateral,constant,USD million,85.4594
2024,TGO,Togo,,Islamic Dev. Bank,Multilateral,constant,USD million,117.81
2025,TGO,Togo,,Islamic Dev. Bank,Multilateral,constant,USD million,70.7671
2015,TGO,Togo,,OPEC Fund for International Dev.,Multilateral,constant,USD million,1.694
2016,TGO,Togo,,OPEC Fund for International Dev.,Multilateral,constant,USD million,2.1069
2017,TGO,Togo,,OPEC Fund for International Dev.,Multilateral,constant,USD million,1.3334
2018,TGO,Togo,,OPEC Fund for International Dev.,Multilateral,constant,USD million,2.0694
2019,TGO,Togo,,OPEC Fund for International Dev.,Multilateral,constant,USD million,1.2162
2020,TGO,Togo,,OPEC Fund for International Dev.,Multilateral,constant,USD million,3.6409
2021,TGO,Togo,,OPEC Fund for International Dev.,Multilateral,constant,USD million,3.7506
2022,TGO,Togo,,OPEC Fund for International Dev.,Multilateral,constant,USD million,2.766
2023,TGO,Togo,,OPEC Fund for International Dev.,Multilateral,constant,USD million,11.0402
2024,TGO,Togo,,OPEC Fund for International Dev.,Multilateral,constant,USD million,7.9416
2025,TGO,Togo,,OPEC Fund for International Dev.,Multilateral,constant,USD million,4.1674
2015,TGO,Togo,,West African Development Bank - BOAD,Multilateral,constant,USD million,47.076
2016,TGO,Togo,,West African Development Bank - BOAD,Multilateral,constant,USD million,64.0336
2017,TGO,Togo,,West African Development Bank - BOAD,Multilateral,constant,USD million,42.7067
2018,TGO,Togo,,West African Development Bank - BOAD,Multilateral,constant,USD million,25.1379
2019,TGO,Togo,,West African Development Bank - BOAD,Multilateral,constant,USD million,13.1546
2020,TGO,Togo,,West African Development Bank - BOAD,Multilateral,constant,USD million,3.6106
2021,TGO,Togo,,West African Development Bank - BOAD,Multilateral,constant,USD million,3.7233
2022,TGO,Togo,,West African Development Bank - BOAD,Multilateral,constant,USD million,9.3781
2023,TGO,Togo,,West African Development Bank - BOAD,Multilateral,constant,USD million,36.9426
2024,TGO,Togo,,West African Development Bank - BOAD,Multilateral,constant,USD million,49.1423
2025,TGO,Togo,,West African Development Bank - BOAD,Multilateral,constant,USD million,27.9457
2023,TGO,Togo,,World Bank-IDA                         ,Multilateral,constant,USD million,61.9656
2024,TGO,Togo,,World Bank-IDA                         ,Multilateral,constant,USD million,56.7339
2025,TGO,Togo,,World Bank-IDA                         ,Multilateral,constant,USD million,51.3677
2023,TON,Tonga,,Asian Dev. Bank   ,Multilateral,constant,USD million,0.1004
2024,TON,Tonga,,Asian Dev. Bank   ,Multilateral,constant,USD million,0.0585
2025,TON,Tonga,,Asian Dev. Bank   ,Multilateral,constant,USD million,0.0381
2018,TON,Tonga,,International Fund for Agricultural Dev.,Multilateral,constant,USD million,0.6146
2020,TON,Tonga,,International Fund for Agricultural Dev.,Multilateral,constant,USD million,0.277
2021,TON,Tonga,,International Fund for Agricultural Dev.,Multilateral,constant,USD million,0.152
2023,TON,Tonga,,International Fund for Agricultural Dev.,Multilateral,constant,USD million,0.2446
2024,TON,Tonga,,International Fund for Agricultural Dev.,Multilateral,constant,USD million,0.0792
2025,TON,Tonga,,International Fund for Agricultural Dev.,Multilateral,constant,USD million,0.0773
2023,TON,Tonga,,World Bank-IDA                         ,Multilateral,constant,USD million,1.3403
2024,TON,Tonga,,World Bank-IDA                         ,Multilateral,constant,USD million,1.0204
2025,TON,Tonga,,World Bank-IDA                         ,Multilateral,constant,USD million,0.7416
2015,TUN,Tunisia,,African Dev. Bank         ,Multilateral,constant,USD million,330.15
2016,TUN,Tunisia,,African Dev. Bank         ,Multilateral,constant,USD million,598.9964
2017,TUN,Tunisia,,African Dev. Bank         ,Multilateral,constant,USD million,67.5398
2018,TUN,Tunisia,,African Dev. Bank         ,Multilateral,constant,USD million,277.2116
2019,TUN,Tunisia,,African Dev. Bank         ,Multilateral,constant,USD million,275.327
2020,TUN,Tunisia,,African Dev. Bank         ,Multilateral,constant,USD million,343.8514
2021,TUN,Tunisia,,African Dev. Bank         ,Multilateral,constant,USD million,116.1295
2022,TUN,Tunisia,,African Dev. Bank         ,Multilateral,constant,USD million,47.3527
2023,TUN,Tunisia,,African Dev. Bank         ,Multilateral,constant,USD million,205.2807
2024,TUN,Tunisia,,African Dev. Bank         ,Multilateral,constant,USD million,207.1605
2025,TUN,Tunisia,,African Dev. Bank         ,Multilateral,constant,USD million,170.8245
2015,TUN,Tunisia,,Arab Bank for Economic Dev. in Africa (BADEA),Multilateral,constant,USD million,128.2801
2016,TUN,Tunisia,,Arab Bank for Economic Dev. in Africa (BADEA),Multilateral,constant,USD million,3.8122
2017,TUN,Tunisia,,Arab Bank for Economic Dev. in Africa (BADEA),Multilateral,constant,USD million,33.7822
2018,TUN,Tunisia,,Arab Bank for Economic Dev. in Africa (BADEA),Multilateral,constant,USD million,66.3545
2019,TUN,Tunisia,,Arab Bank for Economic Dev. in Africa (BADEA),Multilateral,constant,USD million,22.4004
2020,TUN,Tunisia,,Arab Bank for Economic Dev. in Africa (BADEA),Multilateral,constant,USD million,25.1881
2021,TUN,Tunisia,,Arab Bank for Economic Dev. in Africa (BADEA),Multilateral,constant,USD million,9.8869
2022,TUN,Tunisia,,Arab Bank for Economic Dev. in Africa (BADEA),Multilateral,constant,USD million,3.1578
2023,TUN,Tunisia,,Arab Bank for Economic Dev. in Africa (BADEA),Multilateral,constant,USD million,26.3579
2024,TUN,Tunisia,,Arab Bank for Economic Dev. in Africa (BADEA),Multilateral,constant,USD million,16.2851
2025,TUN,Tunisia,,Arab Bank for Economic Dev. in Africa (BADEA),Multilateral,constant,USD million,7.4438
2015,TUN,Tunisia,,Arab Fund for Economic & Social Development,Multilateral,constant,USD million,51.6915
2016,TUN,Tunisia,,Arab Fund for Economic & Social Development,Multilateral,constant,USD million,71.9286
2017,TUN,Tunisia,,Arab Fund for Economic & Social Development,Multilateral,constant,USD million,128.4
2018,TUN,Tunisia,,Arab Fund for Economic & Social Development,Multilateral,constant,USD million,114.8929
2019,TUN,Tunisia,,Arab Fund for Economic & Social Development,Multilateral,constant,USD million,73.2739
2020,TUN,Tunisia,,Arab Fund for Economic & Social Development,Multilateral,constant,USD million,37.6285
2021,TUN,Tunisia,,Arab Fund for Economic & Social Development,Multilateral,constant,USD million,65.6989
2022,TUN,Tunisia,,Arab Fund for Economic & Social Development,Multilateral,constant,USD million,80.3052
2023,TUN,Tunisia,,Arab Fund for Economic & Social Development,Multilateral,constant,USD million,375.2173
2024,TUN,Tunisia,,Arab Fund for Economic & Social Development,Multilateral,constant,USD million,281.4687
2025,TUN,Tunisia,,Arab Fund for Economic & Social Development,Multilateral,constant,USD million,137.8197
2018,TUN,Tunisia,,Arab Monetary Fund,Multilateral,constant,USD million,17.9137
2020,TUN,Tunisia,,Arab Monetary Fund,Multilateral,constant,USD million,126.8246
2021,TUN,Tunisia,,Arab Monetary Fund,Multilateral,constant,USD million,11.9319
2023,TUN,Tunisia,,Arab Monetary Fund,Multilateral,constant,USD million,19.3862
2024,TUN,Tunisia,,Arab Monetary Fund,Multilateral,constant,USD million,32.1526
2025,TUN,Tunisia,,Arab Monetary Fund,Multilateral,constant,USD million,16.5637
2017,TUN,Tunisia,,European Bank for Reconstruction and Dev. (EBRD),Multilateral,constant,USD million,9.8599
2018,TUN,Tunisia,,European Bank for Reconstruction and Dev. (EBRD),Multilateral,constant,USD million,25.4105
2019,TUN,Tunisia,,European Bank for Reconstruction and Dev. (EBRD),Multilateral,constant,USD million,15.7985
2020,TUN,Tunisia,,European Bank for Reconstruction and Dev. (EBRD),Multilateral,constant,USD million,5.4809
2022,TUN,Tunisia,,European Bank for Reconstruction and Dev. (EBRD),Multilateral,constant,USD million,119.2857
2023,TUN,Tunisia,,European Bank for Reconstruction and Dev. (EBRD),Multilateral,constant,USD million,73.8669
2024,TUN,Tunisia,,European Bank for Reconstruction and Dev. (EBRD),Multilateral,constant,USD million,129.3585
2025,TUN,Tunisia,,European Bank for Reconstruction and Dev. (EBRD),Multilateral,constant,USD million,78.8112
2015,TUN,Tunisia,,European Investment Bank,Multilateral,constant,USD million,214.5103
2016,TUN,Tunisia,,European Investment Bank,Multilateral,constant,USD million,139.6005
2017,TUN,Tunisia,,European Investment Bank,Multilateral,constant,USD million,250.7625
2018,TUN,Tunisia,,European Investment Bank,Multilateral,constant,USD million,65.834
2019,TUN,Tunisia,,European Investment Bank,Multilateral,constant,USD million,275.5371
2020,TUN,Tunisia,,European Investment Bank,Multilateral,constant,USD million,138.1772
2021,TUN,Tunisia,,European Investment Bank,Multilateral,constant,USD million,41.4969
2022,TUN,Tunisia,,European Investment Bank,Multilateral,constant,USD million,129.1878
2023,TUN,Tunisia,,European Investment Bank,Multilateral,constant,USD million,311.2822
2024,TUN,Tunisia,,European Investment Bank,Multilateral,constant,USD million,187.3149
2025,TUN,Tunisia,,European Investment Bank,Multilateral,constant,USD million,98.2991
2017,TUN,Tunisia,,European Union,Multilateral,constant,USD million,253.6298
2019,TUN,Tunisia,,European Union,Multilateral,constant,USD million,395.3243
2015,TUN,Tunisia,,International Fund for Agricultural Dev.,Multilateral,constant,USD million,2.3137
2016,TUN,Tunisia,,International Fund for Agricultural Dev.,Multilateral,constant,USD million,1.8778
2017,TUN,Tunisia,,International Fund for Agricultural Dev.,Multilateral,constant,USD million,6.7167
2018,TUN,Tunisia,,International Fund for Agricultural Dev.,Multilateral,constant,USD million,3.8995
2019,TUN,Tunisia,,International Fund for Agricultural Dev.,Multilateral,constant,USD million,5.8807
2020,TUN,Tunisia,,International Fund for Agricultural Dev.,Multilateral,constant,USD million,5.1442
2021,TUN,Tunisia,,International Fund for Agricultural Dev.,Multilateral,constant,USD million,0.9852
2023,TUN,Tunisia,,International Fund for Agricultural Dev.,Multilateral,constant,USD million,15.7091
2024,TUN,Tunisia,,International Fund for Agricultural Dev.,Multilateral,constant,USD million,9.1873
2025,TUN,Tunisia,,International Fund for Agricultural Dev.,Multilateral,constant,USD million,5.0324
2015,TUN,Tunisia,,Islamic Dev. Bank,Multilateral,constant,USD million,18.3708
2016,TUN,Tunisia,,Islamic Dev. Bank,Multilateral,constant,USD million,212.9935
2017,TUN,Tunisia,,Islamic Dev. Bank,Multilateral,constant,USD million,27.1962
2018,TUN,Tunisia,,Islamic Dev. Bank,Multilateral,constant,USD million,318.8237
2019,TUN,Tunisia,,Islamic Dev. Bank,Multilateral,constant,USD million,318.8736
2020,TUN,Tunisia,,Islamic Dev. Bank,Multilateral,constant,USD million,246.3349
2021,TUN,Tunisia,,Islamic Dev. Bank,Multilateral,constant,USD million,266.2074
2022,TUN,Tunisia,,Islamic Dev. Bank,Multilateral,constant,USD million,148.2358
2023,TUN,Tunisia,,Islamic Dev. Bank,Multilateral,constant,USD million,165.4065
2024,TUN,Tunisia,,Islamic Dev. Bank,Multilateral,constant,USD million,88.4332
2025,TUN,Tunisia,,Islamic Dev. Bank,Multilateral,constant,USD million,50.6566
2015,TUN,Tunisia,,OPEC Fund for International Dev.,Multilateral,constant,USD million,20.882
2016,TUN,Tunisia,,OPEC Fund for International Dev.,Multilateral,constant,USD million,4.6228
2017,TUN,Tunisia,,OPEC Fund for International Dev.,Multilateral,constant,USD million,0.8273
2018,TUN,Tunisia,,OPEC Fund for International Dev.,Multilateral,constant,USD million,0.2583
2019,TUN,Tunisia,,OPEC Fund for International Dev.,Multilateral,constant,USD million,0.4661
2023,TUN,Tunisia,,OPEC Fund for International Dev.,Multilateral,constant,USD million,0.4233
2024,TUN,Tunisia,,OPEC Fund for International Dev.,Multilateral,constant,USD million,0.2645
2015,TUN,Tunisia,,World Bank-IBRD                         ,Multilateral,constant,USD million,622.939
2016,TUN,Tunisia,,World Bank-IBRD                         ,Multilateral,constant,USD million,136.9123
2017,TUN,Tunisia,,World Bank-IBRD                         ,Multilateral,constant,USD million,729.7628
2018,TUN,Tunisia,,World Bank-IBRD                         ,Multilateral,constant,USD million,695.9837
2019,TUN,Tunisia,,World Bank-IBRD                         ,Multilateral,constant,USD million,159.1647
2020,TUN,Tunisia,,World Bank-IBRD                         ,Multilateral,constant,USD million,495.3808
2021,TUN,Tunisia,,World Bank-IBRD                         ,Multilateral,constant,USD million,313.4766
2022,TUN,Tunisia,,World Bank-IBRD                         ,Multilateral,constant,USD million,402.208
2023,TUN,Tunisia,,World Bank-IBRD                         ,Multilateral,constant,USD million,282.1524
2024,TUN,Tunisia,,World Bank-IBRD                         ,Multilateral,constant,USD million,191.3357
2025,TUN,Tunisia,,World Bank-IBRD                         ,Multilateral,constant,USD million,125.5961
2021,TUN,Tunisia,,World Trade Organization,Multilateral,constant,USD million,9.1513
2023,TUN,Tunisia,,World Trade Organization,Multilateral,constant,USD million,39.9487
2024,TUN,Tunisia,,World Trade Organization,Multilateral,constant,USD million,21.2733
2025,TUN,Tunisia,,World Trade Organization,Multilateral,constant,USD million,9.9919
2018,TUR,Turkiye,,Asian Infrastructure Investment Bank,Multilateral,constant,USD million,1.8655
2019,TUR,Turkiye,,Asian Infrastructure Investment Bank,Multilateral,constant,USD million,107.8444
2020,TUR,Turkiye,,Asian Infrastructure Investment Bank,Multilateral,constant,USD million,503.022
2021,TUR,Turkiye,,Asian Infrastructure Investment Bank,Multilateral,constant,USD million,1168.4357
2022,TUR,Turkiye,,Asian Infrastructure Investment Bank,Multilateral,constant,USD million,767.6599
2023,TUR,Turkiye,,Asian Infrastructure Investment Bank,Multilateral,constant,USD million,421.1506
2024,TUR,Turkiye,,Asian Infrastructure Investment Bank,Multilateral,constant,USD million,294.3859
2025,TUR,Turkiye,,Asian Infrastructure Investment Bank,Multilateral,constant,USD million,154.505
2015,TUR,Turkiye,,Council of Europe,Multilateral,constant,USD million,229.6838
2016,TUR,Turkiye,,Council of Europe,Multilateral,constant,USD million,289.1537
2017,TUR,Turkiye,,Council of Europe,Multilateral,constant,USD million,201.7529
2018,TUR,Turkiye,,Council of Europe,Multilateral,constant,USD million,301.1663
2019,TUR,Turkiye,,Council of Europe,Multilateral,constant,USD million,243.0057
2020,TUR,Turkiye,,Council of Europe,Multilateral,constant,USD million,162.1705
2021,TUR,Turkiye,,Council of Europe,Multilateral,constant,USD million,166.2873
2023,TUR,Turkiye,,Council of Europe,Multilateral,constant,USD million,108.7746
2024,TUR,Turkiye,,Council of Europe,Multilateral,constant,USD million,105.5041
2025,TUR,Turkiye,,Council of Europe,Multilateral,constant,USD million,62.0017
2020,TUR,Turkiye,,ECO Trade and Dev. Bank,Multilateral,constant,USD million,24.3256
2015,TUR,Turkiye,,European Bank for Reconstruction and Dev. (EBRD),Multilateral,constant,USD million,23.8641
2016,TUR,Turkiye,,European Bank for Reconstruction and Dev. (EBRD),Multilateral,constant,USD million,33.3892
2017,TUR,Turkiye,,European Bank for Reconstruction and Dev. (EBRD),Multilateral,constant,USD million,68.618
2018,TUR,Turkiye,,European Bank for Reconstruction and Dev. (EBRD),Multilateral,constant,USD million,89.7782
2019,TUR,Turkiye,,European Bank for Reconstruction and Dev. (EBRD),Multilateral,constant,USD million,133.7062
2020,TUR,Turkiye,,European Bank for Reconstruction and Dev. (EBRD),Multilateral,constant,USD million,150.8129
2021,TUR,Turkiye,,European Bank for Reconstruction and Dev. (EBRD),Multilateral,constant,USD million,88.7486
2022,TUR,Turkiye,,European Bank for Reconstruction and Dev. (EBRD),Multilateral,constant,USD million,199.118
2023,TUR,Turkiye,,European Bank for Reconstruction and Dev. (EBRD),Multilateral,constant,USD million,144.8451
2024,TUR,Turkiye,,European Bank for Reconstruction and Dev. (EBRD),Multilateral,constant,USD million,107.0582
2025,TUR,Turkiye,,European Bank for Reconstruction and Dev. (EBRD),Multilateral,constant,USD million,56.6878
2015,TUR,Turkiye,,European Development Fund (EDF),Multilateral,constant,USD million,236.5211
2016,TUR,Turkiye,,European Development Fund (EDF),Multilateral,constant,USD million,94.8732
2023,TUR,Turkiye,,European Development Fund (EDF),Multilateral,constant,USD million,144.9746
2024,TUR,Turkiye,,European Development Fund (EDF),Multilateral,constant,USD million,37.9286
2025,TUR,Turkiye,,European Development Fund (EDF),Multilateral,constant,USD million,15.5837
2015,TUR,Turkiye,,European Investment Bank,Multilateral,constant,USD million,867.0184
2016,TUR,Turkiye,,European Investment Bank,Multilateral,constant,USD million,1643.1294
2017,TUR,Turkiye,,European Investment Bank,Multilateral,constant,USD million,1281.7795
2018,TUR,Turkiye,,European Investment Bank,Multilateral,constant,USD million,1496.3598
2019,TUR,Turkiye,,European Investment Bank,Multilateral,constant,USD million,151.6945
2020,TUR,Turkiye,,European Investment Bank,Multilateral,constant,USD million,91.9101
2021,TUR,Turkiye,,European Investment Bank,Multilateral,constant,USD million,165.6504
2022,TUR,Turkiye,,European Investment Bank,Multilateral,constant,USD million,51.5582
2023,TUR,Turkiye,,European Investment Bank,Multilateral,constant,USD million,264.5026
2024,TUR,Turkiye,,European Investment Bank,Multilateral,constant,USD million,213.3047
2025,TUR,Turkiye,,European Investment Bank,Multilateral,constant,USD million,132.7012
2015,TUR,Turkiye,,International Finance Corporation,Multilateral,constant,USD million,43.2738
2016,TUR,Turkiye,,International Finance Corporation,Multilateral,constant,USD million,121.6464
2017,TUR,Turkiye,,International Finance Corporation,Multilateral,constant,USD million,7.5361
2018,TUR,Turkiye,,International Finance Corporation,Multilateral,constant,USD million,171.4077
2019,TUR,Turkiye,,International Finance Corporation,Multilateral,constant,USD million,105.9328
2020,TUR,Turkiye,,International Finance Corporation,Multilateral,constant,USD million,34.0558
2021,TUR,Turkiye,,International Finance Corporation,Multilateral,constant,USD million,46.6252
2023,TUR,Turkiye,,International Finance Corporation,Multilateral,constant,USD million,5.5572
2024,TUR,Turkiye,,International Finance Corporation,Multilateral,constant,USD million,1.9565
2025,TUR,Turkiye,,International Finance Corporation,Multilateral,constant,USD million,1.6236
2015,TUR,Turkiye,,International Fund for Agricultural Dev.,Multilateral,constant,USD million,5.8889
2016,TUR,Turkiye,,International Fund for Agricultural Dev.,Multilateral,constant,USD million,10.0403
2017,TUR,Turkiye,,International Fund for Agricultural Dev.,Multilateral,constant,USD million,13.7972
2018,TUR,Turkiye,,International Fund for Agricultural Dev.,Multilateral,constant,USD million,3.3588
2019,TUR,Turkiye,,International Fund for Agricultural Dev.,Multilateral,constant,USD million,3.8853
2020,TUR,Turkiye,,International Fund for Agricultural Dev.,Multilateral,constant,USD million,9.2176
2021,TUR,Turkiye,,International Fund for Agricultural Dev.,Multilateral,constant,USD million,12.7434
2022,TUR,Turkiye,,International Fund for Agricultural Dev.,Multilateral,constant,USD million,8.7752
2023,TUR,Turkiye,,International Fund for Agricultural Dev.,Multilateral,constant,USD million,29.6139
2024,TUR,Turkiye,,International Fund for Agricultural Dev.,Multilateral,constant,USD million,20.123
2025,TUR,Turkiye,,International Fund for Agricultural Dev.,Multilateral,constant,USD million,8.8342
2015,TUR,Turkiye,,Islamic Dev. Bank,Multilateral,constant,USD million,528.258
2016,TUR,Turkiye,,Islamic Dev. Bank,Multilateral,constant,USD million,362.7843
2017,TUR,Turkiye,,Islamic Dev. Bank,Multilateral,constant,USD million,436.3529
2018,TUR,Turkiye,,Islamic Dev. Bank,Multilateral,constant,USD million,301.4888
2019,TUR,Turkiye,,Islamic Dev. Bank,Multilateral,constant,USD million,225.7216
2020,TUR,Turkiye,,Islamic Dev. Bank,Multilateral,constant,USD million,47.4086
2021,TUR,Turkiye,,Islamic Dev. Bank,Multilateral,constant,USD million,11.6401
2022,TUR,Turkiye,,Islamic Dev. Bank,Multilateral,constant,USD million,64.1011
2023,TUR,Turkiye,,Islamic Dev. Bank,Multilateral,constant,USD million,128.1365
2024,TUR,Turkiye,,Islamic Dev. Bank,Multilateral,constant,USD million,55.2839
2025,TUR,Turkiye,,Islamic Dev. Bank,Multilateral,constant,USD million,25.8169
2015,TUR,Turkiye,,Multiple Lenders,Multilateral,constant,USD million,16.6438
2016,TUR,Turkiye,,Multiple Lenders,Multilateral,constant,USD million,11.4065
2017,TUR,Turkiye,,Multiple Lenders,Multilateral,constant,USD million,12.6658
2018,TUR,Turkiye,,Multiple Lenders,Multilateral,constant,USD million,73.4552
2019,TUR,Turkiye,,Multiple Lenders,Multilateral,constant,USD million,174.2115
2020,TUR,Turkiye,,Multiple Lenders,Multilateral,constant,USD million,199.794
2021,TUR,Turkiye,,Multiple Lenders,Multilateral,constant,USD million,131.0344
2023,TUR,Turkiye,,Multiple Lenders,Multilateral,constant,USD million,5.5967
2024,TUR,Turkiye,,Multiple Lenders,Multilateral,constant,USD million,12.3348
2025,TUR,Turkiye,,Multiple Lenders,Multilateral,constant,USD million,8.7756
2023,TUR,Turkiye,,OPEC Fund for International Dev.,Multilateral,constant,USD million,0.6633
2024,TUR,Turkiye,,OPEC Fund for International Dev.,Multilateral,constant,USD million,0.3829
2020,TUR,Turkiye,,UN-Population Fund (UNFPA),Multilateral,constant,USD million,63.9322
2022,TUR,Turkiye,,UN-Population Fund (UNFPA),Multilateral,constant,USD million,72.7537
2015,TUR,Turkiye,,World Bank-IBRD                         ,Multilateral,constant,USD million,489.393
2016,TUR,Turkiye,,World Bank-IBRD                         ,Multilateral,constant,USD million,554.2899
2017,TUR,Turkiye,,World Bank-IBRD                         ,Multilateral,constant,USD million,1502.9195
2018,TUR,Turkiye,,World Bank-IBRD                         ,Multilateral,constant,USD million,786.5151
2019,TUR,Turkiye,,World Bank-IBRD                         ,Multilateral,constant,USD million,493.5014
2020,TUR,Turkiye,,World Bank-IBRD                         ,Multilateral,constant,USD million,759.4291
2021,TUR,Turkiye,,World Bank-IBRD                         ,Multilateral,constant,USD million,817.2649
2022,TUR,Turkiye,,World Bank-IBRD                         ,Multilateral,constant,USD million,1539.0031
2023,TUR,Turkiye,,World Bank-IBRD                         ,Multilateral,constant,USD million,1042.45
2024,TUR,Turkiye,,World Bank-IBRD                         ,Multilateral,constant,USD million,895.2111
2025,TUR,Turkiye,,World Bank-IBRD                         ,Multilateral,constant,USD million,796.3046
2015,TKM,Turkmenistan,,Asian Dev. Bank   ,Multilateral,constant,USD million,6.32
2016,TKM,Turkmenistan,,Asian Dev. Bank   ,Multilateral,constant,USD million,22.2368
2017,TKM,Turkmenistan,,Asian Dev. Bank   ,Multilateral,constant,USD million,0.1005
2019,TKM,Turkmenistan,,Asian Dev. Bank   ,Multilateral,constant,USD million,0.5328
2020,TKM,Turkmenistan,,Asian Dev. Bank   ,Multilateral,constant,USD million,64.7424
2021,TKM,Turkmenistan,,Asian Dev. Bank   ,Multilateral,constant,USD million,84.9182
2022,TKM,Turkmenistan,,Asian Dev. Bank   ,Multilateral,constant,USD million,101.5042
2023,TKM,Turkmenistan,,Asian Dev. Bank   ,Multilateral,constant,USD million,47.6537
2024,TKM,Turkmenistan,,Asian Dev. Bank   ,Multilateral,constant,USD million,30.121
2015,TKM,Turkmenistan,,Islamic Dev. Bank,Multilateral,constant,USD million,28.967
2016,TKM,Turkmenistan,,Islamic Dev. Bank,Multilateral,constant,USD million,90.9221
2017,TKM,Turkmenistan,,Islamic Dev. Bank,Multilateral,constant,USD million,22.1832
2018,TKM,Turkmenistan,,Islamic Dev. Bank,Multilateral,constant,USD million,2.678
2019,TKM,Turkmenistan,,Islamic Dev. Bank,Multilateral,constant,USD million,95.9614
2020,TKM,Turkmenistan,,Islamic Dev. Bank,Multilateral,constant,USD million,121.5922
2021,TKM,Turkmenistan,,Islamic Dev. Bank,Multilateral,constant,USD million,21.6214
2022,TKM,Turkmenistan,,Islamic Dev. Bank,Multilateral,constant,USD million,96.0277
2023,TKM,Turkmenistan,,Islamic Dev. Bank,Multilateral,constant,USD million,76.8429
2024,TKM,Turkmenistan,,Islamic Dev. Bank,Multilateral,constant,USD million,42.9464
2025,TKM,Turkmenistan,,Islamic Dev. Bank,Multilateral,constant,USD million,31.2457
2017,TKM,Turkmenistan,,OPEC Fund for International Dev.,Multilateral,constant,USD million,0.5744
2020,TKM,Turkmenistan,,OPEC Fund for International Dev.,Multilateral,constant,USD million,8.3679
2023,TKM,Turkmenistan,,OPEC Fund for International Dev.,Multilateral,constant,USD million,5.4333
2024,TKM,Turkmenistan,,OPEC Fund for International Dev.,Multilateral,constant,USD million,10.0454
2025,TKM,Turkmenistan,,OPEC Fund for International Dev.,Multilateral,constant,USD million,5.5754
2021,TKM,Turkmenistan,,World Bank-IBRD                         ,Multilateral,constant,USD million,10.758
2022,TKM,Turkmenistan,,World Bank-IBRD                         ,Multilateral,constant,USD million,2.9478
2015,UGA,Uganda,,African Dev. Bank         ,Multilateral,constant,USD million,0.1721
2016,UGA,Uganda,,African Dev. Bank         ,Multilateral,constant,USD million,1.2985
2017,UGA,Uganda,,African Dev. Bank         ,Multilateral,constant,USD million,8.4519
2018,UGA,Uganda,,African Dev. Bank         ,Multilateral,constant,USD million,36.6273
2019,UGA,Uganda,,African Dev. Bank         ,Multilateral,constant,USD million,70.6323
2020,UGA,Uganda,,African Dev. Bank         ,Multilateral,constant,USD million,56.4421
2021,UGA,Uganda,,African Dev. Bank         ,Multilateral,constant,USD million,42.6779
2022,UGA,Uganda,,African Dev. Bank         ,Multilateral,constant,USD million,69.9782
2023,UGA,Uganda,,African Dev. Bank         ,Multilateral,constant,USD million,194.9129
2024,UGA,Uganda,,African Dev. Bank         ,Multilateral,constant,USD million,172.7169
2025,UGA,Uganda,,African Dev. Bank         ,Multilateral,constant,USD million,113.3786
2021,UGA,Uganda,,African Export-Import Bank,Multilateral,constant,USD million,359.4303
2015,UGA,Uganda,,Arab Bank for Economic Dev. in Africa (BADEA),Multilateral,constant,USD million,4.27
2016,UGA,Uganda,,Arab Bank for Economic Dev. in Africa (BADEA),Multilateral,constant,USD million,2.6977
2017,UGA,Uganda,,Arab Bank for Economic Dev. in Africa (BADEA),Multilateral,constant,USD million,3.8935
2018,UGA,Uganda,,Arab Bank for Economic Dev. in Africa (BADEA),Multilateral,constant,USD million,1.547
2019,UGA,Uganda,,Arab Bank for Economic Dev. in Africa (BADEA),Multilateral,constant,USD million,1.0695
2023,UGA,Uganda,,Arab Bank for Economic Dev. in Africa (BADEA),Multilateral,constant,USD million,4.333
2024,UGA,Uganda,,Arab Bank for Economic Dev. in Africa (BADEA),Multilateral,constant,USD million,4.5565
2025,UGA,Uganda,,Arab Bank for Economic Dev. in Africa (BADEA),Multilateral,constant,USD million,2.8241
2017,UGA,Uganda,,Eastern & Southern African Trade & Dev. Bank (TDB),Multilateral,constant,USD million,204.0087
2020,UGA,Uganda,,Eastern & Southern African Trade & Dev. Bank (TDB),Multilateral,constant,USD million,654.0715
2022,UGA,Uganda,,Eastern & Southern African Trade & Dev. Bank (TDB),Multilateral,constant,USD million,10.3217
2023,UGA,Uganda,,Eastern & Southern African Trade & Dev. Bank (TDB),Multilateral,constant,USD million,80.9192
2024,UGA,Uganda,,Eastern & Southern African Trade & Dev. Bank (TDB),Multilateral,constant,USD million,46.2223
2025,UGA,Uganda,,Eastern & Southern African Trade & Dev. Bank (TDB),Multilateral,constant,USD million,21.1281
2015,UGA,Uganda,,European Investment Bank,Multilateral,constant,USD million,31.5122
2016,UGA,Uganda,,European Investment Bank,Multilateral,constant,USD million,9.4138
2017,UGA,Uganda,,European Investment Bank,Multilateral,constant,USD million,20.7072
2019,UGA,Uganda,,European Investment Bank,Multilateral,constant,USD million,37.968
2020,UGA,Uganda,,European Investment Bank,Multilateral,constant,USD million,20.6033
2021,UGA,Uganda,,European Investment Bank,Multilateral,constant,USD million,7.6113
2023,UGA,Uganda,,International Fund for Agricultural Dev.,Multilateral,constant,USD million,30.9191
2024,UGA,Uganda,,International Fund for Agricultural Dev.,Multilateral,constant,USD million,37.3461
2025,UGA,Uganda,,International Fund for Agricultural Dev.,Multilateral,constant,USD million,25.0959
2016,UGA,Uganda,,Islamic Dev. Bank,Multilateral,constant,USD million,0.1786
2017,UGA,Uganda,,Islamic Dev. Bank,Multilateral,constant,USD million,3.2771
2018,UGA,Uganda,,Islamic Dev. Bank,Multilateral,constant,USD million,37.3996
2019,UGA,Uganda,,Islamic Dev. Bank,Multilateral,constant,USD million,54.0753
2020,UGA,Uganda,,Islamic Dev. Bank,Multilateral,constant,USD million,53.8679
2021,UGA,Uganda,,Islamic Dev. Bank,Multilateral,constant,USD million,30.7539
2022,UGA,Uganda,,Islamic Dev. Bank,Multilateral,constant,USD million,4.2024
2023,UGA,Uganda,,Islamic Dev. Bank,Multilateral,constant,USD million,120.3823
2024,UGA,Uganda,,Islamic Dev. Bank,Multilateral,constant,USD million,78.5614
2025,UGA,Uganda,,Islamic Dev. Bank,Multilateral,constant,USD million,46.0822
2015,UGA,Uganda,,OPEC Fund for International Dev.,Multilateral,constant,USD million,8.546
2016,UGA,Uganda,,OPEC Fund for International Dev.,Multilateral,constant,USD million,5.9512
2017,UGA,Uganda,,OPEC Fund for International Dev.,Multilateral,constant,USD million,4.1261
2018,UGA,Uganda,,OPEC Fund for International Dev.,Multilateral,constant,USD million,5.9537
2019,UGA,Uganda,,OPEC Fund for International Dev.,Multilateral,constant,USD million,13.1881
2020,UGA,Uganda,,OPEC Fund for International Dev.,Multilateral,constant,USD million,4.1428
2021,UGA,Uganda,,OPEC Fund for International Dev.,Multilateral,constant,USD million,6.2906
2022,UGA,Uganda,,OPEC Fund for International Dev.,Multilateral,constant,USD million,0.5748
2023,UGA,Uganda,,OPEC Fund for International Dev.,Multilateral,constant,USD million,7.4108
2024,UGA,Uganda,,OPEC Fund for International Dev.,Multilateral,constant,USD million,6.6824
2025,UGA,Uganda,,OPEC Fund for International Dev.,Multilateral,constant,USD million,3.4271
2023,UGA,Uganda,,World Bank-IDA                         ,Multilateral,constant,USD million,259.7913
2024,UGA,Uganda,,World Bank-IDA                         ,Multilateral,constant,USD million,160.2926
2025,UGA,Uganda,,World Bank-IDA                         ,Multilateral,constant,USD million,141.1487
2015,UKR,Ukraine,,European Bank for Reconstruction and Dev. (EBRD),Multilateral,constant,USD million,77.115
2016,UKR,Ukraine,,European Bank for Reconstruction and Dev. (EBRD),Multilateral,constant,USD million,125.6866
2017,UKR,Ukraine,,European Bank for Reconstruction and Dev. (EBRD),Multilateral,constant,USD million,341.5911
2018,UKR,Ukraine,,European Bank for Reconstruction and Dev. (EBRD),Multilateral,constant,USD million,48.8321
2019,UKR,Ukraine,,European Bank for Reconstruction and Dev. (EBRD),Multilateral,constant,USD million,34.4862
2020,UKR,Ukraine,,European Bank for Reconstruction and Dev. (EBRD),Multilateral,constant,USD million,133.2109
2021,UKR,Ukraine,,European Bank for Reconstruction and Dev. (EBRD),Multilateral,constant,USD million,31.0817
2022,UKR,Ukraine,,European Bank for Reconstruction and Dev. (EBRD),Multilateral,constant,USD million,150.3304
2023,UKR,Ukraine,,European Bank for Reconstruction and Dev. (EBRD),Multilateral,constant,USD million,158.0658
2024,UKR,Ukraine,,European Bank for Reconstruction and Dev. (EBRD),Multilateral,constant,USD million,237.5985
2025,UKR,Ukraine,,European Bank for Reconstruction and Dev. (EBRD),Multilateral,constant,USD million,132.897
2015,UKR,Ukraine,,European Investment Bank,Multilateral,constant,USD million,29.9588
2016,UKR,Ukraine,,European Investment Bank,Multilateral,constant,USD million,61.8373
2017,UKR,Ukraine,,European Investment Bank,Multilateral,constant,USD million,335.6714
2018,UKR,Ukraine,,European Investment Bank,Multilateral,constant,USD million,50.9947
2019,UKR,Ukraine,,European Investment Bank,Multilateral,constant,USD million,107.5864
2020,UKR,Ukraine,,European Investment Bank,Multilateral,constant,USD million,51.4391
2021,UKR,Ukraine,,European Investment Bank,Multilateral,constant,USD million,96.4735
2022,UKR,Ukraine,,European Investment Bank,Multilateral,constant,USD million,1417.4477
2023,UKR,Ukraine,,European Investment Bank,Multilateral,constant,USD million,215.9418
2024,UKR,Ukraine,,European Investment Bank,Multilateral,constant,USD million,134.5006
2025,UKR,Ukraine,,European Investment Bank,Multilateral,constant,USD million,64.6664
2017,UKR,Ukraine,,European Union,Multilateral,constant,USD million,576.6774
2022,UKR,Ukraine,,European Union,Multilateral,constant,USD million,2601.159
2023,UKR,Ukraine,,European Union,Multilateral,constant,USD million,39.6911
2024,UKR,Ukraine,,European Union,Multilateral,constant,USD million,28.678
2025,UKR,Ukraine,,European Union,Multilateral,constant,USD million,20.3629
2015,UKR,Ukraine,,Multiple Lenders,Multilateral,constant,USD million,541.4879
2016,UKR,Ukraine,,Multiple Lenders,Multilateral,constant,USD million,302.4309
2017,UKR,Ukraine,,Multiple Lenders,Multilateral,constant,USD million,200.5628
2023,UKR,Ukraine,,Multiple Lenders,Multilateral,constant,USD million,11.0627
2024,UKR,Ukraine,,Multiple Lenders,Multilateral,constant,USD million,7.9075
2025,UKR,Ukraine,,Multiple Lenders,Multilateral,constant,USD million,4.9538
2015,UKR,Ukraine,,World Bank-IBRD                         ,Multilateral,constant,USD million,1133.637
2016,UKR,Ukraine,,World Bank-IBRD                         ,Multilateral,constant,USD million,177.6616
2017,UKR,Ukraine,,World Bank-IBRD                         ,Multilateral,constant,USD million,106.1689
2018,UKR,Ukraine,,World Bank-IBRD                         ,Multilateral,constant,USD million,199.4415
2019,UKR,Ukraine,,World Bank-IBRD                         ,Multilateral,constant,USD million,191.762
2020,UKR,Ukraine,,World Bank-IBRD                         ,Multilateral,constant,USD million,425.2474
2021,UKR,Ukraine,,World Bank-IBRD                         ,Multilateral,constant,USD million,647.9214
2022,UKR,Ukraine,,World Bank-IBRD                         ,Multilateral,constant,USD million,965.4161
2023,UKR,Ukraine,,World Bank-IBRD                         ,Multilateral,constant,USD million,171.4536
2024,UKR,Ukraine,,World Bank-IBRD                         ,Multilateral,constant,USD million,126.8374
2025,UKR,Ukraine,,World Bank-IBRD                         ,Multilateral,constant,USD million,91.1341
2022,UKR,Ukraine,,World Bank-IDA                         ,Multilateral,constant,USD million,255.4457
2023,UKR,Ukraine,,World Bank-IDA                         ,Multilateral,constant,USD million,74.3592
2024,UKR,Ukraine,,World Bank-IDA                         ,Multilateral,constant,USD million,51.7837
2025,UKR,Ukraine,,World Bank-IDA                         ,Multilateral,constant,USD million,30.0806
2015,UZB,Uzbekistan,,Asian Dev. Bank   ,Multilateral,constant,USD million,404.576
2016,UZB,Uzbekistan,,Asian Dev. Bank   ,Multilateral,constant,USD million,194.0878
2017,UZB,Uzbekistan,,Asian Dev. Bank   ,Multilateral,constant,USD million,606.5974
2018,UZB,Uzbekistan,,Asian Dev. Bank   ,Multilateral,constant,USD million,1106.7251
2019,UZB,Uzbekistan,,Asian Dev. Bank   ,Multilateral,constant,USD million,1458.6424
2020,UZB,Uzbekistan,,Asian Dev. Bank   ,Multilateral,constant,USD million,2022.9658
2021,UZB,Uzbekistan,,Asian Dev. Bank   ,Multilateral,constant,USD million,697.2371
2022,UZB,Uzbekistan,,Asian Dev. Bank   ,Multilateral,constant,USD million,1525.2314
2023,UZB,Uzbekistan,,Asian Dev. Bank   ,Multilateral,constant,USD million,916.9739
2024,UZB,Uzbekistan,,Asian Dev. Bank   ,Multilateral,constant,USD million,845.4576
2025,UZB,Uzbekistan,,Asian Dev. Bank   ,Multilateral,constant,USD million,570.3704
2021,UZB,Uzbekistan,,Asian Infrastructure Investment Bank,Multilateral,constant,USD million,2.7268
2022,UZB,Uzbekistan,,Asian Infrastructure Investment Bank,Multilateral,constant,USD million,758.1662
2023,UZB,Uzbekistan,,Asian Infrastructure Investment Bank,Multilateral,constant,USD million,296.4238
2024,UZB,Uzbekistan,,Asian Infrastructure Investment Bank,Multilateral,constant,USD million,380.4032
2025,UZB,Uzbekistan,,Asian Infrastructure Investment Bank,Multilateral,constant,USD million,228.1811
2015,UZB,Uzbekistan,,European Bank for Reconstruction and Dev. (EBRD),Multilateral,constant,USD million,0.039
2019,UZB,Uzbekistan,,European Bank for Reconstruction and Dev. (EBRD),Multilateral,constant,USD million,2.2214
2020,UZB,Uzbekistan,,European Bank for Reconstruction and Dev. (EBRD),Multilateral,constant,USD million,1.5702
2021,UZB,Uzbekistan,,European Bank for Reconstruction and Dev. (EBRD),Multilateral,constant,USD million,3.1025
2022,UZB,Uzbekistan,,European Bank for Reconstruction and Dev. (EBRD),Multilateral,constant,USD million,34.0834
2023,UZB,Uzbekistan,,European Bank for Reconstruction and Dev. (EBRD),Multilateral,constant,USD million,288.3394
2024,UZB,Uzbekistan,,European Bank for Reconstruction and Dev. (EBRD),Multilateral,constant,USD million,295.4841
2025,UZB,Uzbekistan,,European Bank for Reconstruction and Dev. (EBRD),Multilateral,constant,USD million,159.3404
2022,UZB,Uzbekistan,,European Investment Bank,Multilateral,constant,USD million,111.396
2023,UZB,Uzbekistan,,European Investment Bank,Multilateral,constant,USD million,13.6939
2024,UZB,Uzbekistan,,European Investment Bank,Multilateral,constant,USD million,7.1134
2025,UZB,Uzbekistan,,European Investment Bank,Multilateral,constant,USD million,3.3244
2017,UZB,Uzbekistan,,International Fund for Agricultural Dev.,Multilateral,constant,USD million,5.2281
2018,UZB,Uzbekistan,,International Fund for Agricultural Dev.,Multilateral,constant,USD million,9.2444
2019,UZB,Uzbekistan,,International Fund for Agricultural Dev.,Multilateral,constant,USD million,8.228
2020,UZB,Uzbekistan,,International Fund for Agricultural Dev.,Multilateral,constant,USD million,3.6016
2021,UZB,Uzbekistan,,International Fund for Agricultural Dev.,Multilateral,constant,USD million,1.8084
2022,UZB,Uzbekistan,,International Fund for Agricultural Dev.,Multilateral,constant,USD million,2.8362
2023,UZB,Uzbekistan,,International Fund for Agricultural Dev.,Multilateral,constant,USD million,24.4216
2024,UZB,Uzbekistan,,International Fund for Agricultural Dev.,Multilateral,constant,USD million,17.3049
2025,UZB,Uzbekistan,,International Fund for Agricultural Dev.,Multilateral,constant,USD million,9.377
2015,UZB,Uzbekistan,,Islamic Dev. Bank,Multilateral,constant,USD million,74.642
2016,UZB,Uzbekistan,,Islamic Dev. Bank,Multilateral,constant,USD million,46.4768
2017,UZB,Uzbekistan,,Islamic Dev. Bank,Multilateral,constant,USD million,55.5181
2018,UZB,Uzbekistan,,Islamic Dev. Bank,Multilateral,constant,USD million,64.5772
2019,UZB,Uzbekistan,,Islamic Dev. Bank,Multilateral,constant,USD million,61.8483
2020,UZB,Uzbekistan,,Islamic Dev. Bank,Multilateral,constant,USD million,172.4896
2021,UZB,Uzbekistan,,Islamic Dev. Bank,Multilateral,constant,USD million,86.742
2022,UZB,Uzbekistan,,Islamic Dev. Bank,Multilateral,constant,USD million,67.8595
2023,UZB,Uzbekistan,,Islamic Dev. Bank,Multilateral,constant,USD million,119.8939
2024,UZB,Uzbekistan,,Islamic Dev. Bank,Multilateral,constant,USD million,148.5732
2025,UZB,Uzbekistan,,Islamic Dev. Bank,Multilateral,constant,USD million,94.9656
2015,UZB,Uzbekistan,,OPEC Fund for International Dev.,Multilateral,constant,USD million,0.128
2016,UZB,Uzbekistan,,OPEC Fund for International Dev.,Multilateral,constant,USD million,0.3422
2020,UZB,Uzbekistan,,OPEC Fund for International Dev.,Multilateral,constant,USD million,0.2301
2021,UZB,Uzbekistan,,OPEC Fund for International Dev.,Multilateral,constant,USD million,0.5787
2022,UZB,Uzbekistan,,OPEC Fund for International Dev.,Multilateral,constant,USD million,0.4051
2023,UZB,Uzbekistan,,OPEC Fund for International Dev.,Multilateral,constant,USD million,36.9911
2024,UZB,Uzbekistan,,OPEC Fund for International Dev.,Multilateral,constant,USD million,64.2894
2025,UZB,Uzbekistan,,OPEC Fund for International Dev.,Multilateral,constant,USD million,35.5182
2015,UZB,Uzbekistan,,World Bank-IBRD                         ,Multilateral,constant,USD million,39.93
2016,UZB,Uzbekistan,,World Bank-IBRD                         ,Multilateral,constant,USD million,119.0958
2017,UZB,Uzbekistan,,World Bank-IBRD                         ,Multilateral,constant,USD million,72.5147
2018,UZB,Uzbekistan,,World Bank-IBRD                         ,Multilateral,constant,USD million,638.2099
2019,UZB,Uzbekistan,,World Bank-IBRD                         ,Multilateral,constant,USD million,1085.1551
2020,UZB,Uzbekistan,,World Bank-IBRD                         ,Multilateral,constant,USD million,909.2573
2021,UZB,Uzbekistan,,World Bank-IBRD                         ,Multilateral,constant,USD million,370.6108
2022,UZB,Uzbekistan,,World Bank-IBRD                         ,Multilateral,constant,USD million,700.2324
2023,UZB,Uzbekistan,,World Bank-IBRD                         ,Multilateral,constant,USD million,178.5831
2024,UZB,Uzbekistan,,World Bank-IBRD                         ,Multilateral,constant,USD million,151.2721
2025,UZB,Uzbekistan,,World Bank-IBRD                         ,Multilateral,constant,USD million,122.0472
2015,UZB,Uzbekistan,,World Bank-IDA                         ,Multilateral,constant,USD million,55.274
2016,UZB,Uzbekistan,,World Bank-IDA                         ,Multilateral,constant,USD million,54.6594
2017,UZB,Uzbekistan,,World Bank-IDA                         ,Multilateral,constant,USD million,75.8824
2018,UZB,Uzbekistan,,World Bank-IDA                         ,Multilateral,constant,USD million,1106.3401
2019,UZB,Uzbekistan,,World Bank-IDA                         ,Multilateral,constant,USD million,250.5714
2020,UZB,Uzbekistan,,World Bank-IDA                         ,Multilateral,constant,USD million,625.7203
2021,UZB,Uzbekistan,,World Bank-IDA                         ,Multilateral,constant,USD million,649.4593
2022,UZB,Uzbekistan,,World Bank-IDA                         ,Multilateral,constant,USD million,783.7087
2023,UZB,Uzbekistan,,World Bank-IDA                         ,Multilateral,constant,USD million,524.0986
2024,UZB,Uzbekistan,,World Bank-IDA                         ,Multilateral,constant,USD million,477.1251
2025,UZB,Uzbekistan,,World Bank-IDA                         ,Multilateral,constant,USD million,399.2971
2023,VUT,Vanuatu,,Asian Dev. Bank   ,Multilateral,constant,USD million,2.4809
2024,VUT,Vanuatu,,Asian Dev. Bank   ,Multilateral,constant,USD million,1.6898
2025,VUT,Vanuatu,,Asian Dev. Bank   ,Multilateral,constant,USD million,0.9058
2023,VUT,Vanuatu,,World Bank-IDA                         ,Multilateral,constant,USD million,8.1477
2024,VUT,Vanuatu,,World Bank-IDA                         ,Multilateral,constant,USD million,8.9186
2025,VUT,Vanuatu,,World Bank-IDA                         ,Multilateral,constant,USD million,8.84
2015,VNM,Viet Nam,,Asian Dev. Bank   ,Multilateral,constant,USD million,559.116
2016,VNM,Viet Nam,,Asian Dev. Bank   ,Multilateral,constant,USD million,568.1608
2017,VNM,Viet Nam,,Asian Dev. Bank   ,Multilateral,constant,USD million,336.6838
2018,VNM,Viet Nam,,Asian Dev. Bank   ,Multilateral,constant,USD million,429.3625
2019,VNM,Viet Nam,,Asian Dev. Bank   ,Multilateral,constant,USD million,320.2132
2020,VNM,Viet Nam,,Asian Dev. Bank   ,Multilateral,constant,USD million,319.4257
2021,VNM,Viet Nam,,Asian Dev. Bank   ,Multilateral,constant,USD million,233.2926
2022,VNM,Viet Nam,,Asian Dev. Bank   ,Multilateral,constant,USD million,245.6277
2023,VNM,Viet Nam,,Asian Dev. Bank   ,Multilateral,constant,USD million,679.7287
2024,VNM,Viet Nam,,Asian Dev. Bank   ,Multilateral,constant,USD million,497.4568
2025,VNM,Viet Nam,,Asian Dev. Bank   ,Multilateral,constant,USD million,318.4642
2015,VNM,Viet Nam,,European Investment Bank,Multilateral,constant,USD million,32.1047
2016,VNM,Viet Nam,,European Investment Bank,Multilateral,constant,USD million,6.0987
2017,VNM,Viet Nam,,European Investment Bank,Multilateral,constant,USD million,19.2779
2018,VNM,Viet Nam,,European Investment Bank,Multilateral,constant,USD million,15.7701
2020,VNM,Viet Nam,,European Investment Bank,Multilateral,constant,USD million,13.7393
2023,VNM,Viet Nam,,European Investment Bank,Multilateral,constant,USD million,27.4815
2024,VNM,Viet Nam,,European Investment Bank,Multilateral,constant,USD million,17.1708
2025,VNM,Viet Nam,,European Investment Bank,Multilateral,constant,USD million,9.627
2018,VNM,Viet Nam,,International Fund for Agricultural Dev.,Multilateral,constant,USD million,0.7295
2019,VNM,Viet Nam,,International Fund for Agricultural Dev.,Multilateral,constant,USD million,0.1973
2020,VNM,Viet Nam,,International Fund for Agricultural Dev.,Multilateral,constant,USD million,6.6543
2021,VNM,Viet Nam,,International Fund for Agricultural Dev.,Multilateral,constant,USD million,10.507
2022,VNM,Viet Nam,,International Fund for Agricultural Dev.,Multilateral,constant,USD million,5.5113
2023,VNM,Viet Nam,,International Fund for Agricultural Dev.,Multilateral,constant,USD million,9.0294
2024,VNM,Viet Nam,,International Fund for Agricultural Dev.,Multilateral,constant,USD million,3.7433
2025,VNM,Viet Nam,,International Fund for Agricultural Dev.,Multilateral,constant,USD million,2.6857
2023,VNM,Viet Nam,,Nordic Development Fund,Multilateral,constant,USD million,1.068
2024,VNM,Viet Nam,,Nordic Development Fund,Multilateral,constant,USD million,0.6991
2025,VNM,Viet Nam,,Nordic Development Fund,Multilateral,constant,USD million,0.343
2023,VNM,Viet Nam,,Nordic Investment Bank,Multilateral,constant,USD million,0.7491
2024,VNM,Viet Nam,,Nordic Investment Bank,Multilateral,constant,USD million,0.6435
2015,VNM,Viet Nam,,OPEC Fund for International Dev.,Multilateral,constant,USD million,8.176
2016,VNM,Viet Nam,,OPEC Fund for International Dev.,Multilateral,constant,USD million,4.4116
2017,VNM,Viet Nam,,OPEC Fund for International Dev.,Multilateral,constant,USD million,0.5451
2018,VNM,Viet Nam,,OPEC Fund for International Dev.,Multilateral,constant,USD million,6.8601
2019,VNM,Viet Nam,,OPEC Fund for International Dev.,Multilateral,constant,USD million,0.635
2020,VNM,Viet Nam,,OPEC Fund for International Dev.,Multilateral,constant,USD million,4.7266
2021,VNM,Viet Nam,,OPEC Fund for International Dev.,Multilateral,constant,USD million,5.0185
2022,VNM,Viet Nam,,OPEC Fund for International Dev.,Multilateral,constant,USD million,3.9104
2023,VNM,Viet Nam,,OPEC Fund for International Dev.,Multilateral,constant,USD million,11.131
2024,VNM,Viet Nam,,OPEC Fund for International Dev.,Multilateral,constant,USD million,6.4065
2025,VNM,Viet Nam,,OPEC Fund for International Dev.,Multilateral,constant,USD million,3.878
2015,VNM,Viet Nam,,World Bank-IBRD                         ,Multilateral,constant,USD million,259.36
2016,VNM,Viet Nam,,World Bank-IBRD                         ,Multilateral,constant,USD million,210.9188
2017,VNM,Viet Nam,,World Bank-IBRD                         ,Multilateral,constant,USD million,304.6188
2018,VNM,Viet Nam,,World Bank-IBRD                         ,Multilateral,constant,USD million,105.5274
2019,VNM,Viet Nam,,World Bank-IBRD                         ,Multilateral,constant,USD million,128.4498
2020,VNM,Viet Nam,,World Bank-IBRD                         ,Multilateral,constant,USD million,94.9652
2021,VNM,Viet Nam,,World Bank-IBRD                         ,Multilateral,constant,USD million,39.946
2022,VNM,Viet Nam,,World Bank-IBRD                         ,Multilateral,constant,USD million,79.9595
2023,VNM,Viet Nam,,World Bank-IBRD                         ,Multilateral,constant,USD million,81.7385
2024,VNM,Viet Nam,,World Bank-IBRD                         ,Multilateral,constant,USD million,76.104
2025,VNM,Viet Nam,,World Bank-IBRD                         ,Multilateral,constant,USD million,68.4936
2015,VNM,Viet Nam,,World Bank-IDA                         ,Multilateral,constant,USD million,509.1
2016,VNM,Viet Nam,,World Bank-IDA                         ,Multilateral,constant,USD million,503.5603
2017,VNM,Viet Nam,,World Bank-IDA                         ,Multilateral,constant,USD million,606.3806
2018,VNM,Viet Nam,,World Bank-IDA                         ,Multilateral,constant,USD million,578.3812
2019,VNM,Viet Nam,,World Bank-IDA                         ,Multilateral,constant,USD million,512.855
2020,VNM,Viet Nam,,World Bank-IDA                         ,Multilateral,constant,USD million,675.022
2021,VNM,Viet Nam,,World Bank-IDA                         ,Multilateral,constant,USD million,648.8713
2022,VNM,Viet Nam,,World Bank-IDA                         ,Multilateral,constant,USD million,625.718
2023,VNM,Viet Nam,,World Bank-IDA                         ,Multilateral,constant,USD million,396.0184
2024,VNM,Viet Nam,,World Bank-IDA                         ,Multilateral,constant,USD million,311.094
2025,VNM,Viet Nam,,World Bank-IDA                         ,Multilateral,constant,USD million,260.2302
2015,YEM,"Yemen, Rep.",,Arab Fund for Economic & Social Development,Multilateral,constant,USD million,41.5523
2016,YEM,"Yemen, Rep.",,Arab Fund for Economic & Social Development,Multilateral,constant,USD million,16.988
2018,YEM,"Yemen, Rep.",,Arab Fund for Economic & Social Development,Multilateral,constant,USD million,19.9509
2019,YEM,"Yemen, Rep.",,Arab Fund for Economic & Social Development,Multilateral,constant,USD million,102.6027
2020,YEM,"Yemen, Rep.",,Arab Fund for Economic & Social Development,Multilateral,constant,USD million,51.7221
2021,YEM,"Yemen, Rep.",,Arab Fund for Economic & Social Development,Multilateral,constant,USD million,18.8057
2022,YEM,"Yemen, Rep.",,Arab Fund for Economic & Social Development,Multilateral,constant,USD million,10.3293
2023,YEM,"Yemen, Rep.",,Arab Fund for Economic & Social Development,Multilateral,constant,USD million,638.299
2024,YEM,"Yemen, Rep.",,Arab Fund for Economic & Social Development,Multilateral,constant,USD million,428.4764
2025,YEM,"Yemen, Rep.",,Arab Fund for Economic & Social Development,Multilateral,constant,USD million,268.3321
2015,YEM,"Yemen, Rep.",,Arab Monetary Fund,Multilateral,constant,USD million,4.9697
2016,YEM,"Yemen, Rep.",,Arab Monetary Fund,Multilateral,constant,USD million,1.6098
2018,YEM,"Yemen, Rep.",,Arab Monetary Fund,Multilateral,constant,USD million,2.2274
2019,YEM,"Yemen, Rep.",,Arab Monetary Fund,Multilateral,constant,USD million,7.0935
2020,YEM,"Yemen, Rep.",,Arab Monetary Fund,Multilateral,constant,USD million,10.5771
2021,YEM,"Yemen, Rep.",,Arab Monetary Fund,Multilateral,constant,USD million,3.9407
2022,YEM,"Yemen, Rep.",,Arab Monetary Fund,Multilateral,constant,USD million,2.8409
2023,YEM,"Yemen, Rep.",,International Fund for Agricultural Dev.,Multilateral,constant,USD million,0.9844
2024,YEM,"Yemen, Rep.",,International Fund for Agricultural Dev.,Multilateral,constant,USD million,0.7546
2015,YEM,"Yemen, Rep.",,Islamic Dev. Bank,Multilateral,constant,USD million,5.395
2016,YEM,"Yemen, Rep.",,Islamic Dev. Bank,Multilateral,constant,USD million,2.6443
2017,YEM,"Yemen, Rep.",,Islamic Dev. Bank,Multilateral,constant,USD million,4.3796
2018,YEM,"Yemen, Rep.",,Islamic Dev. Bank,Multilateral,constant,USD million,10.9246
2019,YEM,"Yemen, Rep.",,Islamic Dev. Bank,Multilateral,constant,USD million,2.7581
2020,YEM,"Yemen, Rep.",,Islamic Dev. Bank,Multilateral,constant,USD million,1.6205
2021,YEM,"Yemen, Rep.",,Islamic Dev. Bank,Multilateral,constant,USD million,0.8433
2022,YEM,"Yemen, Rep.",,Islamic Dev. Bank,Multilateral,constant,USD million,0.2651
2023,YEM,"Yemen, Rep.",,Islamic Dev. Bank,Multilateral,constant,USD million,54.9379
2024,YEM,"Yemen, Rep.",,Islamic Dev. Bank,Multilateral,constant,USD million,53.6859
2025,YEM,"Yemen, Rep.",,Islamic Dev. Bank,Multilateral,constant,USD million,35.7307
2023,YEM,"Yemen, Rep.",,OPEC Fund for International Dev.,Multilateral,constant,USD million,3.9593
2024,YEM,"Yemen, Rep.",,OPEC Fund for International Dev.,Multilateral,constant,USD million,11.5881
2025,YEM,"Yemen, Rep.",,OPEC Fund for International Dev.,Multilateral,constant,USD million,8.8067
2023,YEM,"Yemen, Rep.",,World Bank-IDA                         ,Multilateral,constant,USD million,14.5939
2024,YEM,"Yemen, Rep.",,World Bank-IDA                         ,Multilateral,constant,USD million,13.865
2025,YEM,"Yemen, Rep.",,World Bank-IDA                         ,Multilateral,constant,USD million,10.3862
2015,ZMB,Zambia,,African Dev. Bank         ,Multilateral,constant,USD million,0.4015
2016,ZMB,Zambia,,African Dev. Bank         ,Multilateral,constant,USD million,4.4834
2017,ZMB,Zambia,,African Dev. Bank         ,Multilateral,constant,USD million,10.3948
2018,ZMB,Zambia,,African Dev. Bank         ,Multilateral,constant,USD million,49.1362
2019,ZMB,Zambia,,African Dev. Bank         ,Multilateral,constant,USD million,63.8692
2020,ZMB,Zambia,,African Dev. Bank         ,Multilateral,constant,USD million,118.7929
2021,ZMB,Zambia,,African Dev. Bank         ,Multilateral,constant,USD million,76.1986
2022,ZMB,Zambia,,African Dev. Bank         ,Multilateral,constant,USD million,68.0364
2023,ZMB,Zambia,,African Dev. Bank         ,Multilateral,constant,USD million,114.2906
2024,ZMB,Zambia,,African Dev. Bank         ,Multilateral,constant,USD million,71.2654
2025,ZMB,Zambia,,African Dev. Bank         ,Multilateral,constant,USD million,32.6648
2023,ZMB,Zambia,,Arab Bank for Economic Dev. in Africa (BADEA),Multilateral,constant,USD million,4.4621
2024,ZMB,Zambia,,Arab Bank for Economic Dev. in Africa (BADEA),Multilateral,constant,USD million,4.5763
2025,ZMB,Zambia,,Arab Bank for Economic Dev. in Africa (BADEA),Multilateral,constant,USD million,1.5461
2019,ZMB,Zambia,,Eastern & Southern African Trade & Dev. Bank (TDB),Multilateral,constant,USD million,60.6926
2020,ZMB,Zambia,,Eastern & Southern African Trade & Dev. Bank (TDB),Multilateral,constant,USD million,618.022
2015,ZMB,Zambia,,European Investment Bank,Multilateral,constant,USD million,27.3013
2016,ZMB,Zambia,,European Investment Bank,Multilateral,constant,USD million,46.57
2017,ZMB,Zambia,,European Investment Bank,Multilateral,constant,USD million,17.906
2018,ZMB,Zambia,,European Investment Bank,Multilateral,constant,USD million,28.8393
2019,ZMB,Zambia,,European Investment Bank,Multilateral,constant,USD million,49.6074
2020,ZMB,Zambia,,European Investment Bank,Multilateral,constant,USD million,28.2479
2021,ZMB,Zambia,,European Investment Bank,Multilateral,constant,USD million,6.0349
2022,ZMB,Zambia,,European Investment Bank,Multilateral,constant,USD million,25.649
2023,ZMB,Zambia,,European Investment Bank,Multilateral,constant,USD million,55.3111
2024,ZMB,Zambia,,European Investment Bank,Multilateral,constant,USD million,113.2688
2025,ZMB,Zambia,,European Investment Bank,Multilateral,constant,USD million,61.5124
2019,ZMB,Zambia,,International Fund for Agricultural Dev.,Multilateral,constant,USD million,1.3649
2020,ZMB,Zambia,,International Fund for Agricultural Dev.,Multilateral,constant,USD million,3.3263
2021,ZMB,Zambia,,International Fund for Agricultural Dev.,Multilateral,constant,USD million,3.0493
2023,ZMB,Zambia,,International Fund for Agricultural Dev.,Multilateral,constant,USD million,1.0052
2024,ZMB,Zambia,,International Fund for Agricultural Dev.,Multilateral,constant,USD million,0.7048
2025,ZMB,Zambia,,International Fund for Agricultural Dev.,Multilateral,constant,USD million,0.2099
2017,ZMB,Zambia,,Multiple Lenders,Multilateral,constant,USD million,8.8197
2018,ZMB,Zambia,,Multiple Lenders,Multilateral,constant,USD million,4.3986
2019,ZMB,Zambia,,Multiple Lenders,Multilateral,constant,USD million,9.0405
2020,ZMB,Zambia,,Multiple Lenders,Multilateral,constant,USD million,6.4539
2021,ZMB,Zambia,,Multiple Lenders,Multilateral,constant,USD million,7.3223
2022,ZMB,Zambia,,Multiple Lenders,Multilateral,constant,USD million,8.0487
2023,ZMB,Zambia,,Multiple Lenders,Multilateral,constant,USD million,11.9088
2024,ZMB,Zambia,,Multiple Lenders,Multilateral,constant,USD million,5.1378
2025,ZMB,Zambia,,Multiple Lenders,Multilateral,constant,USD million,3.9548
2015,ZMB,Zambia,,OPEC Fund for International Dev.,Multilateral,constant,USD million,2.903
2016,ZMB,Zambia,,OPEC Fund for International Dev.,Multilateral,constant,USD million,2.3409
2017,ZMB,Zambia,,OPEC Fund for International Dev.,Multilateral,constant,USD million,0.9737
2018,ZMB,Zambia,,OPEC Fund for International Dev.,Multilateral,constant,USD million,0.305
2019,ZMB,Zambia,,OPEC Fund for International Dev.,Multilateral,constant,USD million,3.1854
2020,ZMB,Zambia,,OPEC Fund for International Dev.,Multilateral,constant,USD million,2.9146
2021,ZMB,Zambia,,OPEC Fund for International Dev.,Multilateral,constant,USD million,1.8382
2022,ZMB,Zambia,,OPEC Fund for International Dev.,Multilateral,constant,USD million,1.1776
2023,ZMB,Zambia,,OPEC Fund for International Dev.,Multilateral,constant,USD million,6.4606
2024,ZMB,Zambia,,OPEC Fund for International Dev.,Multilateral,constant,USD million,9.5266
2025,ZMB,Zambia,,OPEC Fund for International Dev.,Multilateral,constant,USD million,5.5189
2017,ZMB,Zambia,,World Bank-IDA                         ,Multilateral,constant,USD million,7.2974
2018,ZMB,Zambia,,World Bank-IDA                         ,Multilateral,constant,USD million,46.3177
2019,ZMB,Zambia,,World Bank-IDA                         ,Multilateral,constant,USD million,42.3418
2020,ZMB,Zambia,,World Bank-IDA                         ,Multilateral,constant,USD million,116.0169
2021,ZMB,Zambia,,World Bank-IDA                         ,Multilateral,constant,USD million,134.1294
2022,ZMB,Zambia,,World Bank-IDA                         ,Multilateral,constant,USD million,674.7677
2023,ZMB,Zambia,,World Bank-IDA                         ,Multilateral,constant,USD million,276.8722
2024,ZMB,Zambia,,World Bank-IDA                         ,Multilateral,constant,USD million,272.2179
2025,ZMB,Zambia,,World Bank-IDA                         ,Multilateral,constant,USD million,208.0966
2015,ZWE,Zimbabwe,,African Export-Import Bank,Multilateral,constant,USD million,200.0
2018,ZWE,Zimbabwe,,Arab Bank for Economic Dev. in Africa (BADEA),Multilateral,constant,USD million,0.1434
2023,ZWE,Zimbabwe,,Arab Bank for Economic Dev. in Africa (BADEA),Multilateral,constant,USD million,0.8799
2024,ZWE,Zimbabwe,,Arab Bank for Economic Dev. in Africa (BADEA),Multilateral,constant,USD million,0.6233
2025,ZWE,Zimbabwe,,Arab Bank for Economic Dev. in Africa (BADEA),Multilateral,constant,USD million,0.4537
2015,ZWE,Zimbabwe,,European Investment Bank,Multilateral,constant,USD million,0.3606
2016,ZWE,Zimbabwe,,European Investment Bank,Multilateral,constant,USD million,0.3115
2016,ZWE,Zimbabwe,,International Fund for Agricultural Dev.,Multilateral,constant,USD million,14.831
2023,ZWE,Zimbabwe,,International Fund for Agricultural Dev.,Multilateral,constant,USD million,6.5194
2024,ZWE,Zimbabwe,,International Fund for Agricultural Dev.,Multilateral,constant,USD million,4.8894
2025,ZWE,Zimbabwe,,International Fund for Agricultural Dev.,Multilateral,constant,USD million,3.6019
2017,ZWE,Zimbabwe,,OPEC Fund for International Dev.,Multilateral,constant,USD million,0.271
2018,ZWE,Zimbabwe,,OPEC Fund for International Dev.,Multilateral,constant,USD million,5.4485
2019,ZWE,Zimbabwe,,OPEC Fund for International Dev.,Multilateral,constant,USD million,5.799
2020,ZWE,Zimbabwe,,OPEC Fund for International Dev.,Multilateral,constant,USD million,3.6218
2021,ZWE,Zimbabwe,,OPEC Fund for International Dev.,Multilateral,constant,USD million,2.8715
2022,ZWE,Zimbabwe,,OPEC Fund for International Dev.,Multilateral,constant,USD million,0.7317
2023,ZWE,Zimbabwe,,OPEC Fund for International Dev.,Multilateral,constant,USD million,1.8761
2024,ZWE,Zimbabwe,,OPEC Fund for International Dev.,Multilateral,constant,USD million,1.2836
2025,ZWE,Zimbabwe,,OPEC Fund for International Dev.,Multilateral,constant,USD million,0.8147
2023,ZWE,Zimbabwe,,World Bank-IBRD                         ,Multilateral,constant,USD million,0.0
2024,ZWE,Zimbabwe,,World Bank-IBRD                         ,Multilateral,constant,USD million,0.0002
2025,ZWE,Zimbabwe,,World Bank-IBRD                         ,Multilateral,constant,USD million,0.0001
2023,ZWE,Zimbabwe,,World Bank-IDA                         ,Multilateral,constant,USD million,0.0003
2024,ZWE,Zimbabwe,,World Bank-IDA                         ,Multilateral,constant,USD million,0.0002
2025,ZWE,Zimbabwe,,World Bank-IDA                         ,Multilateral,constant,USD million,0.0001
