year,value
2017,196333.61547739507
2018,192287.04791429837
2019,192301.36
2020,218348.27063977136
2021,216605.67384867533
2022,265612.66608408827
